transaction_id,timestamp,merchant_id,customer_id,amount,risk_score,decision,reason_codes,review_state,actual_label,amount_zscore_past,is_new_device,ip_txn_count_10min_past,customer_txn_count_10min_past,customer_failed_attempts_1h_past,country_mismatch
TXN_f6bb83203c,2026-08-26 07:58:39.107746,M_0003,C_00112,50.0,0.0402,ALLOW,No significant risk indicators — consistent with observed behaviour,NO_ACTION,0,-1.7113399042300137,0,0,0,0,0
TXN_90081d13c5,2026-08-26 08:05:03.378762,M_0008,C_00626,3249.73,0.088,ALLOW,No significant risk indicators — consistent with observed behaviour,NO_ACTION,0,-0.07143490734007263,0,0,0,0,0
TXN_7e2cebe9fe,2026-08-26 08:07:03.591376,M_0011,C_00136,3838.58,0.0064,ALLOW,No significant risk indicators — consistent with observed behaviour,NO_ACTION,0,-0.556776646009566,0,0,0,0,0
TXN_a9413c5dd5,2026-08-26 08:07:36.821145,M_0004,C_00457,1014.69,0.1202,ALLOW,No significant risk indicators — consistent with observed behaviour,NO_ACTION,0,-0.43353134590270864,0,0,0,0,0
TXN_caad6ea25e,2026-08-26 08:10:49.746875,M_0001,C_00269,6843.33,0.0977,ALLOW,No significant risk indicators — consistent with observed behaviour,NO_ACTION,0,0.7202552920178302,0,0,0,0,0
TXN_2a8e7e2807,2026-08-26 08:11:44.932853,M_0008,C_00737,7432.85,0.7837,VERIFY,Elevated amount vs merchant history | Previously unseen device,STEP_UP_REQUIRED,1,2.2394644169182025,1,0,0,0,0
TXN_9ba75b5a44,2026-08-26 08:25:03.814781,M_0011,C_00038,5902.81,0.0209,ALLOW,No significant risk indicators — consistent with observed behaviour,NO_ACTION,0,0.31447735011955286,0,0,0,0,0
TXN_9f955f74ba,2026-08-26 08:28:24.251502,M_0006,C_00700,873.25,0.0379,ALLOW,No significant risk indicators — consistent with observed behaviour,NO_ACTION,0,0.15711763495448375,0,0,0,0,0
TXN_aa1d3db0c3,2026-08-26 08:30:02.643542,M_0014,C_00010,1210.89,0.0658,ALLOW,No significant risk indicators — consistent with observed behaviour,NO_ACTION,0,-0.3400045611330009,0,0,0,0,0
TXN_0c3594d126,2026-08-26 08:34:49.369214,M_0009,C_00521,1075.87,0.0229,ALLOW,No significant risk indicators — consistent with observed behaviour,NO_ACTION,0,-1.2744198575476329,0,0,0,0,0
TXN_2869a5276e,2026-08-26 08:37:31.153067,M_0014,C_00484,1088.02,0.0422,ALLOW,No significant risk indicators — consistent with observed behaviour,NO_ACTION,0,-0.5673144734889476,0,0,0,0,0
TXN_988a7da997,2026-08-26 08:40:47.170713,M_0010,C_00325,953.09,0.0609,ALLOW,No significant risk indicators — consistent with observed behaviour,NO_ACTION,0,0.673772625063584,0,0,0,0,0
TXN_e60dce7b5b,2026-08-26 08:50:07.860423,M_0012,C_00757,2600.58,0.0712,ALLOW,No significant risk indicators — consistent with observed behaviour,NO_ACTION,0,-0.6590617134878013,0,0,0,0,0
TXN_020cfca4a5,2026-08-26 08:54:39.092815,M_0009,C_00692,4233.9,0.0421,ALLOW,No significant risk indicators — consistent with observed behaviour,NO_ACTION,0,0.13028771802495515,0,0,0,0,0
TXN_670e927351,2026-08-26 08:59:06.248523,M_0007,C_00052,6633.03,0.2277,VERIFY,Transaction country differs from customer profile,STEP_UP_REQUIRED,0,0.9045747634197375,0,0,0,0,1
TXN_071a5e476c,2026-08-26 09:07:12.179563,M_0009,C_00446,7833.17,0.6215,VERIFY,Elevated amount vs merchant history,STEP_UP_REQUIRED,0,1.7298151716590657,0,0,0,0,0
TXN_281fb6ac1b,2026-08-26 09:09:17.752276,M_0003,C_00282,2106.77,0.0927,ALLOW,No significant risk indicators — consistent with observed behaviour,NO_ACTION,0,-0.6175930856037702,0,0,0,0,0
TXN_b1d14ee23a,2026-08-26 09:15:01.292272,M_0011,C_00206,4790.15,0.0162,ALLOW,No significant risk indicators — consistent with observed behaviour,NO_ACTION,0,-0.15538153495952825,0,0,0,0,0
TXN_8065509123,2026-08-26 09:18:37.756447,M_0005,C_00781,1707.54,0.0941,ALLOW,No significant risk indicators — consistent with observed behaviour,NO_ACTION,0,0.44161225071614607,0,0,0,0,0
TXN_a5af56ff90,2026-08-26 09:23:39.162788,M_0001,C_00758,1273.74,0.0929,ALLOW,No significant risk indicators — consistent with observed behaviour,NO_ACTION,0,-1.4196202402367586,0,0,0,0,0
TXN_64afd15d4b,2026-08-26 09:30:24.532689,M_0004,C_00133,1979.79,0.1437,ALLOW,No significant risk indicators — consistent with observed behaviour,NO_ACTION,0,1.004887468867465,0,0,0,0,0
TXN_c516a7d624,2026-08-26 09:30:54.260084,M_0013,C_00427,1222.07,0.0166,ALLOW,No significant risk indicators — consistent with observed behaviour,NO_ACTION,0,-0.337022763964092,0,0,0,0,0
TXN_36b4e738b1,2026-08-26 09:32:26.791151,M_0005,C_00134,85.26,0.119,ALLOW,No significant risk indicators — consistent with observed behaviour,NO_ACTION,0,-1.464540244278904,0,0,0,0,0
TXN_0c95bb5bc4,2026-08-26 09:35:10.984011,M_0007,C_00021,6684.33,0.165,VERIFY,Risk detected from combined weak signals (no single strong indicator),STEP_UP_REQUIRED,0,0.925614261107632,0,0,0,0,0
TXN_895a2603db,2026-08-26 09:36:42.392294,M_0006,C_00248,320.69,0.0272,ALLOW,No significant risk indicators — consistent with observed behaviour,NO_ACTION,0,-1.3838675646540413,0,0,0,0,0
TXN_b2eed530a9,2026-08-26 09:38:05.854513,M_0013,C_00533,745.68,0.0633,ALLOW,No significant risk indicators — consistent with observed behaviour,NO_ACTION,0,-0.8487525116094076,0,0,0,0,0
TXN_5ede038a41,2026-08-26 09:41:04.432871,M_0012,C_00592,7400.25,0.1013,ALLOW,No significant risk indicators — consistent with observed behaviour,NO_ACTION,0,1.1767584355484784,0,0,0,0,0
TXN_44f7389268,2026-08-26 09:49:48.212081,M_0000,C_00661,3376.73,0.1064,ALLOW,No significant risk indicators — consistent with observed behaviour,NO_ACTION,0,1.053022246623131,0,0,0,0,0
TXN_10e719bbc0,2026-08-26 09:59:20.212723,M_0002,C_00649,3486.87,0.0688,ALLOW,No significant risk indicators — consistent with observed behaviour,NO_ACTION,0,-0.19884228576335744,0,0,0,0,0
TXN_92e1d4d32e,2026-08-26 10:00:13.861395,M_0002,C_00158,3142.54,0.072,ALLOW,No significant risk indicators — consistent with observed behaviour,NO_ACTION,0,-0.3441267143611847,0,0,0,0,0
TXN_ad7d077a64,2026-08-26 10:00:16.862377,M_0002,C_00158,3052.0,0.8866,VERIFY,Recent activity from same IP,STEP_UP_REQUIRED,0,-0.3821304762592234,0,1,1,0,0
TXN_b631d5c0ae,2026-08-26 10:00:25.700111,M_0010,C_00793,359.66,0.0695,ALLOW,No significant risk indicators — consistent with observed behaviour,NO_ACTION,0,-0.7032685762095022,0,0,0,0,0
TXN_1855102b60,2026-08-26 10:07:01.568057,M_0008,C_00623,1291.6,0.0484,ALLOW,No significant risk indicators — consistent with observed behaviour,NO_ACTION,0,-1.1529838927067015,0,0,0,0,0
TXN_6670d05a83,2026-08-26 10:10:13.625366,M_0009,C_00521,6762.46,0.2405,VERIFY,Risk detected from combined weak signals (no single strong indicator),STEP_UP_REQUIRED,0,1.2503437480238495,0,0,0,0,0
TXN_ca72d32ea5,2026-08-26 10:10:29.018420,M_0002,C_00202,785.08,0.0334,ALLOW,No significant risk indicators — consistent with observed behaviour,NO_ACTION,0,-1.340348331293594,0,0,0,0,0
TXN_1b64d4e75f,2026-08-26 10:11:53.535120,M_0014,C_00503,1091.68,0.0538,ALLOW,No significant risk indicators — consistent with observed behaviour,NO_ACTION,0,-0.559814083715691,0,0,0,0,0
TXN_a57168556f,2026-08-26 10:12:25.509407,M_0013,C_00545,1885.22,0.064,ALLOW,No significant risk indicators — consistent with observed behaviour,NO_ACTION,0,0.3773657406460836,0,0,0,0,0
TXN_dc8bcfefe5,2026-08-26 10:13:06.431948,M_0007,C_00318,1539.76,0.015,ALLOW,No significant risk indicators — consistent with observed behaviour,NO_ACTION,0,-1.3211001753395422,0,0,0,0,0
TXN_f8932b2a13,2026-08-26 10:21:17.191766,M_0010,C_00339,1163.54,0.2779,VERIFY,Risk detected from combined weak signals (no single strong indicator),STEP_UP_REQUIRED,1,1.1628458318173656,0,0,0,0,0
TXN_bd4c926169,2026-08-26 10:23:20.215159,M_0014,C_00053,1237.71,0.0626,ALLOW,No significant risk indicators — consistent with observed behaviour,NO_ACTION,0,-0.28817673460326015,0,0,0,0,0
TXN_bb4a92f970,2026-08-26 10:23:54.086346,M_0003,C_00244,6119.68,0.2899,VERIFY,Elevated amount vs merchant history,STEP_UP_REQUIRED,0,1.5077954965871694,0,0,0,0,0
TXN_ab68e7d67c,2026-08-26 10:28:45.985395,M_0005,C_00008,1194.19,0.9322,ESCALATE,Transaction country differs from customer profile,PENDING_MANUAL_REVIEW,1,-0.1590934376519966,0,0,0,0,1
TXN_7d386bcc9c,2026-08-26 10:33:57.167592,M_0008,C_00623,2444.08,0.6528,VERIFY,Transaction country differs from customer profile,STEP_UP_REQUIRED,0,-0.5163838056891715,0,0,0,0,1
TXN_b31f2caa7e,2026-08-26 10:34:23.023206,M_0000,C_00502,1181.9,0.0645,ALLOW,No significant risk indicators — consistent with observed behaviour,NO_ACTION,0,-1.1258075548916835,0,0,0,0,0
TXN_50bcae5aba,2026-08-26 10:38:01.751447,M_0013,C_00754,2043.52,0.0391,ALLOW,No significant risk indicators — consistent with observed behaviour,NO_ACTION,0,0.5473241347934011,0,0,0,0,0
TXN_26cc8b9559,2026-08-26 10:42:33.008202,M_0011,C_00569,2134.79,0.0105,ALLOW,No significant risk indicators — consistent with observed behaviour,NO_ACTION,0,-1.276767340452106,0,0,0,0,0
TXN_36e087cc3f,2026-08-26 10:45:37.539827,M_0007,C_00048,2772.12,0.1254,ALLOW,No significant risk indicators — consistent with observed behaviour,NO_ACTION,0,-0.7806138920042772,0,0,0,0,0
TXN_f16a0e1b1c,2026-08-26 10:51:10.239119,M_0006,C_00687,335.59,0.0421,ALLOW,No significant risk indicators — consistent with observed behaviour,NO_ACTION,0,-1.3395957622269554,0,0,0,0,0
TXN_d4c5067051,2026-08-26 10:51:59.682864,M_0007,C_00213,9411.1,0.1891,VERIFY,Elevated amount vs merchant history,STEP_UP_REQUIRED,0,2.117112889144606,0,0,0,0,0
TXN_14786fb2bf,2026-08-26 10:54:36.505692,M_0011,C_00196,4801.31,0.012,ALLOW,No significant risk indicators — consistent with observed behaviour,NO_ACTION,0,-0.14890751549676406,0,0,0,0,0
TXN_57c906f543,2026-08-26 11:07:17.236972,M_0001,C_00574,6268.05,0.0585,ALLOW,No significant risk indicators — consistent with observed behaviour,NO_ACTION,0,0.500709585789221,0,0,0,0,0
TXN_68bf711203,2026-08-26 11:08:49.237316,M_0009,C_00168,8443.83,0.2218,VERIFY,Elevated amount vs merchant history,STEP_UP_REQUIRED,0,1.9944823921681374,0,0,0,0,0
TXN_749656b8d6,2026-08-26 11:09:32.191988,M_0000,C_00368,2442.81,0.0743,ALLOW,No significant risk indicators — consistent with observed behaviour,NO_ACTION,0,0.12645413063368982,0,0,0,0,0
TXN_5ff391fb01,2026-08-26 11:10:25.794107,M_0006,C_00328,1035.96,0.0603,ALLOW,No significant risk indicators — consistent with observed behaviour,NO_ACTION,0,0.6137436040227342,0,0,0,0,0
TXN_b9782d9405,2026-08-26 11:18:49.174677,M_0007,C_00318,1088.86,0.0131,ALLOW,No significant risk indicators — consistent with observed behaviour,NO_ACTION,0,-1.5131973612119913,0,0,0,0,0
TXN_5c89ef3a6c,2026-08-26 11:20:47.018047,M_0003,C_00139,50.0,0.0161,ALLOW,No significant risk indicators — consistent with observed behaviour,NO_ACTION,0,-1.706588472337793,0,0,0,0,0
TXN_0d75bec2dc,2026-08-26 11:20:48.637346,M_0014,C_00676,1473.22,0.0145,ALLOW,No significant risk indicators — consistent with observed behaviour,NO_ACTION,0,0.14945634291068896,0,0,0,0,0
TXN_d36c09cff5,2026-08-26 11:43:03.295089,M_0001,C_00596,4750.53,0.0307,ALLOW,No significant risk indicators — consistent with observed behaviour,NO_ACTION,0,-0.08252335047869337,0,0,0,0,0
TXN_2ee42de14e,2026-08-26 12:02:39.261801,M_0011,C_00463,4620.82,0.0075,ALLOW,No significant risk indicators — consistent with observed behaviour,NO_ACTION,0,-0.2250584062061893,0,0,0,0,0
TXN_346c4d11e3,2026-08-26 12:12:50.749257,M_0011,C_00080,7014.8,0.0061,ALLOW,No significant risk indicators — consistent with observed behaviour,NO_ACTION,0,0.7870051223686431,0,0,0,0,0
TXN_2cbc900204,2026-08-26 12:16:40.260202,M_0014,C_00107,1647.46,0.019,ALLOW,No significant risk indicators — consistent with observed behaviour,NO_ACTION,0,0.47317139450918944,0,0,0,0,0
TXN_db186ce966,2026-08-26 12:18:39.749477,M_0004,C_00490,1344.06,0.029,ALLOW,No significant risk indicators — consistent with observed behaviour,NO_ACTION,0,0.05612290947386159,0,0,0,0,0
TXN_e8bd131dfd,2026-08-26 12:19:12.795910,M_0010,C_00061,50.0,0.1333,ALLOW,No significant risk indicators — consistent with observed behaviour,NO_ACTION,0,-1.42251256017602,0,0,0,0,0
TXN_8f3e3dd9ad,2026-08-26 12:20:33.402482,M_0010,C_00581,974.42,0.024,ALLOW,No significant risk indicators — consistent with observed behaviour,NO_ACTION,0,0.7235784902626001,0,0,0,0,0
TXN_e7b759e9f2,2026-08-26 12:21:11.817721,M_0005,C_00657,508.16,0.0683,ALLOW,No significant risk indicators — consistent with observed behaviour,NO_ACTION,0,-0.9646995976050747,0,0,0,0,0
TXN_b31c1e3328,2026-08-26 12:21:42.559720,M_0009,C_00487,1167.64,0.0053,ALLOW,No significant risk indicators — consistent with observed behaviour,NO_ACTION,0,-1.234427805932603,0,0,0,0,0
TXN_3c006ff794,2026-08-26 12:22:06.572350,M_0004,C_00515,329.89,0.0249,ALLOW,No significant risk indicators — consistent with observed behaviour,NO_ACTION,0,-1.456185616692833,0,0,0,0,0
TXN_a4252a7890,2026-08-26 12:22:54.798121,M_0007,C_00174,7530.76,0.2892,VERIFY,Risk detected from combined weak signals (no single strong indicator),STEP_UP_REQUIRED,0,1.2907074382298367,0,0,0,0,0
TXN_23d4ec320a,2026-08-26 12:23:58.744385,M_0010,C_00192,50.0,0.0889,ALLOW,No significant risk indicators — consistent with observed behaviour,NO_ACTION,0,-1.4201506263410812,0,0,0,0,0
TXN_e3233db067,2026-08-26 12:24:26.493286,M_0014,C_00442,936.7,0.0033,ALLOW,No significant risk indicators — consistent with observed behaviour,NO_ACTION,0,-0.849436036379088,0,0,0,0,0
TXN_a115067af8,2026-08-26 12:36:28.005610,M_0011,C_00373,4197.7,0.0056,ALLOW,No significant risk indicators — consistent with observed behaviour,NO_ACTION,0,-0.40483998623901507,0,0,0,0,0
TXN_3154448a24,2026-08-26 12:37:10.932690,M_0004,C_00724,1481.91,0.0379,ALLOW,No significant risk indicators — consistent with observed behaviour,NO_ACTION,0,0.2635877743751478,0,0,0,0,0
TXN_1b3b93977f,2026-08-26 12:39:45.241303,M_0000,C_00346,1932.32,0.0238,ALLOW,No significant risk indicators — consistent with observed behaviour,NO_ACTION,0,-0.3803000394224759,0,0,0,0,0
TXN_c1d5480127,2026-08-26 12:53:25.949776,M_0004,C_00616,1664.16,0.048,ALLOW,No significant risk indicators — consistent with observed behaviour,NO_ACTION,0,0.5350995536070534,0,0,0,0,0
TXN_0e78c599d1,2026-08-26 12:54:54.764337,M_0002,C_00666,2733.98,0.0082,ALLOW,No significant risk indicators — consistent with observed behaviour,NO_ACTION,0,-0.5142486176549502,0,0,0,0,0
TXN_b6a434f500,2026-08-26 12:57:30.544107,M_0009,C_00751,5388.92,0.0265,ALLOW,No significant risk indicators — consistent with observed behaviour,NO_ACTION,0,0.6366323991816074,0,0,0,0,0
TXN_08344eb2ac,2026-08-26 13:00:04.667147,M_0008,C_00040,2898.36,0.0221,ALLOW,No significant risk indicators — consistent with observed behaviour,NO_ACTION,1,-0.2656255330553673,0,0,0,0,0
TXN_2a50e6632c,2026-08-26 13:00:06.790052,M_0008,C_00040,2985.47,0.6478,VERIFY,Recent activity from same IP,STEP_UP_REQUIRED,1,-0.21738166698371392,0,1,1,0,0
TXN_f22fe0cb99,2026-08-26 13:00:25.222206,M_0008,C_00040,5444.69,0.9078,ESCALATE,Recent activity from same IP,PENDING_MANUAL_REVIEW,1,1.1394811473160367,0,2,2,0,0
TXN_c10476bf23,2026-08-26 13:00:51.931391,M_0003,C_00210,3057.33,0.0503,ALLOW,No significant risk indicators — consistent with observed behaviour,NO_ACTION,0,-0.11303660931663335,0,0,0,0,0
TXN_0378a6105a,2026-08-26 13:02:08.085094,M_0011,C_00759,11423.66,0.092,ALLOW,Elevated amount vs merchant history,NO_ACTION,0,2.652132094753777,0,0,0,0,0
TXN_505c5adc72,2026-08-26 13:02:25.883037,M_0008,C_00040,2882.59,0.8491,VERIFY,High IP transaction velocity | High customer transaction velocity,STEP_UP_REQUIRED,1,-0.2756809763314825,0,3,3,0,0
TXN_45138475d9,2026-08-26 13:02:49.607252,M_0008,C_00040,3408.51,0.9806,ESCALATE,High IP transaction velocity | High customer transaction velocity,PENDING_MANUAL_REVIEW,1,0.014829413373879882,0,4,4,0,0
TXN_84677af399,2026-08-26 13:04:26.099366,M_0003,C_00112,3882.88,0.0335,ALLOW,No significant risk indicators — consistent with observed behaviour,NO_ACTION,0,0.3234081851914073,0,0,0,0,0
TXN_8c6cdf2d91,2026-08-26 13:06:08.691631,M_0008,C_00040,3811.22,0.9875,ESCALATE,High IP transaction velocity | High customer transaction velocity | Elevated merchant transaction activity,PENDING_MANUAL_REVIEW,1,0.2372648708548447,0,5,5,0,0
TXN_43df5c9828,2026-08-26 13:06:55.876807,M_0014,C_00696,1237.15,0.0099,ALLOW,No significant risk indicators — consistent with observed behaviour,NO_ACTION,0,-0.2890530347837037,0,0,0,0,0
TXN_5b8a423cbb,2026-08-26 13:08:30.320845,M_0002,C_00055,4621.6,0.0297,ALLOW,No significant risk indicators — consistent with observed behaviour,NO_ACTION,0,0.2842851396223523,0,0,0,0,0
TXN_460df7a1d0,2026-08-26 13:12:51.162419,M_0011,C_00463,1436.18,0.0046,ALLOW,No significant risk indicators — consistent with observed behaviour,NO_ACTION,0,-1.570125915401581,0,0,0,0,0
TXN_6d82d1f2b5,2026-08-26 13:15:19.476627,M_0011,C_00583,6157.84,0.0143,ALLOW,No significant risk indicators — consistent with observed behaviour,NO_ACTION,0,0.4213109836537358,0,0,0,0,0
TXN_8f32cb6f2f,2026-08-26 13:25:49.963282,M_0013,C_00141,3522.18,0.0608,ALLOW,Elevated amount vs merchant history,NO_ACTION,0,2.138230800838338,0,0,0,0,0
TXN_330a226ad3,2026-08-26 13:25:52.496551,M_0011,C_00418,2293.07,0.003,ALLOW,No significant risk indicators — consistent with observed behaviour,NO_ACTION,0,-1.2070928503099212,0,0,0,0,0
TXN_10d790e837,2026-08-26 13:31:34.538812,M_0004,C_00616,1713.55,0.0422,ALLOW,No significant risk indicators — consistent with observed behaviour,NO_ACTION,0,0.6082635513746321,0,0,0,0,0
TXN_7e87c3d9e1,2026-08-26 13:33:35.989733,M_0008,C_00301,2547.08,0.0109,ALLOW,No significant risk indicators — consistent with observed behaviour,NO_ACTION,0,-0.46172500852213727,0,0,0,0,0
TXN_cbad90ac2f,2026-08-26 13:36:57.591748,M_0002,C_00430,5376.43,0.0071,ALLOW,No significant risk indicators — consistent with observed behaviour,NO_ACTION,0,0.6034244384108406,0,0,0,0,0
TXN_f5eee4c382,2026-08-26 13:46:32.632997,M_0011,C_00363,2218.23,0.0041,ALLOW,No significant risk indicators — consistent with observed behaviour,NO_ACTION,0,-1.2367712105940463,0,0,0,0,0
TXN_80d1a164ca,2026-08-26 13:53:45.521151,M_0013,C_00428,2322.98,0.0086,ALLOW,No significant risk indicators — consistent with observed behaviour,NO_ACTION,0,0.8420853327128232,0,0,0,0,0
TXN_28efda6946,2026-08-26 13:59:09.088511,M_0010,C_00581,50.0,0.0899,ALLOW,No significant risk indicators — consistent with observed behaviour,NO_ACTION,1,-1.4155165059059378,0,0,0,0,0
TXN_b861a874d4,2026-08-26 14:01:45.723837,M_0014,C_00514,1143.7,0.0083,ALLOW,No significant risk indicators — consistent with observed behaviour,NO_ACTION,0,-0.4627772740271161,0,0,0,0,0
TXN_7e425b8f9d,2026-08-26 14:01:59.795238,M_0010,C_00581,425.9,0.7901,VERIFY,Recent activity from same IP,STEP_UP_REQUIRED,1,-0.5415976551764703,0,1,1,0,0
TXN_9cdfaf269d,2026-08-26 14:05:26.047573,M_0010,C_00581,115.64,0.8448,VERIFY,Recent activity from same IP,STEP_UP_REQUIRED,1,-1.2589165025553013,0,2,2,0,0
TXN_d804710c77,2026-08-26 14:05:44.697767,M_0010,C_00581,1189.77,0.9544,ESCALATE,High IP transaction velocity | High customer transaction velocity,PENDING_MANUAL_REVIEW,1,1.2290265343972921,0,3,3,0,0
TXN_2addfa1afe,2026-08-26 14:06:02.920478,M_0001,C_00400,2310.78,0.0348,ALLOW,No significant risk indicators — consistent with observed behaviour,NO_ACTION,0,-1.020024369422799,0,0,0,0,0
TXN_156b9c04f6,2026-08-26 14:06:15.756051,M_0010,C_00581,504.95,0.9889,ESCALATE,High IP transaction velocity | High customer transaction velocity,PENDING_MANUAL_REVIEW,1,-0.3573980712528067,0,4,4,0,0
TXN_9ef7d0f808,2026-08-26 14:06:45.932459,M_0010,C_00581,604.15,0.9931,ESCALATE,High IP transaction velocity | High customer transaction velocity | Elevated merchant transaction activity,PENDING_MANUAL_REVIEW,1,-0.12742769655271388,0,5,5,0,0
TXN_2ed4efe71f,2026-08-26 14:29:33.056716,M_0012,C_00725,2350.71,0.054,ALLOW,No significant risk indicators — consistent with observed behaviour,NO_ACTION,0,-0.7553996273673124,0,0,0,0,0
TXN_e54b0b464d,2026-08-26 14:32:05.779324,M_0011,C_00363,7479.48,0.0062,ALLOW,No significant risk indicators — consistent with observed behaviour,NO_ACTION,0,0.980200433711287,0,0,0,0,0
TXN_66f6460eba,2026-08-26 14:33:51.294205,M_0009,C_00399,10241.47,0.9615,ESCALATE,Elevated amount vs merchant history,PENDING_MANUAL_REVIEW,0,2.7855622291812505,0,0,0,0,0
TXN_1a3733198f,2026-08-26 14:40:32.427860,M_0000,C_00380,1966.08,0.0234,ALLOW,No significant risk indicators — consistent with observed behaviour,NO_ACTION,0,-0.3465246839129095,0,0,0,0,0
TXN_519d07e268,2026-08-26 14:42:21.247504,M_0006,C_00541,620.79,0.0127,ALLOW,No significant risk indicators — consistent with observed behaviour,NO_ACTION,0,-0.5437263488616578,0,0,0,0,0
TXN_983ada02c4,2026-08-26 14:43:46.674422,M_0009,C_00761,206.63,0.0109,ALLOW,No significant risk indicators — consistent with observed behaviour,NO_ACTION,0,-1.6560620657852312,0,0,0,0,0
TXN_6f5a0d2988,2026-08-26 14:54:47.256745,M_0002,C_00321,390.8,0.0066,ALLOW,No significant risk indicators — consistent with observed behaviour,NO_ACTION,0,-1.5072656623710259,0,0,0,0,0
TXN_9b61016f34,2026-08-26 14:58:32.699974,M_0011,C_00263,3289.16,0.0059,ALLOW,No significant risk indicators — consistent with observed behaviour,NO_ACTION,0,-0.7851958116398988,0,0,0,0,0
TXN_af58ea3eab,2026-08-26 14:58:53.834935,M_0013,C_00296,3513.42,0.1289,ALLOW,Elevated amount vs merchant history,NO_ACTION,0,2.119097895130859,0,0,0,0,0
TXN_71ffded1e0,2026-08-26 15:06:10.916489,M_0003,C_00311,2404.84,0.0082,ALLOW,No significant risk indicators — consistent with observed behaviour,NO_ACTION,0,-0.45865541020578904,0,0,0,0,0
TXN_5fef447943,2026-08-26 15:22:14.089975,M_0003,C_00317,5558.88,0.195,VERIFY,Risk detected from combined weak signals (no single strong indicator),STEP_UP_REQUIRED,0,1.2110830947593418,0,0,0,0,0
TXN_74f70a36ec,2026-08-26 15:24:47.963705,M_0013,C_00003,2011.46,0.0047,ALLOW,No significant risk indicators — consistent with observed behaviour,NO_ACTION,0,0.5020526713188055,0,0,0,0,0
TXN_3a4865ef3b,2026-08-26 15:25:32.451946,M_0013,C_00271,2181.14,0.0127,ALLOW,No significant risk indicators — consistent with observed behaviour,NO_ACTION,0,0.6833826551022288,0,0,0,0,0
TXN_5323d67757,2026-08-26 15:28:04.535363,M_0000,C_00085,1976.25,0.0265,ALLOW,No significant risk indicators — consistent with observed behaviour,NO_ACTION,0,-0.336197125768438,0,0,0,0,0
TXN_632b8f51d3,2026-08-26 15:35:37.154657,M_0009,C_00784,2044.8,0.0115,ALLOW,No significant risk indicators — consistent with observed behaviour,NO_ACTION,0,-0.8422503730972566,0,0,0,0,0
TXN_c4af00bd2b,2026-08-26 15:35:52.501212,M_0012,C_00509,2847.67,0.0478,ALLOW,No significant risk indicators — consistent with observed behaviour,NO_ACTION,0,-0.5645333232236803,0,0,0,0,0
TXN_a82b1e718d,2026-08-26 15:42:49.982646,M_0006,C_00379,278.68,0.6112,VERIFY,Transaction country differs from customer profile,STEP_UP_REQUIRED,0,-1.4970137857719097,0,0,0,0,1
TXN_d032b62397,2026-08-26 15:49:23.824220,M_0011,C_00461,4727.01,0.0021,ALLOW,No significant risk indicators — consistent with observed behaviour,NO_ACTION,0,-0.17890379325884134,0,0,0,0,0
TXN_b4305e8f6a,2026-08-26 15:55:15.604859,M_0009,C_00557,3433.88,0.0279,ALLOW,No significant risk indicators — consistent with observed behaviour,NO_ACTION,0,-0.22911263824092507,0,0,0,0,0
TXN_89383a434e,2026-08-26 16:01:36.627623,M_0009,C_00207,2541.62,0.0276,ALLOW,No significant risk indicators — consistent with observed behaviour,NO_ACTION,0,-0.6224760261098442,0,0,0,0,0
TXN_e0ffc15719,2026-08-26 16:03:37.419659,M_0011,C_00537,4983.63,0.0241,ALLOW,Transaction country differs from customer profile,NO_ACTION,1,-0.0706572341219924,0,0,0,0,1
TXN_448882fee8,2026-08-26 16:05:20.332210,M_0013,C_00427,202.74,0.0045,ALLOW,No significant risk indicators — consistent with observed behaviour,NO_ACTION,0,-1.4379436441919677,0,0,0,0,0
TXN_10c5cfaa85,2026-08-26 16:31:30.473941,M_0005,C_00336,1843.72,0.0248,ALLOW,No significant risk indicators — consistent with observed behaviour,NO_ACTION,0,0.6057032954507022,0,0,0,0,0
TXN_bfcd2a26ea,2026-08-26 16:34:21.645526,M_0011,C_00772,8309.66,0.0342,ALLOW,Transaction country differs from customer profile,NO_ACTION,0,1.331743279331962,0,0,0,0,1
TXN_1bb233d8fc,2026-08-26 16:46:54.211751,M_0009,C_00539,3279.43,0.0359,ALLOW,No significant risk indicators — consistent with observed behaviour,NO_ACTION,0,-0.29644297199796804,0,0,0,0,0
TXN_9630986b6b,2026-08-26 16:49:29.227295,M_0008,C_00719,5525.33,0.0533,ALLOW,No significant risk indicators — consistent with observed behaviour,NO_ACTION,0,1.1860456405846422,0,0,0,0,0
TXN_441602db76,2026-08-26 16:49:54.057879,M_0014,C_00514,1014.22,0.0121,ALLOW,No significant risk indicators — consistent with observed behaviour,NO_ACTION,0,-0.7035405087315318,0,0,0,0,0
TXN_d13145bde1,2026-08-26 16:53:09.501895,M_0011,C_00196,5360.64,0.0059,ALLOW,No significant risk indicators — consistent with observed behaviour,NO_ACTION,0,0.08666233454817057,0,0,0,0,0
TXN_b10c6ff513,2026-08-26 16:59:32.512933,M_0003,C_00554,7497.2,0.0645,ALLOW,Elevated amount vs merchant history,NO_ACTION,0,2.2342628002077976,0,0,0,0,0
TXN_82eae7dd13,2026-08-26 17:01:19.459170,M_0002,C_00611,524.0,0.0118,ALLOW,No significant risk indicators — consistent with observed behaviour,NO_ACTION,0,-1.4476770547949325,0,0,0,0,0
TXN_5d97463f79,2026-08-26 17:02:40.150475,M_0008,C_00656,3107.59,0.0411,ALLOW,No significant risk indicators — consistent with observed behaviour,NO_ACTION,0,-0.15305492578165913,0,0,0,0,0
TXN_88ab661d49,2026-08-26 17:03:23.352660,M_0008,C_00227,4026.32,0.0298,ALLOW,No significant risk indicators — consistent with observed behaviour,NO_ACTION,0,0.35546197594626283,0,0,0,0,0
TXN_d15fea7bb7,2026-08-26 17:11:04.398085,M_0011,C_00680,5461.26,0.012,ALLOW,No significant risk indicators — consistent with observed behaviour,NO_ACTION,0,0.12903882255517035,0,0,0,0,0
TXN_f11eecd818,2026-08-26 17:11:16.981373,M_0002,C_00158,3862.89,0.0217,ALLOW,No significant risk indicators — consistent with observed behaviour,NO_ACTION,0,-0.033754360156180774,0,0,0,0,0
TXN_69aff19609,2026-08-26 17:19:51.607250,M_0009,C_00761,906.93,0.0154,ALLOW,No significant risk indicators — consistent with observed behaviour,NO_ACTION,0,-1.3435420146774617,0,0,0,0,0
TXN_5e72dd609f,2026-08-26 17:22:17.970693,M_0003,C_00176,2683.0,0.0132,ALLOW,No significant risk indicators — consistent with observed behaviour,NO_ACTION,0,-0.3152763214619642,0,0,0,0,0
TXN_b3f5e341c3,2026-08-26 17:23:25.975740,M_0006,C_00700,322.31,0.0356,ALLOW,No significant risk indicators — consistent with observed behaviour,NO_ACTION,0,-1.3721947726587789,0,0,0,0,0
TXN_7af2e96367,2026-08-26 17:32:04.748743,M_0000,C_00425,1961.3,0.0066,ALLOW,No significant risk indicators — consistent with observed behaviour,NO_ACTION,0,-0.3508428723119414,0,0,0,0,0
TXN_f12c7f0833,2026-08-26 17:34:29.904335,M_0009,C_00410,2012.85,0.0284,ALLOW,No significant risk indicators — consistent with observed behaviour,NO_ACTION,0,-0.8533290445417011,0,0,0,0,0
TXN_1cfe8ef12c,2026-08-26 17:52:42.791210,M_0010,C_00172,1012.86,0.0231,ALLOW,No significant risk indicators — consistent with observed behaviour,NO_ACTION,0,0.8194182437829785,0,0,0,0,0
TXN_0a2fd3029c,2026-08-26 17:58:32.432715,M_0006,C_00328,1201.09,0.1869,VERIFY,Risk detected from combined weak signals (no single strong indicator),STEP_UP_REQUIRED,0,1.0769118336126766,0,0,0,0,0
TXN_ee2ad863c8,2026-08-26 18:10:19.029222,M_0008,C_00227,4770.07,0.0281,ALLOW,No significant risk indicators — consistent with observed behaviour,NO_ACTION,0,0.7669976232432977,0,0,0,0,0
TXN_23d5df2632,2026-08-26 18:20:37.689125,M_0005,C_00230,1440.96,0.0909,ALLOW,No significant risk indicators — consistent with observed behaviour,NO_ACTION,0,0.1316165391798351,0,0,0,0,0
TXN_60607ea214,2026-08-26 18:24:47.812316,M_0011,C_00643,3954.33,0.0079,ALLOW,Previously unseen device,NO_ACTION,0,-0.5068811664166597,1,0,0,0,0
TXN_7cb42610ae,2026-08-26 18:25:08.164662,M_0006,C_00748,634.34,0.0471,ALLOW,No significant risk indicators — consistent with observed behaviour,NO_ACTION,0,-0.502263780853238,0,0,0,0,0
TXN_169f555462,2026-08-26 18:30:24.315086,M_0009,C_00387,3803.96,0.0244,ALLOW,No significant risk indicators — consistent with observed behaviour,NO_ACTION,0,-0.06204600874383387,0,0,0,0,0
TXN_77169f33f1,2026-08-26 18:31:29.270015,M_0007,C_00764,5152.44,0.1257,ALLOW,No significant risk indicators — consistent with observed behaviour,NO_ACTION,0,0.25477685333376804,0,0,0,0,0
TXN_da91ce155f,2026-08-26 18:33:27.948671,M_0009,C_00556,88.56,0.0058,ALLOW,No significant risk indicators — consistent with observed behaviour,NO_ACTION,0,-1.702556009673507,0,0,0,0,0
TXN_116388c507,2026-08-26 18:36:21.569122,M_0012,C_00563,4171.13,0.0263,ALLOW,No significant risk indicators — consistent with observed behaviour,NO_ACTION,0,-0.057716219088208974,0,0,0,0,0
TXN_94fb7fee2e,2026-08-26 18:40:17.712804,M_0012,C_00476,1887.64,0.0226,ALLOW,No significant risk indicators — consistent with observed behaviour,NO_ACTION,0,-0.9318382797732319,0,0,0,0,0
TXN_cdee4b8d28,2026-08-26 18:41:33.804479,M_0004,C_00582,1517.51,0.0437,ALLOW,No significant risk indicators — consistent with observed behaviour,NO_ACTION,0,0.3150701398656744,0,0,0,0,0
TXN_d57cbd9d2f,2026-08-26 18:54:50.169277,M_0000,C_00777,2488.85,0.4271,VERIFY,Transaction country differs from customer profile,STEP_UP_REQUIRED,0,0.1740514513463978,0,0,0,0,1
TXN_937e4ec8db,2026-08-26 19:00:31.574744,M_0004,C_00347,1301.83,0.0254,ALLOW,No significant risk indicators — consistent with observed behaviour,NO_ACTION,0,-0.007287690264454309,0,0,0,0,0
TXN_4979fecab7,2026-08-26 19:00:55.965189,M_0011,C_00344,684.41,0.0015,ALLOW,No significant risk indicators — consistent with observed behaviour,NO_ACTION,0,-1.886841655431534,0,0,0,0,0
TXN_8117dae205,2026-08-26 19:02:18.521842,M_0009,C_00441,7048.11,0.3825,VERIFY,Risk detected from combined weak signals (no single strong indicator),STEP_UP_REQUIRED,0,1.3709407132846452,0,0,0,0,0
TXN_c553ec24fb,2026-08-26 19:09:42.036652,M_0000,C_00109,2965.29,0.0224,ALLOW,No significant risk indicators — consistent with observed behaviour,NO_ACTION,0,0.6480495897051036,0,0,0,0,0
TXN_1a36bc87c8,2026-08-26 19:09:55.435558,M_0002,C_00744,6759.49,0.072,ALLOW,No significant risk indicators — consistent with observed behaviour,NO_ACTION,0,1.1911351535495842,0,0,0,0,0
TXN_80d3f050af,2026-08-26 19:24:33.467474,M_0000,C_00734,2623.96,0.0174,ALLOW,No significant risk indicators — consistent with observed behaviour,NO_ACTION,0,0.3077553137282155,0,0,0,0,0
TXN_f458873e4a,2026-08-26 19:26:14.355447,M_0000,C_00380,1060.09,0.016,ALLOW,No significant risk indicators — consistent with observed behaviour,NO_ACTION,0,-1.249954480120023,0,0,0,0,0
TXN_cd03ce06e5,2026-08-26 19:29:24.519027,M_0000,C_00091,3117.29,0.008,ALLOW,No significant risk indicators — consistent with observed behaviour,NO_ACTION,0,0.8000607263230365,0,0,0,0,0
TXN_2454c4e3bf,2026-08-26 19:34:03.832158,M_0006,C_00669,979.59,0.01,ALLOW,No significant risk indicators — consistent with observed behaviour,NO_ACTION,0,0.45968403530989455,0,0,0,0,0
TXN_7051645334,2026-08-26 19:39:00.001678,M_0009,C_00012,4818.78,0.04,ALLOW,No significant risk indicators — consistent with observed behaviour,NO_ACTION,0,0.38584552348858303,0,0,0,0,0
TXN_1437ce40d1,2026-08-26 19:40:32.445901,M_0012,C_00771,7941.33,0.3184,VERIFY,Risk detected from combined weak signals (no single strong indicator),STEP_UP_REQUIRED,0,1.3870880529371201,0,0,0,0,0
TXN_5b096e141b,2026-08-26 19:40:43.626830,M_0000,C_00109,2065.18,0.0238,ALLOW,No significant risk indicators — consistent with observed behaviour,NO_ACTION,0,-0.24840418035779233,0,0,0,0,0
TXN_f58d2ced5e,2026-08-26 19:41:25.685050,M_0013,C_00003,408.43,0.0056,ALLOW,No significant risk indicators — consistent with observed behaviour,NO_ACTION,0,-1.2143566873677039,0,0,0,0,0
TXN_29a7742132,2026-08-26 19:50:36.968727,M_0014,C_00095,1159.72,0.014,ALLOW,No significant risk indicators — consistent with observed behaviour,NO_ACTION,0,-0.4312799388076554,0,0,0,0,0
TXN_b4146affb8,2026-08-26 19:54:06.545454,M_0006,C_00159,340.11,0.0195,ALLOW,No significant risk indicators — consistent with observed behaviour,NO_ACTION,0,-1.3225952961106444,0,0,0,0,0
TXN_696b0ff37c,2026-08-26 19:56:47.871699,M_0011,C_00759,5792.91,0.0133,ALLOW,No significant risk indicators — consistent with observed behaviour,NO_ACTION,0,0.2715312512714164,0,0,0,0,0
TXN_0bed135e4c,2026-08-26 19:59:42.177728,M_0014,C_00385,1271.35,0.017,ALLOW,No significant risk indicators — consistent with observed behaviour,NO_ACTION,0,-0.22251603490996044,0,0,0,0,0
TXN_58371b95c1,2026-08-26 20:00:23.283603,M_0009,C_00447,5367.01,0.0147,ALLOW,No significant risk indicators — consistent with observed behaviour,NO_ACTION,0,0.6273754488556614,0,0,0,0,0
TXN_432910cf01,2026-08-26 20:06:58.816364,M_0000,C_00354,2418.26,0.0464,ALLOW,No significant risk indicators — consistent with observed behaviour,NO_ACTION,0,0.10353992562931526,0,0,0,0,0
TXN_36a4396db7,2026-08-26 20:12:03.689327,M_0014,C_00471,1098.74,0.0241,ALLOW,No significant risk indicators — consistent with observed behaviour,NO_ACTION,0,-0.5446486199425182,0,0,0,0,0
TXN_774d547b71,2026-08-26 20:14:23.345384,M_0006,C_00243,855.69,0.1014,ALLOW,No significant risk indicators — consistent with observed behaviour,NO_ACTION,0,0.11578657430741388,0,0,0,0,0
TXN_406c724f3c,2026-08-26 20:16:58.759466,M_0011,C_00137,3350.46,0.0064,ALLOW,No significant risk indicators — consistent with observed behaviour,NO_ACTION,0,-0.7586661573796162,0,0,0,0,0
TXN_19acb6b7a7,2026-08-26 20:17:24.895148,M_0009,C_00603,2280.19,0.0468,ALLOW,No significant risk indicators — consistent with observed behaviour,NO_ACTION,0,-0.7350697608397455,0,0,0,0,0
TXN_eaa773091e,2026-08-26 20:28:28.222326,M_0011,C_00583,6486.5,0.0098,ALLOW,No significant risk indicators — consistent with observed behaviour,NO_ACTION,0,0.5649257296996218,0,0,0,0,0
TXN_ffcf5174f7,2026-08-26 20:29:40.466836,M_0008,C_00040,4332.9,0.0124,ALLOW,No significant risk indicators — consistent with observed behaviour,NO_ACTION,0,0.5238979928335354,0,0,0,0,0
TXN_f593a65180,2026-08-26 20:29:55.211284,M_0005,C_00445,1249.89,0.1012,ALLOW,No significant risk indicators — consistent with observed behaviour,NO_ACTION,0,-0.09325658382640187,0,0,0,0,0
TXN_fa9ef2b165,2026-08-26 20:33:40.739810,M_0012,C_00367,6880.48,0.1031,ALLOW,No significant risk indicators — consistent with observed behaviour,NO_ACTION,0,0.9783221250291718,0,0,0,0,0
TXN_13c8ae0a94,2026-08-26 20:33:52.111675,M_0001,C_00305,463.38,0.0145,ALLOW,No significant risk indicators — consistent with observed behaviour,NO_ACTION,0,-1.7276829103508728,0,0,0,0,0
TXN_9bce4e0f74,2026-08-26 20:37:59.537205,M_0013,C_00773,1508.53,0.0264,ALLOW,No significant risk indicators — consistent with observed behaviour,NO_ACTION,0,-0.03431146750057383,0,0,0,0,0
TXN_41ec8ef03a,2026-08-26 20:48:16.495094,M_0004,C_00219,1161.84,0.2341,VERIFY,Risk detected from combined weak signals (no single strong indicator),STEP_UP_REQUIRED,0,-0.2165011840317224,0,0,0,0,0
TXN_685b2f8ca6,2026-08-26 20:56:27.761168,M_0002,C_00481,7988.42,0.3321,VERIFY,Elevated amount vs merchant history,STEP_UP_REQUIRED,0,1.7087638231490612,0,0,0,0,0
TXN_f0339b1f8a,2026-08-26 20:59:47.570347,M_0011,C_00433,4858.25,0.0134,ALLOW,No significant risk indicators — consistent with observed behaviour,NO_ACTION,0,-0.12265275656124942,0,0,0,0,0
TXN_535d5e2396,2026-08-26 21:04:29.695777,M_0009,C_00447,3340.41,0.0198,ALLOW,No significant risk indicators — consistent with observed behaviour,NO_ACTION,0,-0.2664913012551462,0,0,0,0,0
TXN_4af8e6fb60,2026-08-26 21:08:26.538075,M_0009,C_00410,2923.65,0.0484,ALLOW,No significant risk indicators — consistent with observed behaviour,NO_ACTION,0,-0.4503506542003518,0,0,0,0,0
TXN_8f9975dc38,2026-08-26 21:11:55.274823,M_0006,C_00640,624.55,0.0405,ALLOW,No significant risk indicators — consistent with observed behaviour,NO_ACTION,0,-0.5284652446635092,0,0,0,0,0
TXN_27a1646409,2026-08-26 21:13:05.103566,M_0008,C_00254,3998.27,0.0836,ALLOW,No significant risk indicators — consistent with observed behaviour,NO_ACTION,0,0.3379197825505957,0,0,0,0,0
TXN_486df7a0df,2026-08-26 21:14:58.309776,M_0005,C_00467,50.0,0.1044,ALLOW,No significant risk indicators — consistent with observed behaviour,NO_ACTION,0,-1.5058386897310034,0,0,0,0,0
TXN_50b96fe8be,2026-08-26 21:18:55.736456,M_0006,C_00601,951.13,0.0664,ALLOW,No significant risk indicators — consistent with observed behaviour,NO_ACTION,0,0.3825886949069329,0,0,0,0,0
TXN_a3a02957df,2026-08-26 21:19:24.383603,M_0010,C_00406,148.44,0.0536,ALLOW,No significant risk indicators — consistent with observed behaviour,NO_ACTION,0,-1.1850324615896612,0,0,0,0,0
TXN_8d84eaa5ef,2026-08-26 21:22:19.821311,M_0009,C_00012,5572.89,0.0517,ALLOW,No significant risk indicators — consistent with observed behaviour,NO_ACTION,0,0.7203549704303697,0,0,0,0,0
TXN_d4df98660d,2026-08-26 21:27:44.608780,M_0010,C_00702,1531.35,0.4778,VERIFY,Elevated amount vs merchant history,STEP_UP_REQUIRED,1,2.0210355755851412,0,0,0,0,0
TXN_33d3c576e8,2026-08-26 21:30:01.455865,M_0007,C_00631,4491.78,0.1105,ALLOW,No significant risk indicators — consistent with observed behaviour,NO_ACTION,0,-0.03265151559529907,0,0,0,0,0
TXN_12d494c85e,2026-08-26 21:31:49.556493,M_0003,C_00112,3817.88,0.0724,ALLOW,No significant risk indicators — consistent with observed behaviour,NO_ACTION,0,0.28398912094426876,0,0,0,0,0
TXN_0ce9e006e6,2026-08-26 21:32:15.309966,M_0006,C_00243,605.89,0.0649,ALLOW,No significant risk indicators — consistent with observed behaviour,NO_ACTION,0,-0.5808868709452848,0,0,0,0,0
TXN_514c4fc26f,2026-08-26 21:34:14.251042,M_0002,C_00079,1096.64,0.0142,ALLOW,No significant risk indicators — consistent with observed behaviour,NO_ACTION,0,-1.2054498384361099,0,0,0,0,0
TXN_0656c40e20,2026-08-26 21:36:17.102025,M_0001,C_00599,5278.37,0.0889,ALLOW,No significant risk indicators — consistent with observed behaviour,NO_ACTION,0,0.12611750679868114,0,0,0,0,0
TXN_51df0b92fc,2026-08-26 21:41:00.635155,M_0000,C_00286,3019.96,0.0132,ALLOW,No significant risk indicators — consistent with observed behaviour,NO_ACTION,0,0.7033263237509243,0,0,0,0,0
TXN_74ab9266db,2026-08-26 21:42:47.878855,M_0004,C_00273,824.27,0.0164,ALLOW,No significant risk indicators — consistent with observed behaviour,NO_ACTION,0,-0.7211971820403366,0,0,0,0,0
TXN_5219ebde4e,2026-08-26 21:46:27.669092,M_0008,C_00405,1688.08,0.0346,ALLOW,No significant risk indicators — consistent with observed behaviour,NO_ACTION,0,-0.9436249918075778,0,0,0,0,0
TXN_37a4408779,2026-08-26 21:47:28.324406,M_0014,C_00371,2096.1,0.1461,ALLOW,No significant risk indicators — consistent with observed behaviour,NO_ACTION,0,1.3198143616716231,0,0,0,0,0
TXN_e27c286f57,2026-08-26 21:54:11.154573,M_0014,C_00437,851.5,0.0174,ALLOW,No significant risk indicators — consistent with observed behaviour,NO_ACTION,0,-1.0077813663414423,0,0,0,0,0
TXN_a1e71a1885,2026-08-26 21:54:29.046647,M_0011,C_00344,6356.16,0.0038,ALLOW,No significant risk indicators — consistent with observed behaviour,NO_ACTION,0,0.509923096933218,0,0,0,0,0
TXN_92f3745206,2026-08-26 22:05:22.134937,M_0012,C_00725,13997.67,0.9738,ESCALATE,Very high amount vs merchant history,PENDING_MANUAL_REVIEW,1,3.700118634885726,0,0,0,0,0
TXN_30ec6b72f2,2026-08-26 22:12:00.915929,M_0014,C_00385,1864.14,0.025,ALLOW,No significant risk indicators — consistent with observed behaviour,NO_ACTION,0,0.8851388424314873,0,0,0,0,0
TXN_4a72a213d1,2026-08-26 22:15:00.339059,M_0000,C_00633,1989.01,0.0196,ALLOW,No significant risk indicators — consistent with observed behaviour,NO_ACTION,0,-0.32534083829530275,0,0,0,0,0
TXN_bdce4a879e,2026-08-26 22:28:47.017334,M_0012,C_00771,2906.61,0.128,ALLOW,No significant risk indicators — consistent with observed behaviour,NO_ACTION,0,-0.5438880287364694,0,0,0,0,0
TXN_f05fd41cc4,2026-08-26 22:33:04.570303,M_0011,C_00067,6202.0,0.0175,ALLOW,No significant risk indicators — consistent with observed behaviour,NO_ACTION,0,0.4444070758719289,0,0,0,0,0
TXN_d06ded5579,2026-08-26 22:39:26.239992,M_0011,C_00228,6204.77,0.0176,ALLOW,Transaction country differs from customer profile,NO_ACTION,0,0.4452536799137012,0,0,0,0,1
TXN_0b793e3ed6,2026-08-26 22:44:59.787533,M_0003,C_00110,3889.87,0.0604,ALLOW,No significant risk indicators — consistent with observed behaviour,NO_ACTION,0,0.3217750018832347,0,0,0,0,0
TXN_47ecbf74bb,2026-08-26 22:51:54.406928,M_0011,C_00590,4019.97,0.0096,ALLOW,No significant risk indicators — consistent with observed behaviour,NO_ACTION,0,-0.4789324394144822,0,0,0,0,0
TXN_fbf37cb340,2026-08-26 23:03:55.452471,M_0006,C_00395,902.79,0.0487,ALLOW,No significant risk indicators — consistent with observed behaviour,NO_ACTION,0,0.24832010997897833,0,0,0,0,0
TXN_58e699861f,2026-08-26 23:07:34.521562,M_0011,C_00772,3741.46,0.0081,ALLOW,No significant risk indicators — consistent with observed behaviour,NO_ACTION,0,-0.5964002524049391,0,0,0,0,0
TXN_ea0ba4334a,2026-08-26 23:12:28.719916,M_0003,C_00139,9674.99,0.9516,ESCALATE,Very high amount vs merchant history,PENDING_MANUAL_REVIEW,1,3.3792214934210616,0,0,0,0,0
TXN_7aebf57900,2026-08-26 23:15:59.319369,M_0001,C_00396,4956.78,0.5167,VERIFY,Transaction country differs from customer profile,STEP_UP_REQUIRED,0,0.0025301850370023364,0,0,0,0,1
TXN_14491e6619,2026-08-26 23:26:15.969618,M_0003,C_00673,6269.85,0.5564,VERIFY,Elevated amount vs merchant history,STEP_UP_REQUIRED,0,1.5617106985039901,0,0,0,0,0
TXN_b12bb9b807,2026-08-26 23:29:27.906973,M_0003,C_00295,4122.18,0.1126,ALLOW,No significant risk indicators — consistent with observed behaviour,NO_ACTION,0,0.43268822858209327,0,0,0,0,0
TXN_9b7d17dadc,2026-08-26 23:35:59.943061,M_0009,C_00129,8944.67,0.3479,VERIFY,Elevated amount vs merchant history,STEP_UP_REQUIRED,0,2.2097195007301136,0,0,0,0,0
TXN_856c8538db,2026-08-26 23:43:05.337472,M_0001,C_00221,3063.58,0.0694,ALLOW,No significant risk indicators — consistent with observed behaviour,NO_ACTION,0,-0.7250002849019227,0,0,0,0,0
TXN_8622d0ccba,2026-08-26 23:44:14.521437,M_0005,C_00506,794.5,0.0135,ALLOW,No significant risk indicators — consistent with observed behaviour,NO_ACTION,0,-0.6259341616567107,0,0,0,0,0
TXN_e1651afa72,2026-08-26 23:52:20.644477,M_0005,C_00783,50.0,0.111,ALLOW,No significant risk indicators — consistent with observed behaviour,NO_ACTION,0,-1.501172586809474,0,0,0,0,0
TXN_9661bc56d2,2026-08-26 23:52:27.060060,M_0005,C_00160,3133.22,0.1147,ALLOW,Elevated amount vs merchant history,NO_ACTION,0,2.1269890059270753,0,0,0,0,0
TXN_7a5fe5b62a,2026-08-26 23:56:26.802170,M_0003,C_00733,1159.11,0.0435,ALLOW,No significant risk indicators — consistent with observed behaviour,NO_ACTION,0,-1.1206525579130018,0,0,0,0,0
TXN_bc925ed799,2026-08-26 23:57:29.314393,M_0013,C_00131,346.17,0.0132,ALLOW,No significant risk indicators — consistent with observed behaviour,NO_ACTION,0,-1.2796763049985178,0,0,0,0,0
TXN_a94ae6ad88,2026-08-26 23:58:25.229099,M_0001,C_00195,2647.73,0.0161,ALLOW,No significant risk indicators — consistent with observed behaviour,NO_ACTION,0,-0.8836930894316799,0,0,0,0,0
TXN_753d2b6f62,2026-08-27 00:00:29.843576,M_0009,C_00238,1736.15,0.032,ALLOW,No significant risk indicators — consistent with observed behaviour,NO_ACTION,0,-0.9761571245845053,0,0,0,0,0
TXN_cfd48ed038,2026-08-27 00:11:08.191862,M_0014,C_00258,1391.13,0.0461,ALLOW,No significant risk indicators — consistent with observed behaviour,NO_ACTION,0,0.00018369662338903759,0,0,0,0,0
TXN_782afc5874,2026-08-27 00:13:54.593923,M_0004,C_00133,330.33,0.0336,ALLOW,No significant risk indicators — consistent with observed behaviour,NO_ACTION,0,-1.4593779236973103,0,0,0,0,0
TXN_c3cd79d86f,2026-08-27 00:28:20.234766,M_0013,C_00595,985.35,0.0269,ALLOW,No significant risk indicators — consistent with observed behaviour,NO_ACTION,0,-0.5926537049099448,0,0,0,0,0
TXN_fb26dff1a1,2026-08-27 00:32:28.709698,M_0002,C_00237,3271.57,0.0834,ALLOW,No significant risk indicators — consistent with observed behaviour,NO_ACTION,0,-0.2854910644719848,0,0,0,0,0
TXN_d8796a6f77,2026-08-27 00:32:55.058546,M_0002,C_00308,4195.57,0.0307,ALLOW,No significant risk indicators — consistent with observed behaviour,NO_ACTION,0,0.10495829849403078,0,0,0,0,0
TXN_191187b356,2026-08-27 00:34:52.655137,M_0009,C_00015,3591.61,0.0911,ALLOW,No significant risk indicators — consistent with observed behaviour,NO_ACTION,0,-0.15694275767933694,0,0,0,0,0
TXN_3bdf465f5f,2026-08-27 00:39:22.669940,M_0003,C_00351,2022.34,0.0491,ALLOW,No significant risk indicators — consistent with observed behaviour,NO_ACTION,0,-0.6663794901369426,0,0,0,0,0
TXN_fb2ffdc9ae,2026-08-27 00:41:39.944022,M_0002,C_00281,7836.34,0.1755,VERIFY,Elevated amount vs merchant history,STEP_UP_REQUIRED,0,1.6435471795414225,0,0,0,0,0
TXN_9d6cad21a9,2026-08-27 00:54:17.249024,M_0014,C_00676,1262.51,0.0194,ALLOW,No significant risk indicators — consistent with observed behaviour,NO_ACTION,0,-0.24027663641281136,0,0,0,0,0
TXN_b4cbb4fc22,2026-08-27 00:54:43.658247,M_0012,C_00730,846.68,0.0349,ALLOW,No significant risk indicators — consistent with observed behaviour,NO_ACTION,0,-1.3249534864040877,0,0,0,0,0
TXN_40a6f7ba54,2026-08-27 00:55:39.784170,M_0002,C_00580,1996.77,0.0564,ALLOW,No significant risk indicators — consistent with observed behaviour,NO_ACTION,0,-0.825602052849306,0,0,0,0,0
TXN_0c0a20a9fa,2026-08-27 00:56:06.746032,M_0011,C_00136,3829.86,0.0057,ALLOW,No significant risk indicators — consistent with observed behaviour,NO_ACTION,0,-0.5584967831760294,0,0,0,0,0
TXN_c2096c1869,2026-08-27 00:57:11.096399,M_0007,C_00033,10168.26,0.6853,VERIFY,Elevated amount vs merchant history,STEP_UP_REQUIRED,0,2.437105436819476,0,0,0,0,0
TXN_2533e03d84,2026-08-27 01:01:20.424133,M_0012,C_00701,6185.42,0.0178,ALLOW,No significant risk indicators — consistent with observed behaviour,NO_ACTION,0,0.7021351177284122,0,0,0,0,0
TXN_cd9b6e39b6,2026-08-27 01:15:57.151377,M_0003,C_00733,50.0,0.0247,ALLOW,No significant risk indicators — consistent with observed behaviour,NO_ACTION,0,-1.6995841347025231,0,0,0,0,0
TXN_fcd65bfa6d,2026-08-27 01:20:52.469008,M_0009,C_00750,4594.46,0.0142,ALLOW,No significant risk indicators — consistent with observed behaviour,NO_ACTION,0,0.285571614690076,0,0,0,0,0
TXN_06f3e82c5e,2026-08-27 01:27:56.626981,M_0011,C_00234,7011.84,0.0064,ALLOW,No significant risk indicators — consistent with observed behaviour,NO_ACTION,0,0.7891948468375138,0,0,0,0,0
TXN_71378fded4,2026-08-27 01:29:03.539816,M_0008,C_00623,4984.65,0.0584,ALLOW,No significant risk indicators — consistent with observed behaviour,NO_ACTION,0,0.8862150006515364,0,0,0,0,0
TXN_dae1eeb67a,2026-08-27 01:36:21.584019,M_0001,C_00596,7472.96,0.0294,ALLOW,No significant risk indicators — consistent with observed behaviour,NO_ACTION,0,0.9736578959390925,0,0,0,0,0
TXN_a93a272130,2026-08-27 01:40:52.030948,M_0008,C_00665,3713.28,0.0321,ALLOW,No significant risk indicators — consistent with observed behaviour,NO_ACTION,0,0.17970679893440566,0,0,0,0,0
TXN_d7122e6811,2026-08-27 01:41:33.891266,M_0000,C_00449,2416.26,0.0201,ALLOW,No significant risk indicators — consistent with observed behaviour,NO_ACTION,0,0.1011364260921631,0,0,0,0,0
TXN_0a47f70176,2026-08-27 01:43:56.577389,M_0011,C_00593,9869.82,0.0105,ALLOW,Elevated amount vs merchant history,NO_ACTION,0,1.9987629530019417,0,0,0,0,0
TXN_86088ca521,2026-08-27 01:45:01.763198,M_0012,C_00605,5980.5,0.0605,ALLOW,Transaction country differs from customer profile,NO_ACTION,0,0.6236590738004226,0,0,0,0,1
TXN_2b7d5e84b7,2026-08-27 01:45:09.635939,M_0000,C_00346,1858.09,0.0126,ALLOW,No significant risk indicators — consistent with observed behaviour,NO_ACTION,0,-0.4561280372709163,0,0,0,0,0
TXN_98766c09e6,2026-08-27 01:47:35.474520,M_0004,C_00782,610.68,0.0951,ALLOW,No significant risk indicators — consistent with observed behaviour,NO_ACTION,0,-1.036928872425511,0,0,0,0,0
TXN_22f7b71b0c,2026-08-27 02:06:58.112408,M_0007,C_00403,12942.0,0.9295,ESCALATE,Very high amount vs merchant history,PENDING_MANUAL_REVIEW,1,3.625561915455849,0,0,0,0,0
TXN_2e4676b5b9,2026-08-27 02:20:39.398471,M_0014,C_00514,1653.4,0.0162,ALLOW,No significant risk indicators — consistent with observed behaviour,NO_ACTION,0,0.4913799264254688,0,0,0,0,0
TXN_f8963233d0,2026-08-27 02:26:52.304633,M_0011,C_00037,2282.69,0.0033,ALLOW,No significant risk indicators — consistent with observed behaviour,NO_ACTION,0,-1.2145794814470292,0,0,0,0,0
TXN_d2c7893057,2026-08-27 02:28:44.072333,M_0014,C_00453,1136.11,0.0357,ALLOW,No significant risk indicators — consistent with observed behaviour,NO_ACTION,0,-0.4777987944564715,0,0,0,0,0
TXN_10dbb962c0,2026-08-27 02:29:41.290895,M_0013,C_00651,2552.76,0.0553,ALLOW,No significant risk indicators — consistent with observed behaviour,NO_ACTION,0,1.0873327192786277,0,0,0,0,0
TXN_17e7774ed8,2026-08-27 02:32:10.835187,M_0004,C_00274,2007.17,0.0466,ALLOW,No significant risk indicators — consistent with observed behaviour,NO_ACTION,0,1.0521148766120467,0,0,0,0,0
TXN_d2a1f43124,2026-08-27 02:34:38.485613,M_0007,C_00170,5103.05,0.0819,ALLOW,No significant risk indicators — consistent with observed behaviour,NO_ACTION,0,0.22048893273159645,0,0,0,0,0
TXN_c7940cb5b7,2026-08-27 02:35:02.999049,M_0000,C_00560,628.25,0.0147,ALLOW,No significant risk indicators — consistent with observed behaviour,NO_ACTION,0,-1.6840843439498476,0,0,0,0,0
TXN_233ee84703,2026-08-27 02:38:20.953423,M_0002,C_00059,2925.86,0.0169,ALLOW,No significant risk indicators — consistent with observed behaviour,NO_ACTION,0,-0.4323968096119024,0,0,0,0,0
TXN_bcd8d9a4af,2026-08-27 02:39:52.119308,M_0013,C_00296,52.95,0.0209,ALLOW,No significant risk indicators — consistent with observed behaviour,NO_ACTION,0,-1.5924727932160367,0,0,0,0,0
TXN_8882f6a89c,2026-08-27 02:41:55.182808,M_0011,C_00583,5471.0,0.0164,ALLOW,No significant risk indicators — consistent with observed behaviour,NO_ACTION,0,0.1346510587410156,0,0,0,0,0
TXN_c23deaecd1,2026-08-27 02:51:28.139696,M_0014,C_00385,941.9,0.014,ALLOW,No significant risk indicators — consistent with observed behaviour,NO_ACTION,0,-0.8411717523125614,0,0,0,0,0
TXN_70613c4f24,2026-08-27 02:59:35.610596,M_0013,C_00203,2320.45,0.0291,ALLOW,No significant risk indicators — consistent with observed behaviour,NO_ACTION,0,0.8381088696060832,0,0,0,0,0
TXN_97d823912f,2026-08-27 03:00:54.622525,M_0013,C_00773,1289.34,0.013,ALLOW,No significant risk indicators — consistent with observed behaviour,NO_ACTION,0,-0.26656654467639224,0,0,0,0,0
TXN_1be91b85e3,2026-08-27 03:05:58.384890,M_0009,C_00489,5365.53,0.0318,ALLOW,No significant risk indicators — consistent with observed behaviour,NO_ACTION,0,0.6257405433811912,0,0,0,0,0
TXN_c4e80cf862,2026-08-27 03:06:42.189652,M_0011,C_00137,2069.72,0.0069,ALLOW,No significant risk indicators — consistent with observed behaviour,NO_ACTION,0,-1.3037042717853882,0,0,0,0,0
TXN_67b7e9df82,2026-08-27 03:07:40.112425,M_0000,C_00179,311.6,0.0408,ALLOW,No significant risk indicators — consistent with observed behaviour,NO_ACTION,0,-1.9963516150518819,0,0,0,0,0
TXN_70579462ac,2026-08-27 03:08:11.089885,M_0007,C_00027,4733.16,0.0497,ALLOW,No significant risk indicators — consistent with observed behaviour,NO_ACTION,0,0.06143036566737762,0,0,0,0,0
TXN_e025f8fee5,2026-08-27 03:20:53.290549,M_0006,C_00748,355.91,0.0132,ALLOW,No significant risk indicators — consistent with observed behaviour,NO_ACTION,0,-1.2792288488482053,0,0,0,0,0
TXN_2988d46000,2026-08-27 03:35:43.363407,M_0006,C_00075,384.55,0.0297,ALLOW,No significant risk indicators — consistent with observed behaviour,NO_ACTION,0,-1.1970230715632513,0,0,0,0,0
TXN_c347dfb89a,2026-08-27 03:41:08.017944,M_0013,C_00480,1664.26,0.0286,ALLOW,No significant risk indicators — consistent with observed behaviour,NO_ACTION,0,0.13520541629886654,0,0,0,0,0
TXN_e2364e4b5d,2026-08-27 03:56:25.769902,M_0000,C_00109,1847.03,0.0295,ALLOW,No significant risk indicators — consistent with observed behaviour,NO_ACTION,0,-0.4614367839025371,0,0,0,0,0
TXN_5bae16a7eb,2026-08-27 04:05:49.091809,M_0004,C_00686,1466.21,0.1932,VERIFY,Risk detected from combined weak signals (no single strong indicator),STEP_UP_REQUIRED,0,0.24192685922796106,0,0,0,0,0
TXN_be9a15c3a2,2026-08-27 04:09:10.570958,M_0000,C_00458,2016.87,0.027,ALLOW,No significant risk indicators — consistent with observed behaviour,NO_ACTION,0,-0.2918829931651986,0,0,0,0,0
TXN_2f72a3fd21,2026-08-27 04:09:37.634988,M_0013,C_00178,262.23,0.0058,ALLOW,No significant risk indicators — consistent with observed behaviour,NO_ACTION,0,-1.3676398755298387,0,0,0,0,0
TXN_c1602b87b8,2026-08-27 04:20:11.816421,M_0012,C_00618,6943.76,0.0261,ALLOW,No significant risk indicators — consistent with observed behaviour,NO_ACTION,0,0.9886160476982551,0,0,0,0,0
TXN_0e9a0ded39,2026-08-27 04:24:02.425485,M_0008,C_00045,1898.92,0.0259,ALLOW,No significant risk indicators — consistent with observed behaviour,NO_ACTION,0,-0.8276998035495124,0,0,0,0,0
TXN_f881287f05,2026-08-27 04:24:06.413657,M_0009,C_00063,4570.68,0.0353,ALLOW,No significant risk indicators — consistent with observed behaviour,NO_ACTION,0,0.27425232834473917,0,0,0,0,0
TXN_4303a0508c,2026-08-27 04:26:23.526307,M_0007,C_00318,5751.05,0.0149,ALLOW,No significant risk indicators — consistent with observed behaviour,NO_ACTION,0,0.4989277057761576,0,0,0,0,0
TXN_25c0a30eef,2026-08-27 04:35:16.841848,M_0012,C_00105,6079.5,0.0465,ALLOW,No significant risk indicators — consistent with observed behaviour,NO_ACTION,0,0.6592385536304101,0,0,0,0,0
TXN_0dc3b346a7,2026-08-27 04:36:38.020592,M_0006,C_00074,793.55,0.0344,ALLOW,No significant risk indicators — consistent with observed behaviour,NO_ACTION,0,-0.05360387237184696,0,0,0,0,0
TXN_6f3d8adc03,2026-08-27 04:39:57.684159,M_0014,C_00240,533.78,0.0174,ALLOW,No significant risk indicators — consistent with observed behaviour,NO_ACTION,0,-1.6047998063522602,0,0,0,0,0
TXN_f0c7b489b5,2026-08-27 04:52:19.920595,M_0005,C_00550,2336.59,0.0837,ALLOW,No significant risk indicators — consistent with observed behaviour,NO_ACTION,0,1.1832344834281643,0,0,0,0,0
TXN_ec10f7e285,2026-08-27 04:53:15.240283,M_0009,C_00692,4841.47,0.0437,ALLOW,No significant risk indicators — consistent with observed behaviour,NO_ACTION,0,0.3937137982607426,0,0,0,0,0
TXN_89fc1ecdfc,2026-08-27 04:55:43.319707,M_0007,C_00161,4382.25,0.0456,ALLOW,No significant risk indicators — consistent with observed behaviour,NO_ACTION,0,-0.09031560113437934,0,0,0,0,0
TXN_78e5b68fc1,2026-08-27 04:57:46.483901,M_0002,C_00090,3851.6,0.0096,ALLOW,No significant risk indicators — consistent with observed behaviour,NO_ACTION,0,-0.04097091693721496,0,0,0,0,0
TXN_002a40507d,2026-08-27 04:58:14.202728,M_0005,C_00208,1336.52,0.0606,ALLOW,No significant risk indicators — consistent with observed behaviour,NO_ACTION,0,0.009355291864906039,0,0,0,0,0
TXN_1a45b02204,2026-08-27 04:59:21.235192,M_0004,C_00316,393.12,0.0576,ALLOW,No significant risk indicators — consistent with observed behaviour,NO_ACTION,0,-1.3632920755979374,0,0,0,0,0
TXN_db757c06ac,2026-08-27 05:03:21.697537,M_0010,C_00581,50.0,0.0255,ALLOW,No significant risk indicators — consistent with observed behaviour,NO_ACTION,0,-1.4096973236398331,0,0,0,0,0
TXN_cd20f5e3c0,2026-08-27 05:06:41.193688,M_0004,C_00691,1012.92,0.1067,ALLOW,No significant risk indicators — consistent with observed behaviour,NO_ACTION,0,-0.43398018051738485,0,0,0,0,0
TXN_3389b2513e,2026-08-27 05:07:58.113720,M_0000,C_00661,3149.4,0.0372,ALLOW,No significant risk indicators — consistent with observed behaviour,NO_ACTION,0,0.8373916479947693,0,0,0,0,0
TXN_f82f2f4d3e,2026-08-27 05:14:57.630166,M_0011,C_00667,7107.9,0.0041,ALLOW,No significant risk indicators — consistent with observed behaviour,NO_ACTION,0,0.8279742800368916,0,0,0,0,0
TXN_13c5368fd5,2026-08-27 05:20:38.310182,M_0006,C_00411,739.57,0.0477,ALLOW,No significant risk indicators — consistent with observed behaviour,NO_ACTION,0,-0.20432094268916737,0,0,0,0,0
TXN_0fe59da959,2026-08-27 05:24:54.978350,M_0012,C_00579,4303.65,0.0537,ALLOW,No significant risk indicators — consistent with observed behaviour,NO_ACTION,0,-0.015660989216488792,0,0,0,0,0
TXN_3f4483dc88,2026-08-27 05:32:20.807910,M_0003,C_00121,3045.87,0.0608,ALLOW,No significant risk indicators — consistent with observed behaviour,NO_ACTION,0,-0.12629467339466663,0,0,0,0,0
TXN_1ca1667426,2026-08-27 05:36:40.938925,M_0007,C_00218,4415.98,0.0436,ALLOW,No significant risk indicators — consistent with observed behaviour,NO_ACTION,0,-0.07572324816203906,0,0,0,0,0
TXN_e8691d6541,2026-08-27 05:41:19.065922,M_0005,C_00506,1738.2,0.0336,ALLOW,No significant risk indicators — consistent with observed behaviour,NO_ACTION,0,0.4802470386779941,0,0,0,0,0
TXN_7cc161f6c8,2026-08-27 05:42:33.872624,M_0003,C_00635,1514.32,0.0155,ALLOW,No significant risk indicators — consistent with observed behaviour,NO_ACTION,0,-0.9285155122891183,0,0,0,0,0
TXN_eb0ca154f4,2026-08-27 05:44:12.629407,M_0014,C_00397,2354.46,0.5362,VERIFY,Elevated amount vs merchant history,STEP_UP_REQUIRED,1,1.8080785589464945,0,0,0,0,0
TXN_5b9f86c11b,2026-08-27 05:51:03.950420,M_0014,C_00676,1275.11,0.0109,ALLOW,No significant risk indicators — consistent with observed behaviour,NO_ACTION,0,-0.21492660426499785,0,0,0,0,0
TXN_1de4954388,2026-08-27 05:56:05.233159,M_0007,C_00587,3357.68,0.0359,ALLOW,No significant risk indicators — consistent with observed behaviour,NO_ACTION,0,-0.5315793393624152,0,0,0,0,0
TXN_21cf99f84f,2026-08-27 05:57:15.372107,M_0011,C_00433,6118.18,0.0158,ALLOW,No significant risk indicators — consistent with observed behaviour,NO_ACTION,0,0.4087160870426104,0,0,0,0,0
TXN_9c99dbca72,2026-08-27 05:59:27.529414,M_0013,C_00018,50.0,0.0217,ALLOW,No significant risk indicators — consistent with observed behaviour,NO_ACTION,0,-1.59208412815348,0,0,0,0,0
TXN_f7dc102c6e,2026-08-27 06:01:40.729267,M_0009,C_00675,3656.95,0.0467,ALLOW,No significant risk indicators — consistent with observed behaviour,NO_ACTION,0,-0.13013722279645035,0,0,0,0,0
TXN_c0bb53e3e0,2026-08-27 06:02:05.417325,M_0012,C_00712,4207.26,0.0306,ALLOW,No significant risk indicators — consistent with observed behaviour,NO_ACTION,0,-0.05227196439512226,0,0,0,0,0
TXN_054470fdbf,2026-08-27 06:04:16.899880,M_0004,C_00629,1331.05,0.0728,ALLOW,No significant risk indicators — consistent with observed behaviour,NO_ACTION,0,0.04221208987743262,0,0,0,0,0
TXN_1b08d5c02e,2026-08-27 06:08:40.900769,M_0012,C_00690,3401.99,0.0751,ALLOW,No significant risk indicators — consistent with observed behaviour,NO_ACTION,0,-0.35840001921015235,0,0,0,0,0
TXN_f901517df0,2026-08-27 06:29:44.274367,M_0011,C_00234,3270.41,0.0083,ALLOW,No significant risk indicators — consistent with observed behaviour,NO_ACTION,0,-0.796110720473491,0,0,0,0,0
TXN_e6e137afc2,2026-08-27 06:34:38.768008,M_0001,C_00414,5733.5,0.1518,VERIFY,Risk detected from combined weak signals (no single strong indicator),STEP_UP_REQUIRED,0,0.30263110451786857,0,0,0,0,0
TXN_9464d2c6fd,2026-08-27 06:38:54.227894,M_0009,C_00708,230.87,0.0064,ALLOW,No significant risk indicators — consistent with observed behaviour,NO_ACTION,0,-1.6453364853924934,0,0,0,0,0
TXN_48469d814e,2026-08-27 06:38:59.878270,M_0007,C_00508,8225.35,0.2593,VERIFY,Elevated amount vs merchant history,STEP_UP_REQUIRED,0,1.5671673534182247,0,0,0,0,0
TXN_0c404e00ef,2026-08-27 06:40:29.525190,M_0004,C_00087,880.95,0.137,ALLOW,No significant risk indicators — consistent with observed behaviour,NO_ACTION,0,-0.6315076707334799,0,0,0,0,0
TXN_de801a7fd5,2026-08-27 06:40:37.311511,M_0005,C_00448,1324.64,0.2272,VERIFY,Risk detected from combined weak signals (no single strong indicator),STEP_UP_REQUIRED,0,-0.005429383573637211,0,0,0,0,0
TXN_7563785978,2026-08-27 06:44:52.533230,M_0005,C_00448,1882.78,0.8977,VERIFY,Recent activity from same IP,STEP_UP_REQUIRED,0,0.6499174896631807,0,1,1,0,0
TXN_3c4fc297e3,2026-08-27 06:47:40.905031,M_0000,C_00374,2326.67,0.0576,ALLOW,No significant risk indicators — consistent with observed behaviour,NO_ACTION,0,0.016215063257259653,0,0,0,0,0
TXN_b34496a6c7,2026-08-27 06:50:42.380148,M_0013,C_00609,1267.52,0.0346,ALLOW,No significant risk indicators — consistent with observed behaviour,NO_ACTION,0,-0.2852752783806276,0,0,0,0,0
TXN_0d087cef9c,2026-08-27 06:50:48.137645,M_0013,C_00183,2027.18,0.1606,VERIFY,Transaction country differs from customer profile,STEP_UP_REQUIRED,0,0.5282954615865617,0,0,0,0,1
TXN_8b0221da60,2026-08-27 07:00:37.728371,M_0000,C_00314,1350.46,0.0155,ALLOW,No significant risk indicators — consistent with observed behaviour,NO_ACTION,0,-0.9577567305228345,0,0,0,0,0
TXN_b0acb6e2a3,2026-08-27 07:01:44.253890,M_0007,C_00565,3680.26,0.0282,ALLOW,No significant risk indicators — consistent with observed behaviour,NO_ACTION,0,-0.394030560128005,0,0,0,0,0
TXN_cb8284bdc6,2026-08-27 07:02:59.875446,M_0001,C_00382,2984.78,0.106,ALLOW,No significant risk indicators — consistent with observed behaviour,NO_ACTION,0,-0.7559023181282116,0,0,0,0,0
TXN_6f339efe48,2026-08-27 07:03:00.178398,M_0012,C_00786,1468.75,0.1003,ALLOW,No significant risk indicators — consistent with observed behaviour,NO_ACTION,1,-1.0935865044745194,0,0,0,0,0
TXN_30fb6259e8,2026-08-27 07:03:44.525295,M_0000,C_00402,1173.66,0.0281,ALLOW,No significant risk indicators — consistent with observed behaviour,NO_ACTION,0,-1.133125741248656,0,0,0,0,0
TXN_ab9dc1bae0,2026-08-27 07:04:09.576499,M_0012,C_00786,1997.89,0.9296,ESCALATE,Recent activity from same IP,PENDING_MANUAL_REVIEW,1,-0.8906333120990655,0,1,1,0,0
TXN_0abf6932ae,2026-08-27 07:04:42.764089,M_0012,C_00786,985.74,0.9392,ESCALATE,Recent activity from same IP,PENDING_MANUAL_REVIEW,1,-1.2745781862450125,0,2,2,0,0
TXN_67ab373893,2026-08-27 07:05:36.835468,M_0012,C_00786,4683.9,0.9535,ESCALATE,High IP transaction velocity | High customer transaction velocity,PENDING_MANUAL_REVIEW,1,0.1340593968705429,0,3,3,0,0
TXN_d0caf5805d,2026-08-27 07:07:03.131295,M_0012,C_00786,2049.07,0.9953,ESCALATE,High IP transaction velocity | High customer transaction velocity,PENDING_MANUAL_REVIEW,1,-0.8686745581178398,0,4,4,0,0
TXN_f4cb746d51,2026-08-27 07:07:14.857378,M_0001,C_00303,3635.67,0.0871,ALLOW,No significant risk indicators — consistent with observed behaviour,NO_ACTION,0,-0.5039415622799072,0,0,0,0,0
TXN_699a01fd97,2026-08-27 07:07:21.545452,M_0012,C_00786,8676.46,0.9966,ESCALATE,Elevated amount vs merchant history | High IP transaction velocity | High customer transaction velocity,PENDING_MANUAL_REVIEW,1,1.6547556385655773,0,5,5,0,0
TXN_08652a754b,2026-08-27 07:07:55.971334,M_0002,C_00770,3747.46,0.0231,ALLOW,No significant risk indicators — consistent with observed behaviour,NO_ACTION,0,-0.08496805740813726,0,0,0,0,0
TXN_e0a99d2549,2026-08-27 07:07:59.429245,M_0012,C_00786,6030.18,0.9957,ESCALATE,High IP transaction velocity | High customer transaction velocity | Elevated merchant transaction activity,PENDING_MANUAL_REVIEW,1,0.6445129290269531,0,6,6,0,0
TXN_31d5fb968b,2026-08-27 07:08:00.492374,M_0000,C_00049,4159.07,0.6126,VERIFY,Elevated amount vs merchant history | Previously unseen device,STEP_UP_REQUIRED,0,1.8465319102038418,1,0,0,0,0
TXN_56ef2644a4,2026-08-27 07:08:09.815859,M_0012,C_00786,3702.06,0.9964,ESCALATE,High IP transaction velocity | High customer transaction velocity | Elevated merchant transaction activity,PENDING_MANUAL_REVIEW,1,-0.24149128094443567,0,7,7,0,0
TXN_b672ad0286,2026-08-27 07:08:29.143174,M_0012,C_00786,682.84,0.9958,ESCALATE,High IP transaction velocity | High customer transaction velocity | Elevated merchant transaction activity,PENDING_MANUAL_REVIEW,1,-1.3902571054943564,0,8,8,0,0
TXN_6a09fa428f,2026-08-27 07:14:41.049880,M_0005,C_00713,1573.04,0.0534,ALLOW,No significant risk indicators — consistent with observed behaviour,NO_ACTION,0,0.28523968748888934,0,0,0,0,0
TXN_3cfd325802,2026-08-27 07:15:59.997981,M_0004,C_00642,1583.89,0.1228,ALLOW,No significant risk indicators — consistent with observed behaviour,NO_ACTION,0,0.42172756673753103,0,0,0,0,0
TXN_15fa260ecd,2026-08-27 07:27:08.455807,M_0012,C_00765,9328.83,0.0812,ALLOW,Elevated amount vs merchant history,NO_ACTION,0,1.9006140994066387,0,0,0,0,0
TXN_feacb99ffa,2026-08-27 07:32:26.479467,M_0006,C_00494,544.33,0.0351,ALLOW,No significant risk indicators — consistent with observed behaviour,NO_ACTION,0,-0.7497849166626422,0,0,0,0,0
TXN_07d8df7943,2026-08-27 07:33:54.832171,M_0014,C_00171,483.39,0.019,ALLOW,No significant risk indicators — consistent with observed behaviour,NO_ACTION,0,-1.6947536127692926,0,0,0,0,0
TXN_34311353be,2026-08-27 07:39:34.304612,M_0008,C_00421,6465.75,0.5518,VERIFY,Elevated amount vs merchant history,STEP_UP_REQUIRED,1,1.7093152444205095,0,0,0,0,0
TXN_25b7b2778e,2026-08-27 07:39:48.971217,M_0000,C_00073,2294.1,0.1124,ALLOW,No significant risk indicators — consistent with observed behaviour,NO_ACTION,0,-0.015987935794801345,0,0,0,0,0
TXN_b3268db13f,2026-08-27 07:40:10.778773,M_0008,C_00421,2600.98,0.9235,ESCALATE,Recent activity from same IP,PENDING_MANUAL_REVIEW,1,-0.43875299523650685,0,1,1,0,0
TXN_a0845438e8,2026-08-27 07:41:41.008474,M_0007,C_00051,9437.87,0.1721,VERIFY,Elevated amount vs merchant history,STEP_UP_REQUIRED,1,2.0869419238090194,0,0,0,0,0
TXN_c6b45586ef,2026-08-27 07:42:41.898609,M_0011,C_00759,5079.37,0.0167,ALLOW,No significant risk indicators — consistent with observed behaviour,NO_ACTION,0,-0.03001384226048727,0,0,0,0,0
TXN_e4cecb00f2,2026-08-27 07:44:14.110479,M_0008,C_00421,4777.56,0.9325,ESCALATE,Recent activity from same IP,PENDING_MANUAL_REVIEW,1,0.7692704590390267,0,2,2,0,0
TXN_4514b534d8,2026-08-27 07:45:39.745034,M_0008,C_00421,2169.38,0.9575,ESCALATE,High IP transaction velocity | High customer transaction velocity,PENDING_MANUAL_REVIEW,1,-0.6792024748789346,0,3,3,0,0
TXN_9dfb6a6b80,2026-08-27 07:45:58.054777,M_0008,C_00421,4761.19,0.9933,ESCALATE,High IP transaction velocity | High customer transaction velocity,PENDING_MANUAL_REVIEW,1,0.7605987860002844,0,4,4,0,0
TXN_7b706160d1,2026-08-27 07:46:00.622841,M_0008,C_00421,3726.04,0.9962,ESCALATE,High IP transaction velocity | High customer transaction velocity | Elevated merchant transaction activity,PENDING_MANUAL_REVIEW,1,0.18475647917641097,0,5,5,0,0
TXN_3baf9b2354,2026-08-27 07:47:35.779873,M_0008,C_00421,5408.38,0.9976,ESCALATE,High IP transaction velocity | High customer transaction velocity | Elevated merchant transaction activity,PENDING_MANUAL_REVIEW,1,1.1196800887958283,0,6,6,0,0
TXN_098065b6cb,2026-08-27 07:47:47.761575,M_0013,C_00076,1391.25,0.0535,ALLOW,No significant risk indicators — consistent with observed behaviour,NO_ACTION,0,-0.15343066509970754,0,0,0,0,0
TXN_b017f614fd,2026-08-27 07:55:51.492161,M_0011,C_00663,2394.17,0.0036,ALLOW,No significant risk indicators — consistent with observed behaviour,NO_ACTION,0,-1.1667039595288828,0,0,0,0,0
TXN_f8c0442b41,2026-08-27 07:59:02.160185,M_0009,C_00065,6631.34,0.1535,VERIFY,Risk detected from combined weak signals (no single strong indicator),STEP_UP_REQUIRED,0,1.1861920395162031,0,0,0,0,0
TXN_e897964a01,2026-08-27 08:02:09.639087,M_0000,C_00049,2943.07,0.0771,ALLOW,No significant risk indicators — consistent with observed behaviour,NO_ACTION,0,0.6309151080857842,0,0,0,0,0
TXN_9e4afe88e1,2026-08-27 08:04:48.306403,M_0006,C_00068,1505.11,0.2881,VERIFY,Elevated amount vs merchant history,STEP_UP_REQUIRED,0,1.9367138187155561,0,0,0,0,0
TXN_06bca84fdf,2026-08-27 08:06:27.846852,M_0007,C_00764,4837.71,0.1379,ALLOW,No significant risk indicators — consistent with observed behaviour,NO_ACTION,0,0.10142049648671794,0,0,0,0,0
TXN_ce70445a2b,2026-08-27 08:11:53.346990,M_0013,C_00016,1860.6,0.0478,ALLOW,No significant risk indicators — consistent with observed behaviour,NO_ACTION,0,0.34982844766532656,0,0,0,0,0
TXN_669f60c5ab,2026-08-27 08:13:04.818494,M_0014,C_00743,1007.62,0.0167,ALLOW,No significant risk indicators — consistent with observed behaviour,NO_ACTION,0,-0.7104620379901591,0,0,0,0,0
TXN_008b8581eb,2026-08-27 08:19:23.872328,M_0010,C_00235,50.0,0.1526,VERIFY,Risk detected from combined weak signals (no single strong indicator),STEP_UP_REQUIRED,0,-1.405238658418129,0,0,0,0,0
TXN_37133f4973,2026-08-27 08:20:36.850481,M_0007,C_00027,5372.04,0.0663,ALLOW,No significant risk indicators — consistent with observed behaviour,NO_ACTION,0,0.331120251877663,0,0,0,0,0
TXN_2f4ff7dd3e,2026-08-27 08:22:00.619706,M_0009,C_00556,7339.47,0.1667,VERIFY,Risk detected from combined weak signals (no single strong indicator),STEP_UP_REQUIRED,0,1.4973202968583907,0,0,0,0,0
TXN_a4f485779d,2026-08-27 08:24:06.272107,M_0004,C_00365,1588.78,0.1419,ALLOW,No significant risk indicators — consistent with observed behaviour,NO_ACTION,0,0.42869219018078575,0,0,0,0,0
TXN_10e43d56a5,2026-08-27 08:30:30.090507,M_0008,C_00163,1474.29,0.0174,ALLOW,No significant risk indicators — consistent with observed behaviour,NO_ACTION,0,-1.0684388642472973,0,0,0,0,0
TXN_a6ab161f01,2026-08-27 08:35:55.823353,M_0008,C_00278,1366.5,0.0306,ALLOW,No significant risk indicators — consistent with observed behaviour,NO_ACTION,0,-1.1266004746987106,0,0,0,0,0
TXN_fdac505d22,2026-08-27 08:38:07.180872,M_0008,C_00069,2255.84,0.0705,ALLOW,No significant risk indicators — consistent with observed behaviour,NO_ACTION,0,-0.6306073351165457,0,0,0,0,0
TXN_e235c2e6a0,2026-08-27 08:39:51.158580,M_0012,C_00041,7536.74,0.3672,VERIFY,Risk detected from combined weak signals (no single strong indicator),STEP_UP_REQUIRED,1,1.2142754688214854,0,0,0,0,0
TXN_c5141aeb92,2026-08-27 08:48:12.748917,M_0003,C_00475,4306.94,0.0269,ALLOW,No significant risk indicators — consistent with observed behaviour,NO_ACTION,0,0.5359056142493609,0,0,0,0,0
TXN_98074409cc,2026-08-27 08:50:35.555527,M_0002,C_00321,4934.2,0.038,ALLOW,No significant risk indicators — consistent with observed behaviour,NO_ACTION,0,0.4170928669721934,0,0,0,0,0
TXN_ecbec23b75,2026-08-27 08:53:57.135088,M_0006,C_00694,969.14,0.0289,ALLOW,No significant risk indicators — consistent with observed behaviour,NO_ACTION,0,0.43512335370163135,0,0,0,0,0
TXN_38e6078d64,2026-08-27 08:57:52.525696,M_0004,C_00370,859.85,0.0331,ALLOW,No significant risk indicators — consistent with observed behaviour,NO_ACTION,0,-0.6644898900660603,0,0,0,0,0
TXN_fde93f20dd,2026-08-27 09:03:27.995248,M_0007,C_00250,5616.75,0.0812,ALLOW,No significant risk indicators — consistent with observed behaviour,NO_ACTION,0,0.4361374635451108,0,0,0,0,0
TXN_c9867d6d28,2026-08-27 09:07:35.491346,M_0000,C_00449,1403.04,0.0182,ALLOW,No significant risk indicators — consistent with observed behaviour,NO_ACTION,0,-0.9052005241858351,0,0,0,0,0
TXN_c32a8086da,2026-08-27 09:07:40.603150,M_0008,C_00688,3707.88,0.0796,ALLOW,No significant risk indicators — consistent with observed behaviour,NO_ACTION,0,0.177088000157379,0,0,0,0,0
TXN_72d69c8d7b,2026-08-27 09:08:06.224846,M_0001,C_00128,8187.37,0.1916,VERIFY,Transaction country differs from customer profile,STEP_UP_REQUIRED,0,1.2512153474104546,0,0,0,0,1
TXN_758bb1a754,2026-08-27 09:11:50.764532,M_0008,C_00045,5214.61,0.1308,ALLOW,No significant risk indicators — consistent with observed behaviour,NO_ACTION,0,1.0149885124994746,0,0,0,0,0
TXN_309eaba57b,2026-08-27 09:13:19.103094,M_0006,C_00566,878.35,0.0433,ALLOW,No significant risk indicators — consistent with observed behaviour,NO_ACTION,0,0.18131508554411907,0,0,0,0,0
TXN_a46d991c1e,2026-08-27 09:18:19.624615,M_0009,C_00692,2588.59,0.0842,ALLOW,No significant risk indicators — consistent with observed behaviour,NO_ACTION,0,-0.602603761001135,0,0,0,0,0
TXN_f4af707f56,2026-08-27 09:20:35.633592,M_0014,C_00397,813.71,0.0425,ALLOW,No significant risk indicators — consistent with observed behaviour,NO_ACTION,0,-1.0715295544408165,0,0,0,0,0
TXN_b653ef0af0,2026-08-27 09:21:14.568520,M_0009,C_00446,3798.84,0.0852,ALLOW,No significant risk indicators — consistent with observed behaviour,NO_ACTION,1,-0.06770759482958003,0,0,0,0,0
TXN_e5385fd118,2026-08-27 09:21:19.698188,M_0013,C_00113,2050.24,0.0439,ALLOW,Previously unseen device,NO_ACTION,0,0.5529663831749614,1,0,0,0,0
TXN_8ef608435a,2026-08-27 09:21:55.275843,M_0009,C_00446,2878.97,0.8996,VERIFY,Recent activity from same IP,STEP_UP_REQUIRED,1,-0.4740953793970801,0,1,1,0,0
TXN_449dae644c,2026-08-27 09:22:03.191969,M_0009,C_00446,4822.01,0.9325,ESCALATE,Recent activity from same IP,PENDING_MANUAL_REVIEW,1,0.3851293071806046,0,2,2,0,0
TXN_7dcaf16a27,2026-08-27 09:22:50.001414,M_0004,C_00370,675.75,0.0276,ALLOW,No significant risk indicators — consistent with observed behaviour,NO_ACTION,0,-0.9399089698099607,0,0,0,0,0
TXN_dd405bc266,2026-08-27 09:24:09.552838,M_0009,C_00446,4785.77,0.9534,ESCALATE,High IP transaction velocity | High customer transaction velocity,PENDING_MANUAL_REVIEW,1,0.3688440410195734,0,3,3,0,0
TXN_c2fbcb8c60,2026-08-27 09:24:20.399724,M_0002,C_00439,3182.84,0.0376,ALLOW,No significant risk indicators — consistent with observed behaviour,NO_ACTION,0,-0.3244708959282054,0,0,0,0,0
TXN_b007358b6b,2026-08-27 09:24:52.351131,M_0009,C_00446,3599.1,0.9938,ESCALATE,High IP transaction velocity | High customer transaction velocity | Elevated merchant transaction activity,PENDING_MANUAL_REVIEW,1,-0.15647143766302804,0,4,4,0,0
TXN_7b451638f5,2026-08-27 09:25:04.860978,M_0001,C_00204,6817.23,0.0414,ALLOW,No significant risk indicators — consistent with observed behaviour,NO_ACTION,0,0.7199869359289286,0,0,0,0,0
TXN_a8084dc1b6,2026-08-27 09:25:21.751869,M_0009,C_00446,4160.87,0.9946,ESCALATE,High IP transaction velocity | High customer transaction velocity | Elevated merchant transaction activity,PENDING_MANUAL_REVIEW,1,0.09233207877316708,0,5,5,0,0
TXN_2878844c49,2026-08-27 09:26:26.285157,M_0009,C_00446,3846.3,0.9951,ESCALATE,High IP transaction velocity | High customer transaction velocity | Elevated merchant transaction activity,PENDING_MANUAL_REVIEW,1,-0.047070742693822415,0,6,6,0,0
TXN_aa61471bf3,2026-08-27 09:33:42.237940,M_0011,C_00348,5125.62,0.0245,ALLOW,No significant risk indicators — consistent with observed behaviour,NO_ACTION,0,-0.009017925414815492,0,0,0,0,0
TXN_66ccfea79f,2026-08-27 09:36:28.807311,M_0007,C_00027,9410.86,0.1952,VERIFY,Elevated amount vs merchant history,STEP_UP_REQUIRED,0,2.0695303879881277,0,0,0,0,0
TXN_fc6e18f88d,2026-08-27 09:38:37.734815,M_0004,C_00686,2009.26,0.2621,VERIFY,Risk detected from combined weak signals (no single strong indicator),STEP_UP_REQUIRED,0,1.0615584914717957,0,0,0,0,0
TXN_b0b77809ff,2026-08-27 09:44:43.249012,M_0006,C_00645,1141.73,0.0913,ALLOW,No significant risk indicators — consistent with observed behaviour,NO_ACTION,0,0.9169595403694203,0,0,0,0,0
TXN_b768fae2c2,2026-08-27 09:50:05.046852,M_0014,C_00495,1749.71,0.0322,ALLOW,No significant risk indicators — consistent with observed behaviour,NO_ACTION,0,0.6778936247207736,0,0,0,0,0
TXN_c207e318e1,2026-08-27 09:51:07.993344,M_0007,C_00403,4672.91,0.0538,ALLOW,No significant risk indicators — consistent with observed behaviour,NO_ACTION,0,0.025957820423644095,0,0,0,0,0
TXN_100baa490d,2026-08-27 09:53:33.894277,M_0009,C_00615,1894.73,0.0273,ALLOW,No significant risk indicators — consistent with observed behaviour,NO_ACTION,0,-0.9120539626090622,0,0,0,0,0
TXN_1d7bb86ef3,2026-08-27 09:56:03.167059,M_0008,C_00612,7355.4,0.3674,VERIFY,Elevated amount vs merchant history,STEP_UP_REQUIRED,0,2.204112760874954,0,0,0,0,0
TXN_5fd07b9494,2026-08-27 09:58:34.846411,M_0004,C_00028,1070.73,0.1334,ALLOW,No significant risk indicators — consistent with observed behaviour,NO_ACTION,0,-0.3476861322256024,0,0,0,0,0
TXN_5b8fbf0a45,2026-08-27 09:59:05.602011,M_0012,C_00730,9077.39,0.3106,VERIFY,Elevated amount vs merchant history,STEP_UP_REQUIRED,0,1.7968698035133555,0,0,0,0,0
TXN_b7689c2800,2026-08-27 10:01:05.602011,M_0012,C_00730,8156.33,0.9259,ESCALATE,Recent activity from same IP | Recent failed payment attempts,PENDING_MANUAL_REVIEW,0,1.4426517483427794,0,1,1,1,0
TXN_5af53f2682,2026-08-27 10:03:52.294642,M_0013,C_00089,1841.37,0.0473,ALLOW,No significant risk indicators — consistent with observed behaviour,NO_ACTION,0,0.3282727722914819,0,0,0,0,0
TXN_f26de9d6f1,2026-08-27 10:06:05.602011,M_0012,C_00730,9799.06,0.9589,ESCALATE,Elevated amount vs merchant history | Recent activity from same IP | Recent failed payment attempts,PENDING_MANUAL_REVIEW,1,2.061588738333108,0,2,2,2,0
TXN_0fadc1d231,2026-08-27 10:11:40.240550,M_0004,C_00457,1394.83,0.0959,ALLOW,No significant risk indicators — consistent with observed behaviour,NO_ACTION,0,0.13899157906015613,0,0,0,0,0
TXN_b9de85ee49,2026-08-27 10:30:42.946546,M_0008,C_00025,2446.18,0.1272,ALLOW,No significant risk indicators — consistent with observed behaviour,NO_ACTION,0,-0.5281080495676962,0,0,0,0,0
TXN_308162c568,2026-08-27 10:35:40.368160,M_0004,C_00684,1525.75,0.1793,VERIFY,Risk detected from combined weak signals (no single strong indicator),STEP_UP_REQUIRED,0,0.33550778180388163,0,0,0,0,0
TXN_b426cf4023,2026-08-27 10:37:58.346788,M_0008,C_00668,2758.42,0.0345,ALLOW,No significant risk indicators — consistent with observed behaviour,NO_ACTION,0,-0.35434460971053355,0,0,0,0,0
TXN_8c00211818,2026-08-27 10:42:24.242643,M_0003,C_00266,3701.04,0.1381,ALLOW,No significant risk indicators — consistent with observed behaviour,NO_ACTION,0,0.21776495235046905,0,0,0,0,0
TXN_cde77a898c,2026-08-27 10:45:58.173609,M_0008,C_00069,1725.55,0.0621,ALLOW,No significant risk indicators — consistent with observed behaviour,NO_ACTION,0,-0.9275426618412422,0,0,0,0,0
TXN_4de8dbf425,2026-08-27 10:46:20.379142,M_0009,C_00447,2777.34,0.0289,ALLOW,No significant risk indicators — consistent with observed behaviour,NO_ACTION,0,-0.519840313188809,0,0,0,0,0
TXN_475c9086c0,2026-08-27 10:47:10.397145,M_0008,C_00035,2233.97,0.7045,VERIFY,Transaction country differs from customer profile,STEP_UP_REQUIRED,0,-0.6439238127770069,0,0,0,0,1
TXN_41d3339541,2026-08-27 10:54:24.798633,M_0003,C_00740,3550.37,0.0461,ALLOW,No significant risk indicators — consistent with observed behaviour,NO_ACTION,0,0.13855210188855313,0,0,0,0,0
TXN_707af1eb79,2026-08-27 11:09:07.099197,M_0008,C_00132,2705.31,0.0468,ALLOW,No significant risk indicators — consistent with observed behaviour,NO_ACTION,0,-0.38139102407074976,0,0,0,0,0
TXN_bcee6342f1,2026-08-27 11:09:45.238929,M_0008,C_00612,4055.42,0.0327,ALLOW,No significant risk indicators — consistent with observed behaviour,NO_ACTION,0,0.3694650184343012,0,0,0,0,0
TXN_306719cab9,2026-08-27 11:11:49.114165,M_0009,C_00615,7237.78,0.1406,ALLOW,No significant risk indicators — consistent with observed behaviour,NO_ACTION,1,1.4586110987276364,0,0,0,0,0
TXN_291f570044,2026-08-27 11:18:15.129822,M_0007,C_00391,2617.74,0.1189,ALLOW,No significant risk indicators — consistent with observed behaviour,NO_ACTION,0,-0.8574664750781197,0,0,0,0,0
TXN_2351e47ad6,2026-08-27 11:20:38.119901,M_0014,C_00101,1352.49,0.2927,VERIFY,Transaction country differs from customer profile,STEP_UP_REQUIRED,0,-0.0649023031532215,0,0,0,0,1
TXN_ecd8cb18d3,2026-08-27 11:21:48.998642,M_0013,C_00641,1417.42,0.0257,ALLOW,No significant risk indicators — consistent with observed behaviour,NO_ACTION,0,-0.12728647097674628,0,0,0,0,0
TXN_475dc4d770,2026-08-27 11:30:32.752568,M_0000,C_00637,3902.04,0.3202,VERIFY,Elevated amount vs merchant history,STEP_UP_REQUIRED,1,1.5878200314664097,0,0,0,0,0
TXN_9dbaa32c9d,2026-08-27 11:30:54.266575,M_0007,C_00213,4352.76,0.0283,ALLOW,No significant risk indicators — consistent with observed behaviour,NO_ACTION,0,-0.11035019970641338,0,0,0,0,0
TXN_5aad3ebd06,2026-08-27 11:32:03.984499,M_0006,C_00541,1221.02,0.4872,VERIFY,Previously unseen device,STEP_UP_REQUIRED,0,1.1373687954665417,1,0,0,0,0
TXN_36a337c870,2026-08-27 11:34:07.529957,M_0011,C_00206,3382.3,0.0084,ALLOW,No significant risk indicators — consistent with observed behaviour,NO_ACTION,0,-0.7472835707005713,0,0,0,0,0
TXN_acd1bc1c28,2026-08-27 11:35:56.600232,M_0009,C_00556,6128.46,0.0301,ALLOW,No significant risk indicators — consistent with observed behaviour,NO_ACTION,0,0.9643457029085951,0,0,0,0,0
TXN_0077ac126d,2026-08-27 11:43:42.214113,M_0011,C_00667,6105.38,0.0124,ALLOW,No significant risk indicators — consistent with observed behaviour,NO_ACTION,0,0.4069021124564627,0,0,0,0,0
TXN_a92351eb25,2026-08-27 11:44:17.727059,M_0007,C_00021,5329.5,0.0746,ALLOW,No significant risk indicators — consistent with observed behaviour,NO_ACTION,0,0.30999853140932937,0,0,0,0,0
TXN_8b0d995043,2026-08-27 11:47:07.498644,M_0014,C_00432,856.15,0.0207,ALLOW,No significant risk indicators — consistent with observed behaviour,NO_ACTION,0,-0.9927078224211358,0,0,0,0,0
TXN_542c5809a9,2026-08-27 11:52:27.213797,M_0002,C_00300,906.91,0.022,ALLOW,No significant risk indicators — consistent with observed behaviour,NO_ACTION,0,-1.2880623420041637,0,0,0,0,0
TXN_5aac8dc058,2026-08-27 11:53:32.419594,M_0014,C_00397,1209.49,0.0256,ALLOW,No significant risk indicators — consistent with observed behaviour,NO_ACTION,0,-0.33037907951793344,0,0,0,0,0
TXN_c264bd242d,2026-08-27 11:57:28.680355,M_0010,C_00162,686.59,0.0714,ALLOW,No significant risk indicators — consistent with observed behaviour,NO_ACTION,0,0.06578048588697856,0,0,0,0,0
TXN_399b4a062d,2026-08-27 11:59:44.883981,M_0006,C_00147,129.78,0.0559,ALLOW,No significant risk indicators — consistent with observed behaviour,NO_ACTION,0,-1.912535453707406,0,0,0,0,0
TXN_78a5d8faf2,2026-08-27 12:03:07.789942,M_0005,C_00332,1110.12,0.133,ALLOW,Previously unseen device,NO_ACTION,0,-0.2592836963831272,1,0,0,0,0
TXN_94709ebdf7,2026-08-27 12:14:40.210092,M_0008,C_00630,6556.16,0.3122,VERIFY,Elevated amount vs merchant history,STEP_UP_REQUIRED,0,1.7602160359394243,0,0,0,0,0
TXN_57ddf93c45,2026-08-27 12:16:25.990725,M_0013,C_00183,2362.07,0.0311,ALLOW,No significant risk indicators — consistent with observed behaviour,NO_ACTION,0,0.8880262134571086,0,0,0,0,0
TXN_60ef48827d,2026-08-27 12:18:28.721009,M_0011,C_00272,5244.63,0.0041,ALLOW,No significant risk indicators — consistent with observed behaviour,NO_ACTION,0,0.04182575605714921,0,0,0,0,0
TXN_c02298837d,2026-08-27 12:22:24.627685,M_0002,C_00090,2401.5,0.0064,ALLOW,No significant risk indicators — consistent with observed behaviour,NO_ACTION,0,-0.653172892367658,0,0,0,0,0
TXN_d8f70eb3b1,2026-08-27 12:22:26.479492,M_0012,C_00563,1176.13,0.0122,ALLOW,No significant risk indicators — consistent with observed behaviour,NO_ACTION,0,-1.2034740437717928,0,0,0,0,0
TXN_1b080bf6e0,2026-08-27 12:22:32.455148,M_0002,C_00584,839.84,0.0071,ALLOW,No significant risk indicators — consistent with observed behaviour,NO_ACTION,0,-1.3138741522869493,0,0,0,0,0
TXN_76b6a01140,2026-08-27 12:24:13.219439,M_0014,C_00385,1420.74,0.0183,ALLOW,No significant risk indicators — consistent with observed behaviour,NO_ACTION,0,0.0651890963286241,0,0,0,0,0
TXN_3524170820,2026-08-27 12:27:51.652544,M_0002,C_00237,3732.27,0.0229,ALLOW,No significant risk indicators — consistent with observed behaviour,NO_ACTION,0,-0.08729370987519239,0,0,0,0,0
TXN_38da858c03,2026-08-27 12:27:55.192026,M_0010,C_00083,614.91,0.0219,ALLOW,No significant risk indicators — consistent with observed behaviour,NO_ACTION,0,-0.09960283928958709,0,0,0,0,0
TXN_59ee9140ab,2026-08-27 12:32:19.426472,M_0012,C_00358,13184.45,0.9133,ESCALATE,Very high amount vs merchant history,PENDING_MANUAL_REVIEW,1,3.333782458217439,0,0,0,0,0
TXN_b7053aa27a,2026-08-27 12:33:15.017509,M_0014,C_00100,1301.89,0.0161,ALLOW,No significant risk indicators — consistent with observed behaviour,NO_ACTION,0,-0.15743159169404308,0,0,0,0,0
TXN_c09e5c62d6,2026-08-27 12:41:16.358800,M_0014,C_00345,3529.6,0.9593,ESCALATE,Very high amount vs merchant history,PENDING_MANUAL_REVIEW,1,4.018046287095473,0,0,0,0,0
TXN_26fdf71b60,2026-08-27 12:42:05.414772,M_0012,C_00745,6323.83,0.0179,ALLOW,No significant risk indicators — consistent with observed behaviour,NO_ACTION,0,0.7330801458805216,0,0,0,0,0
TXN_36eff578df,2026-08-27 12:50:46.764201,M_0012,C_00788,3796.64,0.0456,ALLOW,No significant risk indicators — consistent with observed behaviour,NO_ACTION,0,-0.21591240906620165,0,0,0,0,0
TXN_7a81aa78db,2026-08-27 12:58:55.191476,M_0014,C_00432,3210.07,0.9825,ESCALATE,Very high amount vs merchant history,PENDING_MANUAL_REVIEW,1,3.3665719130697664,0,0,0,0,0
TXN_20a7b569c8,2026-08-27 13:05:07.633113,M_0009,C_00487,3448.02,0.0112,ALLOW,No significant risk indicators — consistent with observed behaviour,NO_ACTION,0,-0.22469841251553155,0,0,0,0,0
TXN_57f181aca2,2026-08-27 13:10:59.651206,M_0006,C_00541,447.63,0.0114,ALLOW,No significant risk indicators — consistent with observed behaviour,NO_ACTION,0,-1.020371393540054,0,0,0,0,0
TXN_b8b781b0e3,2026-08-27 13:11:19.542938,M_0004,C_00510,756.11,0.0342,ALLOW,No significant risk indicators — consistent with observed behaviour,NO_ACTION,0,-0.821365218067858,0,0,0,0,0
TXN_a02cce50ef,2026-08-27 13:15:29.527119,M_0011,C_00746,7225.48,0.0064,ALLOW,Transaction country differs from customer profile,NO_ACTION,0,0.8818021050961924,0,0,0,0,1
TXN_67f07af920,2026-08-27 13:24:34.679813,M_0007,C_00190,5349.12,0.0409,ALLOW,No significant risk indicators — consistent with observed behaviour,NO_ACTION,0,0.31817961995392463,0,0,0,0,0
TXN_786360d5f6,2026-08-27 13:30:14.295297,M_0003,C_00422,5488.0,0.1261,ALLOW,No significant risk indicators — consistent with observed behaviour,NO_ACTION,0,1.1556522210402067,0,0,0,0,0
TXN_0fcd17bfd0,2026-08-27 13:32:51.032993,M_0009,C_00479,2051.66,0.013,ALLOW,No significant risk indicators — consistent with observed behaviour,NO_ACTION,0,-0.8437673015330064,0,0,0,0,0
TXN_5e91d9369e,2026-08-27 13:37:14.436866,M_0008,C_00707,4433.51,0.0124,ALLOW,No significant risk indicators — consistent with observed behaviour,NO_ACTION,0,0.5759528379826251,0,0,0,0,0
TXN_f1256f4bfa,2026-08-27 13:44:23.124652,M_0011,C_00569,3784.19,0.0042,ALLOW,No significant risk indicators — consistent with observed behaviour,NO_ACTION,0,-0.5786416352872059,0,0,0,0,0
TXN_845b8ba9b2,2026-08-27 13:46:13.783594,M_0000,C_00177,2415.18,0.0101,ALLOW,No significant risk indicators — consistent with observed behaviour,NO_ACTION,0,0.10320389707752589,0,0,0,0,0
TXN_3388c50c41,2026-08-27 13:51:54.035190,M_0003,C_00424,2708.92,0.0141,ALLOW,No significant risk indicators — consistent with observed behaviour,NO_ACTION,0,-0.3049747877149461,0,0,0,0,0
TXN_51c2760952,2026-08-27 14:19:14.970670,M_0012,C_00417,8693.57,0.1571,VERIFY,Elevated amount vs merchant history,STEP_UP_REQUIRED,0,1.6228069240588419,0,0,0,0,0
TXN_95ce9b37c3,2026-08-27 14:21:17.487263,M_0009,C_00102,2853.83,0.0212,ALLOW,No significant risk indicators — consistent with observed behaviour,NO_ACTION,0,-0.48715908736568664,0,0,0,0,0
TXN_577d0f6919,2026-08-27 14:23:34.668433,M_0013,C_00131,1784.89,0.0136,ALLOW,No significant risk indicators — consistent with observed behaviour,NO_ACTION,0,0.26647937024555934,0,0,0,0,0
TXN_3d27c8d20e,2026-08-27 14:24:02.796325,M_0012,C_00444,2322.95,0.022,ALLOW,No significant risk indicators — consistent with observed behaviour,NO_ACTION,0,-0.7704165441380681,0,0,0,0,0
TXN_af5f8152f2,2026-08-27 14:29:19.830820,M_0012,C_00765,643.61,0.0125,ALLOW,No significant risk indicators — consistent with observed behaviour,NO_ACTION,0,-1.399567935824002,0,0,0,0,0
TXN_9d325db291,2026-08-27 14:41:59.574587,M_0000,C_00049,1543.06,0.0276,ALLOW,No significant risk indicators — consistent with observed behaviour,NO_ACTION,0,-0.7663096209056555,0,0,0,0,0
TXN_098e58d0aa,2026-08-27 14:44:43.027918,M_0000,C_00166,3536.82,0.1315,ALLOW,No significant risk indicators — consistent with observed behaviour,NO_ACTION,0,1.2224946397535967,0,0,0,0,0
TXN_9b0352418b,2026-08-27 14:50:07.144632,M_0008,C_00440,4135.52,0.0348,ALLOW,No significant risk indicators — consistent with observed behaviour,NO_ACTION,0,0.40979813187195635,0,0,0,0,0
TXN_f641a065ea,2026-08-27 14:51:20.458011,M_0010,C_00398,534.87,0.0574,ALLOW,No significant risk indicators — consistent with observed behaviour,NO_ACTION,0,-0.2842836422815718,0,0,0,0,0
TXN_e9146befcd,2026-08-27 14:55:57.537582,M_0010,C_00703,184.71,0.0125,ALLOW,No significant risk indicators — consistent with observed behaviour,NO_ACTION,0,-1.0931518954112431,0,0,0,0,0
TXN_5691b34199,2026-08-27 14:56:05.294960,M_0007,C_00000,2780.46,0.1043,ALLOW,No significant risk indicators — consistent with observed behaviour,NO_ACTION,0,-0.7888747787115544,0,0,0,0,0
TXN_2bb6653886,2026-08-27 14:58:54.436146,M_0009,C_00751,3316.68,0.033,ALLOW,No significant risk indicators — consistent with observed behaviour,NO_ACTION,0,-0.2814400516129487,0,0,0,0,0
TXN_a2f133c733,2026-08-27 14:59:07.965049,M_0013,C_00695,50.0,0.0139,ALLOW,No significant risk indicators — consistent with observed behaviour,NO_ACTION,0,-1.5997665316881162,0,0,0,0,0
TXN_e77b7b8514,2026-08-27 15:00:52.020856,M_0000,C_00499,1853.62,0.0059,ALLOW,No significant risk indicators — consistent with observed behaviour,NO_ACTION,0,-0.45718521417421776,0,0,0,0,0
TXN_4a3292c116,2026-08-27 15:01:52.814428,M_0011,C_00746,2398.56,0.002,ALLOW,No significant risk indicators — consistent with observed behaviour,NO_ACTION,0,-1.1660849529688946,0,0,0,0,0
TXN_603f3b6c5c,2026-08-27 15:11:26.836375,M_0000,C_00380,925.51,0.0183,ALLOW,No significant risk indicators — consistent with observed behaviour,NO_ACTION,0,-1.3825188529249248,0,0,0,0,0
TXN_fee8f2d1de,2026-08-27 15:12:01.964836,M_0011,C_00206,4907.84,0.0418,ALLOW,Transaction country differs from customer profile,NO_ACTION,0,-0.10002801378418694,0,0,0,0,1
TXN_3dcd674608,2026-08-27 15:13:11.560846,M_0008,C_00383,2258.46,0.0337,ALLOW,No significant risk indicators — consistent with observed behaviour,NO_ACTION,0,-0.634232309244647,0,0,0,0,0
TXN_bf397319ce,2026-08-27 15:16:41.441513,M_0006,C_00689,868.81,0.0574,ALLOW,No significant risk indicators — consistent with observed behaviour,NO_ACTION,0,0.15540609823676194,0,0,0,0,0
TXN_7242525068,2026-08-27 15:24:23.762302,M_0012,C_00423,11041.18,0.2124,VERIFY,Elevated amount vs merchant history,STEP_UP_REQUIRED,0,2.50125345405351,0,0,0,0,0
TXN_905e38eceb,2026-08-27 15:24:47.804933,M_0000,C_00049,2051.48,0.0273,ALLOW,No significant risk indicators — consistent with observed behaviour,NO_ACTION,0,-0.25787773515951334,0,0,0,0,0
TXN_e4da812b4b,2026-08-27 15:29:12.106021,M_0008,C_00254,1498.72,0.0255,ALLOW,No significant risk indicators — consistent with observed behaviour,NO_ACTION,0,-1.0561884977654339,0,0,0,0,0
TXN_f038c644bc,2026-08-27 15:33:26.001928,M_0003,C_00288,1998.46,0.0257,ALLOW,No significant risk indicators — consistent with observed behaviour,NO_ACTION,0,-0.6778580799092427,0,0,0,0,0
TXN_ad393e99c4,2026-08-27 15:33:30.939448,M_0003,C_00288,1894.29,0.7648,VERIFY,Recent activity from same IP,STEP_UP_REQUIRED,0,-0.7318416187997099,0,1,1,0,0
TXN_a79ef277bc,2026-08-27 15:35:08.187776,M_0009,C_00628,50.0,0.0086,ALLOW,No significant risk indicators — consistent with observed behaviour,NO_ACTION,0,-1.731496778384063,0,0,0,0,0
TXN_7b257f0df2,2026-08-27 15:36:35.640975,M_0003,C_00288,2536.38,0.8179,VERIFY,Recent activity from same IP,STEP_UP_REQUIRED,0,-0.3935065037938596,0,2,2,0,0
TXN_143cecfce4,2026-08-27 15:37:03.531767,M_0005,C_00329,230.85,0.0102,ALLOW,No significant risk indicators — consistent with observed behaviour,NO_ACTION,0,-1.2936399864108765,0,0,0,0,0
TXN_726a5942bc,2026-08-27 15:37:48.647710,M_0003,C_00288,2958.35,0.886,VERIFY,High IP transaction velocity | High customer transaction velocity,STEP_UP_REQUIRED,0,-0.17123223033142732,0,3,3,0,0
TXN_41b6ed4a64,2026-08-27 15:41:25.849041,M_0013,C_00183,187.96,0.0134,ALLOW,No significant risk indicators — consistent with observed behaviour,NO_ACTION,0,-1.4474283345713137,0,0,0,0,0
TXN_ddf0f1a296,2026-08-27 15:47:39.804869,M_0003,C_00466,6112.05,0.5325,VERIFY,Risk detected from combined weak signals (no single strong indicator),STEP_UP_REQUIRED,0,1.4887738212383623,0,0,0,0,0
TXN_14ac322b99,2026-08-27 15:49:12.196340,M_0012,C_00367,7382.6,0.2304,VERIFY,Risk detected from combined weak signals (no single strong indicator),STEP_UP_REQUIRED,0,1.1222735669148773,0,0,0,0,0
TXN_83df59e0c1,2026-08-27 15:49:21.961236,M_0002,C_00600,6311.46,0.0133,ALLOW,No significant risk indicators — consistent with observed behaviour,NO_ACTION,0,1.0051448347802172,0,0,0,0,0
TXN_a2beef123d,2026-08-27 15:51:17.797335,M_0012,C_00444,6959.35,0.0334,ALLOW,No significant risk indicators — consistent with observed behaviour,NO_ACTION,0,0.9624703751250886,0,0,0,0,0
TXN_9cc9c706f6,2026-08-27 15:52:32.697981,M_0003,C_00244,4010.46,0.0207,ALLOW,No significant risk indicators — consistent with observed behaviour,NO_ACTION,0,0.38006402260659816,0,0,0,0,0
TXN_445ddc99c8,2026-08-27 15:52:39.804869,M_0003,C_00466,6292.48,0.9286,ESCALATE,Elevated amount vs merchant history | Recent activity from same IP | Recent failed payment attempts,PENDING_MANUAL_REVIEW,1,1.580499675090739,0,1,1,1,0
TXN_6b1e3abd4d,2026-08-27 15:56:45.224319,M_0012,C_00409,7022.05,0.0911,ALLOW,No significant risk indicators — consistent with observed behaviour,NO_ACTION,0,0.984634724412,0,0,0,0,0
TXN_bb362990f0,2026-08-27 15:59:48.857745,M_0012,C_00130,5489.02,0.0905,ALLOW,No significant risk indicators — consistent with observed behaviour,NO_ACTION,0,0.4106932357779346,0,0,0,0,0
TXN_bc5e8723ec,2026-08-27 16:11:34.411173,M_0006,C_00074,636.59,0.0581,ALLOW,No significant risk indicators — consistent with observed behaviour,NO_ACTION,0,-0.4926304592870616,0,0,0,0,0
TXN_7a37401202,2026-08-27 16:14:35.150431,M_0004,C_00370,961.71,0.3557,VERIFY,Transaction country differs from customer profile,STEP_UP_REQUIRED,0,-0.5113292854450081,0,0,0,0,1
TXN_c891b804b6,2026-08-27 16:18:24.946567,M_0012,C_00592,2888.09,0.0184,ALLOW,No significant risk indicators — consistent with observed behaviour,NO_ACTION,0,-0.5616986955133212,0,0,0,0,0
TXN_41d934c6fc,2026-08-27 16:21:05.307493,M_0012,C_00029,5600.21,0.0366,ALLOW,No significant risk indicators — consistent with observed behaviour,NO_ACTION,0,0.45289224561487634,0,0,0,0,0
TXN_4af46fc176,2026-08-27 16:23:32.169522,M_0002,C_00335,1987.8,0.0101,ALLOW,No significant risk indicators — consistent with observed behaviour,NO_ACTION,0,-0.8273776924228188,0,0,0,0,0
TXN_123b6a9d05,2026-08-27 16:23:37.742926,M_0009,C_00065,4533.74,0.0305,ALLOW,Previously unseen device,NO_ACTION,0,0.2607359172905144,1,0,0,0,0
TXN_c9e47d2933,2026-08-27 16:25:06.026680,M_0000,C_00193,902.18,0.0161,ALLOW,No significant risk indicators — consistent with observed behaviour,NO_ACTION,0,-1.4039832127138452,0,0,0,0,0
TXN_6c5974697b,2026-08-27 16:32:11.608793,M_0006,C_00075,996.44,0.0234,ALLOW,No significant risk indicators — consistent with observed behaviour,NO_ACTION,0,0.5123123827336316,0,0,0,0,0
TXN_50a03bdc39,2026-08-27 16:37:38.061793,M_0007,C_00294,7557.15,0.1153,ALLOW,No significant risk indicators — consistent with observed behaviour,NO_ACTION,1,1.2709081936523903,0,0,0,0,0
TXN_7cf7325431,2026-08-27 16:42:23.503926,M_0014,C_00258,1499.31,0.0266,ALLOW,No significant risk indicators — consistent with observed behaviour,NO_ACTION,0,0.19495856210964826,0,0,0,0,0
TXN_823b33b864,2026-08-27 16:46:42.624250,M_0000,C_00652,2443.14,0.0378,ALLOW,No significant risk indicators — consistent with observed behaviour,NO_ACTION,0,0.13438267162650924,0,0,0,0,0
TXN_3557140b58,2026-08-27 16:48:49.806473,M_0000,C_00449,2348.16,0.0074,ALLOW,No significant risk indicators — consistent with observed behaviour,NO_ACTION,0,0.039577603985278285,0,0,0,0,0
TXN_f7d8d9c380,2026-08-27 16:52:55.036266,M_0011,C_00573,5096.65,0.0136,ALLOW,No significant risk indicators — consistent with observed behaviour,NO_ACTION,0,-0.01982871592612513,0,0,0,0,0
TXN_e6b31f3369,2026-08-27 16:55:47.842793,M_0002,C_00308,6514.96,0.0943,ALLOW,No significant risk indicators — consistent with observed behaviour,NO_ACTION,0,1.0913198996219131,0,0,0,0,0
TXN_1d70610897,2026-08-27 16:56:53.759064,M_0002,C_00611,1781.85,0.0084,ALLOW,No significant risk indicators — consistent with observed behaviour,NO_ACTION,0,-0.9150181352417011,0,0,0,0,0
TXN_b22c04ff6f,2026-08-27 17:03:10.256317,M_0005,C_00284,496.02,0.0243,ALLOW,No significant risk indicators — consistent with observed behaviour,NO_ACTION,0,-0.9787958959097489,0,0,0,0,0
TXN_5084d2bbbf,2026-08-27 17:05:17.548361,M_0001,C_00574,6407.13,0.0398,ALLOW,No significant risk indicators — consistent with observed behaviour,NO_ACTION,0,0.5607621011154933,0,0,0,0,0
TXN_edceb69b91,2026-08-27 17:07:00.718849,M_0009,C_00102,7372.13,0.2307,VERIFY,Elevated amount vs merchant history,STEP_UP_REQUIRED,0,1.5199016494058508,0,0,0,0,0
TXN_aca3ecc98d,2026-08-27 17:07:10.950987,M_0012,C_00039,50.0,0.0386,ALLOW,No significant risk indicators — consistent with observed behaviour,NO_ACTION,0,-1.6238747497375492,0,0,0,0,0
TXN_4804097dd2,2026-08-27 17:09:00.718849,M_0009,C_00102,7610.12,0.9279,ESCALATE,Elevated amount vs merchant history | Recent activity from same IP | Recent failed payment attempts,PENDING_MANUAL_REVIEW,0,1.6225331681735227,0,1,1,1,0
TXN_3ce53b20c8,2026-08-27 17:11:04.644351,M_0013,C_00369,1672.31,0.0067,ALLOW,No significant risk indicators — consistent with observed behaviour,NO_ACTION,0,0.14931100208965614,0,0,0,0,0
TXN_59debf190b,2026-08-27 17:14:00.718849,M_0009,C_00102,8479.7,0.9496,ESCALATE,Elevated amount vs merchant history | Recent activity from same IP | Recent failed payment attempts,PENDING_MANUAL_REVIEW,1,2.0043276582958516,0,2,2,2,0
TXN_6499b28654,2026-08-27 17:21:56.794690,M_0000,C_00653,2012.99,0.0226,ALLOW,No significant risk indicators — consistent with observed behaviour,NO_ACTION,0,-0.29491438299227835,0,0,0,0,0
TXN_f1f909ce9f,2026-08-27 17:27:52.170356,M_0007,C_00483,5129.96,0.1013,ALLOW,No significant risk indicators — consistent with observed behaviour,NO_ACTION,0,0.22268246165112163,0,0,0,0,0
TXN_2eac1b1184,2026-08-27 17:28:36.292227,M_0013,C_00390,1491.89,0.0172,ALLOW,No significant risk indicators — consistent with observed behaviour,NO_ACTION,0,-0.0446237610543017,0,0,0,0,0
TXN_d0492ffe24,2026-08-27 17:29:29.762296,M_0003,C_00535,3191.63,0.0422,ALLOW,No significant risk indicators — consistent with observed behaviour,NO_ACTION,0,-0.0534316751437443,0,0,0,0,0
TXN_616c14b14e,2026-08-27 17:35:28.412827,M_0005,C_00524,573.95,0.0613,ALLOW,No significant risk indicators — consistent with observed behaviour,NO_ACTION,0,-0.8854811413107492,0,0,0,0,0
TXN_e21509f596,2026-08-27 17:39:07.527262,M_0001,C_00758,4068.66,0.0419,ALLOW,No significant risk indicators — consistent with observed behaviour,NO_ACTION,0,-0.3419790117628612,0,0,0,0,0
TXN_8c6d33719c,2026-08-27 17:41:07.569619,M_0014,C_00705,1179.64,0.0197,ALLOW,No significant risk indicators — consistent with observed behaviour,NO_ACTION,0,-0.3915187914295505,0,0,0,0,0
TXN_607c6bfde6,2026-08-27 17:43:56.471684,M_0002,C_00558,7359.71,0.5162,VERIFY,Previously unseen device,STEP_UP_REQUIRED,0,1.4489208381482592,1,0,0,0,0
TXN_5d49dead21,2026-08-27 17:52:21.931572,M_0003,C_00001,2095.68,0.0266,ALLOW,No significant risk indicators — consistent with observed behaviour,NO_ACTION,0,-0.6298482516389808,0,0,0,0,0
TXN_0ccba538b9,2026-08-27 17:55:06.777244,M_0007,C_00048,8469.09,0.3244,VERIFY,Elevated amount vs merchant history,STEP_UP_REQUIRED,0,1.6620643658040368,0,0,0,0,0
TXN_3f1b1aa24c,2026-08-27 17:56:37.306413,M_0006,C_00647,385.24,0.0352,ALLOW,No significant risk indicators — consistent with observed behaviour,NO_ACTION,0,-1.1951363300700415,0,0,0,0,0
TXN_d753b69f51,2026-08-27 17:59:28.409148,M_0004,C_00686,353.31,0.0977,ALLOW,No significant risk indicators — consistent with observed behaviour,NO_ACTION,0,-1.4258613070773385,0,0,0,0,0
TXN_cca2c1e74d,2026-08-27 18:00:08.465350,M_0004,C_00316,1807.08,0.0495,ALLOW,No significant risk indicators — consistent with observed behaviour,NO_ACTION,0,0.7620041026392849,0,0,0,0,0
TXN_d60e8a13e9,2026-08-27 18:00:13.837560,M_0009,C_00399,5067.31,0.046,ALLOW,No significant risk indicators — consistent with observed behaviour,NO_ACTION,0,0.48973913366493776,0,0,0,0,0
TXN_c06ce44543,2026-08-27 18:01:11.735952,M_0014,C_00495,1451.87,0.0252,ALLOW,No significant risk indicators — consistent with observed behaviour,NO_ACTION,0,0.10855059310197038,0,0,0,0,0
TXN_ba217432f2,2026-08-27 18:14:01.383822,M_0003,C_00673,4721.74,0.0293,ALLOW,No significant risk indicators — consistent with observed behaviour,NO_ACTION,0,0.752711497507393,0,0,0,0,0
TXN_d5f56a4b31,2026-08-27 18:18:38.455971,M_0011,C_00429,12578.47,0.9568,ESCALATE,Very high amount vs merchant history | Previously unseen device,PENDING_MANUAL_REVIEW,1,3.157682307929716,1,0,0,0,0
TXN_96f623762c,2026-08-27 18:18:45.058132,M_0008,C_00278,3397.32,0.0441,ALLOW,No significant risk indicators — consistent with observed behaviour,NO_ACTION,0,0.001493883497677637,0,0,0,0,0
TXN_58322b131d,2026-08-27 18:22:29.899859,M_0007,C_00366,4476.84,0.0553,ALLOW,No significant risk indicators — consistent with observed behaviour,NO_ACTION,0,-0.06157734896556292,0,0,0,0,0
TXN_513f0a40f0,2026-08-27 18:26:30.878468,M_0002,C_00744,8269.78,0.0719,ALLOW,Elevated amount vs merchant history,NO_ACTION,0,1.8312863151281866,0,0,0,0,0
TXN_4be2f34d95,2026-08-27 18:27:10.203051,M_0008,C_00069,2172.22,0.0261,ALLOW,No significant risk indicators — consistent with observed behaviour,NO_ACTION,0,-0.6804309088560546,0,0,0,0,0
TXN_431d332156,2026-08-27 18:28:31.994504,M_0002,C_00186,5075.49,0.0265,ALLOW,No significant risk indicators — consistent with observed behaviour,NO_ACTION,0,0.4760260526662159,0,0,0,0,0
TXN_166068b34e,2026-08-27 18:31:15.917192,M_0001,C_00011,4235.54,0.0115,ALLOW,No significant risk indicators — consistent with observed behaviour,NO_ACTION,0,-0.2771475458427135,0,0,0,0,0
TXN_41db67095a,2026-08-27 18:31:31.140754,M_0002,C_00352,3210.95,0.0301,ALLOW,No significant risk indicators — consistent with observed behaviour,NO_ACTION,0,-0.31284046764069584,0,0,0,0,0
TXN_debce161c9,2026-08-27 18:32:11.457812,M_0002,C_00728,5688.33,0.0273,ALLOW,No significant risk indicators — consistent with observed behaviour,NO_ACTION,0,0.7356402158487481,0,0,0,0,0
TXN_38d9e21283,2026-08-27 18:34:01.814432,M_0012,C_00444,1619.0,0.014,ALLOW,No significant risk indicators — consistent with observed behaviour,NO_ACTION,0,-1.0335722532461706,0,0,0,0,0
TXN_453040a335,2026-08-27 18:36:24.924053,M_0012,C_00526,3185.34,0.0868,ALLOW,No significant risk indicators — consistent with observed behaviour,NO_ACTION,0,-0.4468197246713434,0,0,0,0,0
TXN_7795d5d67d,2026-08-27 18:39:55.466248,M_0000,C_00560,922.79,0.0133,ALLOW,No significant risk indicators — consistent with observed behaviour,NO_ACTION,0,-1.3832098073014478,0,0,0,0,0
TXN_2e09991d70,2026-08-27 18:42:01.536094,M_0003,C_00351,3736.23,0.0124,ALLOW,No significant risk indicators — consistent with observed behaviour,NO_ACTION,0,0.23306093536787764,0,0,0,0,0
TXN_7fbc02eac3,2026-08-27 18:43:43.567491,M_0009,C_00238,1313.24,0.0106,ALLOW,No significant risk indicators — consistent with observed behaviour,NO_ACTION,0,-1.1712635526590156,0,0,0,0,0
TXN_f2b4d3462e,2026-08-27 18:47:56.513122,M_0011,C_00036,4473.54,0.0041,ALLOW,No significant risk indicators — consistent with observed behaviour,NO_ACTION,0,-0.2866704952256227,0,0,0,0,0
TXN_72914dac2d,2026-08-27 18:49:16.088762,M_0011,C_00643,6167.62,0.0038,ALLOW,No significant risk indicators — consistent with observed behaviour,NO_ACTION,0,0.4295864884353049,0,0,0,0,0
TXN_c612421b6e,2026-08-27 18:52:25.348396,M_0002,C_00752,5951.52,0.0232,ALLOW,No significant risk indicators — consistent with observed behaviour,NO_ACTION,0,0.8463125178319637,0,0,0,0,0
TXN_7252892f4d,2026-08-27 18:58:49.295494,M_0007,C_00389,8464.29,0.0571,ALLOW,Elevated amount vs merchant history,NO_ACTION,1,1.6565208101008164,0,0,0,0,0
TXN_b7542efe81,2026-08-27 19:04:11.640914,M_0012,C_00597,4526.71,0.0291,ALLOW,No significant risk indicators — consistent with observed behaviour,NO_ACTION,0,0.05505878653178961,0,0,0,0,0
TXN_a1d6e2be6d,2026-08-27 19:08:20.061589,M_0009,C_00615,4872.73,0.012,ALLOW,No significant risk indicators — consistent with observed behaviour,NO_ACTION,0,0.40456901223254954,0,0,0,0,0
TXN_b7f6eb10ac,2026-08-27 19:08:39.334829,M_0001,C_00504,3622.98,0.0392,ALLOW,No significant risk indicators — consistent with observed behaviour,NO_ACTION,0,-0.5135516998125967,0,0,0,0,0
TXN_2a6d103a7f,2026-08-27 19:11:37.215654,M_0000,C_00270,4111.82,0.16,VERIFY,Elevated amount vs merchant history,STEP_UP_REQUIRED,0,1.8013882725768464,0,0,0,0,0
TXN_8eec340cad,2026-08-27 19:17:15.241261,M_0012,C_00716,8285.82,0.0501,ALLOW,No significant risk indicators — consistent with observed behaviour,NO_ACTION,0,1.4614383573639502,0,0,0,0,0
TXN_6dbd1ad6b6,2026-08-27 19:27:03.320088,M_0000,C_00637,2576.74,0.0357,ALLOW,No significant risk indicators — consistent with observed behaviour,NO_ACTION,0,0.26719468309512695,0,0,0,0,0
TXN_187a7d047d,2026-08-27 19:27:44.599776,M_0000,C_00049,2232.09,0.0361,ALLOW,No significant risk indicators — consistent with observed behaviour,NO_ACTION,0,-0.07664560455277485,0,0,0,0,0
TXN_3e1a56e992,2026-08-27 19:27:57.460078,M_0014,C_00696,459.75,0.0078,ALLOW,No significant risk indicators — consistent with observed behaviour,NO_ACTION,0,-1.7141457641595002,0,0,0,0,0
TXN_b29fd89ee3,2026-08-27 19:29:08.835556,M_0003,C_00564,7925.98,0.3624,VERIFY,Elevated amount vs merchant history,STEP_UP_REQUIRED,0,2.4399075310440383,0,0,0,0,0
TXN_53922c917a,2026-08-27 19:31:27.387601,M_0000,C_00109,2915.03,0.0146,ALLOW,No significant risk indicators — consistent with observed behaviour,NO_ACTION,0,0.6047926043611833,0,0,0,0,0
TXN_ccfd217d4b,2026-08-27 19:35:45.496932,M_0007,C_00391,2020.7,0.1016,ALLOW,No significant risk indicators — consistent with observed behaviour,NO_ACTION,0,-1.120851683560304,0,0,0,0,0
TXN_af2a02167a,2026-08-27 19:41:38.546141,M_0000,C_00531,6580.38,0.9761,ESCALATE,Very high amount vs merchant history,PENDING_MANUAL_REVIEW,1,4.262676839978729,0,0,0,0,0
TXN_2efb69d451,2026-08-27 19:41:49.078970,M_0001,C_00758,8959.55,0.3223,VERIFY,Elevated amount vs merchant history,STEP_UP_REQUIRED,0,1.5510198397822192,0,0,0,0,0
TXN_12510a9d14,2026-08-27 19:44:15.074207,M_0005,C_00217,1728.2,0.0271,ALLOW,No significant risk indicators — consistent with observed behaviour,NO_ACTION,0,0.47356097372941186,0,0,0,0,0
TXN_f672bd93d4,2026-08-27 19:45:12.434633,M_0006,C_00395,739.37,0.0608,ALLOW,No significant risk indicators — consistent with observed behaviour,NO_ACTION,0,-0.20446094733589784,0,0,0,0,0
TXN_5176de6c5d,2026-08-27 19:58:49.704328,M_0012,C_00786,8290.08,0.0511,ALLOW,No significant risk indicators — consistent with observed behaviour,NO_ACTION,0,1.4599690478009517,0,0,0,0,0
TXN_809aa9710f,2026-08-27 20:04:02.133374,M_0000,C_00226,2461.31,0.043,ALLOW,No significant risk indicators — consistent with observed behaviour,NO_ACTION,0,0.14544493816504506,0,0,0,0,0
TXN_18658e8311,2026-08-27 20:05:32.133374,M_0000,C_00226,1992.42,0.2078,VERIFY,Recent activity from same IP | Recent failed payment attempts,STEP_UP_REQUIRED,0,-0.3185345569131698,0,1,1,1,0
TXN_cbeacb00a7,2026-08-27 20:07:02.133374,M_0000,C_00226,3309.13,0.8912,VERIFY,Recent activity from same IP | Recent failed payment attempts,STEP_UP_REQUIRED,0,0.9849910894741657,0,2,2,2,0
TXN_0fc7d6cb72,2026-08-27 20:08:32.133374,M_0000,C_00226,1057.67,0.0124,ALLOW,High IP transaction velocity | High customer transaction velocity | Recent failed payment attempts,NO_ACTION,0,-1.2446948762515264,0,3,3,3,0
TXN_8d5354fcd5,2026-08-27 20:10:13.841356,M_0014,C_00376,1553.48,0.0098,ALLOW,No significant risk indicators — consistent with observed behaviour,NO_ACTION,0,0.2976564193102502,0,0,0,0,0
TXN_692e80a80d,2026-08-27 20:11:02.133374,M_0000,C_00226,5183.07,0.9967,ESCALATE,Elevated amount vs merchant history | High IP transaction velocity | High customer transaction velocity,PENDING_MANUAL_REVIEW,1,2.839374721298862,0,4,4,4,0
TXN_9f8e911669,2026-08-27 20:12:48.211894,M_0009,C_00784,2810.86,0.0324,ALLOW,No significant risk indicators — consistent with observed behaviour,NO_ACTION,0,-0.5080336459822187,0,0,0,0,0
TXN_3be4e0c629,2026-08-27 20:13:49.570717,M_0009,C_00412,4679.6,0.02,ALLOW,No significant risk indicators — consistent with observed behaviour,NO_ACTION,0,0.31955831280711605,0,0,0,0,0
TXN_bae21015b1,2026-08-27 20:16:25.489376,M_0011,C_00794,2492.74,0.0066,ALLOW,No significant risk indicators — consistent with observed behaviour,NO_ACTION,0,-1.1248037842705316,0,0,0,0,0
TXN_ea9c49cf3d,2026-08-27 20:18:01.200076,M_0004,C_00562,1387.27,0.0575,ALLOW,No significant risk indicators — consistent with observed behaviour,NO_ACTION,0,0.1300484110299788,0,0,0,0,0
TXN_aee0d1e680,2026-08-27 20:20:00.644837,M_0003,C_00635,361.37,0.0173,ALLOW,No significant risk indicators — consistent with observed behaviour,NO_ACTION,0,-1.5428561827847802,0,0,0,0,0
TXN_7f45a7584b,2026-08-27 20:28:16.261038,M_0005,C_00506,675.04,0.0193,ALLOW,No significant risk indicators — consistent with observed behaviour,NO_ACTION,0,-0.7665414102778851,0,0,0,0,0
TXN_bbc52f9736,2026-08-27 20:28:32.580341,M_0001,C_00382,13651.59,0.9879,ESCALATE,Very high amount vs merchant history | Previously unseen device,PENDING_MANUAL_REVIEW,1,3.3574269855903047,1,0,0,0,0
TXN_0d4def6092,2026-08-27 20:40:05.873647,M_0000,C_00637,2117.12,0.0471,ALLOW,No significant risk indicators — consistent with observed behaviour,NO_ACTION,0,-0.19691473780046753,0,0,0,0,0
TXN_4db4809f9c,2026-08-27 20:44:03.081780,M_0000,C_00511,1331.77,0.0205,ALLOW,No significant risk indicators — consistent with observed behaviour,NO_ACTION,0,-0.9713865859020482,0,0,0,0,0
TXN_b38e08914c,2026-08-27 20:45:37.249942,M_0003,C_00535,4274.56,0.0325,ALLOW,No significant risk indicators — consistent with observed behaviour,NO_ACTION,0,0.5127087521196146,0,0,0,0,0
TXN_4b1923a4fc,2026-08-27 20:50:32.056985,M_0004,C_00726,1408.76,0.0297,ALLOW,No significant risk indicators — consistent with observed behaviour,NO_ACTION,0,0.16228190273782797,0,0,0,0,0
TXN_830fe7a2cc,2026-08-27 20:55:28.513580,M_0010,C_00192,829.21,0.0664,ALLOW,No significant risk indicators — consistent with observed behaviour,NO_ACTION,0,0.39845215325916433,0,0,0,0,0
TXN_6bec6c8804,2026-08-27 21:01:05.110011,M_0005,C_00333,2208.47,0.0623,ALLOW,No significant risk indicators — consistent with observed behaviour,NO_ACTION,0,1.0400501533041462,0,0,0,0,0
TXN_e2dde7569c,2026-08-27 21:01:36.283438,M_0000,C_00191,2912.45,0.0447,ALLOW,No significant risk indicators — consistent with observed behaviour,NO_ACTION,0,0.5886999819165891,0,0,0,0,0
TXN_bacaff9a5c,2026-08-27 21:06:49.533877,M_0008,C_00154,1407.79,0.0411,ALLOW,No significant risk indicators — consistent with observed behaviour,NO_ACTION,0,-1.1053680705806799,0,0,0,0,0
TXN_bb7b2147f0,2026-08-27 21:08:54.791748,M_0013,C_00022,1822.38,0.0184,ALLOW,No significant risk indicators — consistent with observed behaviour,NO_ACTION,0,0.3107084409156035,0,0,0,0,0
TXN_c425d23a38,2026-08-27 21:09:28.890996,M_0011,C_00169,7067.31,0.0104,ALLOW,No significant risk indicators — consistent with observed behaviour,NO_ACTION,0,0.8109611597561829,0,0,0,0,0
TXN_2fe0bce0e7,2026-08-27 21:14:32.261488,M_0009,C_00718,11408.15,0.9605,ESCALATE,Very high amount vs merchant history,PENDING_MANUAL_REVIEW,1,3.299381902863619,0,0,0,0,0
TXN_b0361fe99a,2026-08-27 21:15:58.763836,M_0011,C_00486,6350.09,0.0089,ALLOW,No significant risk indicators — consistent with observed behaviour,NO_ACTION,0,0.5068465029487893,0,0,0,0,0
TXN_d03dbf1ec5,2026-08-27 21:36:16.127296,M_0006,C_00075,1040.96,0.0622,ALLOW,No significant risk indicators — consistent with observed behaviour,NO_ACTION,0,0.6382843669012305,0,0,0,0,0
TXN_76146a54b1,2026-08-27 21:37:30.604752,M_0014,C_00432,616.0,0.0453,ALLOW,No significant risk indicators — consistent with observed behaviour,NO_ACTION,0,-1.423291374101401,0,0,0,0,0
TXN_9341dd47f5,2026-08-27 21:38:04.991116,M_0014,C_00393,143.05,0.0268,ALLOW,No significant risk indicators — consistent with observed behaviour,NO_ACTION,0,-2.2867535845601736,0,0,0,0,0
TXN_3f6bd883b2,2026-08-27 21:45:10.844955,M_0010,C_00212,734.63,0.0189,ALLOW,No significant risk indicators — consistent with observed behaviour,NO_ACTION,0,0.17925236477475678,0,0,0,0,0
TXN_b8410e478f,2026-08-27 21:52:36.313818,M_0006,C_00243,283.04,0.0615,ALLOW,No significant risk indicators — consistent with observed behaviour,NO_ACTION,0,-1.4806606304365655,0,0,0,0,0
TXN_95eac49cdd,2026-08-27 21:53:42.499834,M_0000,C_00200,2426.59,0.0506,ALLOW,No significant risk indicators — consistent with observed behaviour,NO_ACTION,0,0.10888393837796803,0,0,0,0,0
TXN_3634db6298,2026-08-27 21:53:49.111491,M_0006,C_00184,459.14,0.0625,ALLOW,No significant risk indicators — consistent with observed behaviour,NO_ACTION,0,-0.9857696890452446,0,0,0,0,0
TXN_d4a4368fdf,2026-08-27 21:57:56.024121,M_0007,C_00729,6761.55,0.0527,ALLOW,No significant risk indicators — consistent with observed behaviour,NO_ACTION,0,0.9206142414415279,0,0,0,0,0
TXN_b963d24a7e,2026-08-27 21:58:58.713992,M_0014,C_00101,1612.16,0.0215,ALLOW,No significant risk indicators — consistent with observed behaviour,NO_ACTION,0,0.40974511978393025,0,0,0,0,0
TXN_afd47c2c7f,2026-08-27 22:07:58.903326,M_0002,C_00079,3397.88,0.0593,ALLOW,No significant risk indicators — consistent with observed behaviour,NO_ACTION,0,-0.23565765602049066,0,0,0,0,0
TXN_00f6cb70ca,2026-08-27 22:12:41.564667,M_0003,C_00112,2170.55,0.0379,ALLOW,No significant risk indicators — consistent with observed behaviour,NO_ACTION,0,-0.5915138526917281,0,0,0,0,0
TXN_01147f6e77,2026-08-27 22:17:22.853581,M_0006,C_00144,351.61,0.0327,ALLOW,No significant risk indicators — consistent with observed behaviour,NO_ACTION,0,-1.2848184177037743,0,0,0,0,0
TXN_fc5f352c07,2026-08-27 22:18:47.619242,M_0009,C_00750,994.69,0.0064,ALLOW,No significant risk indicators — consistent with observed behaviour,NO_ACTION,0,-1.3090867078244859,0,0,0,0,0
TXN_870236394f,2026-08-27 22:19:21.497713,M_0009,C_00384,3914.8,0.0663,ALLOW,No significant risk indicators — consistent with observed behaviour,NO_ACTION,0,-0.021492316623154217,0,0,0,0,0
TXN_8fe31cb4d8,2026-08-27 22:21:02.142496,M_0006,C_00541,968.54,0.0171,ALLOW,No significant risk indicators — consistent with observed behaviour,NO_ACTION,0,0.43966097792627257,0,0,0,0,0
TXN_f0bb09ea97,2026-08-27 22:21:13.343091,M_0014,C_00495,435.18,0.0129,ALLOW,No significant risk indicators — consistent with observed behaviour,NO_ACTION,0,-1.7425310503968774,0,0,0,0,0
TXN_4d87e3d7b1,2026-08-27 22:25:11.655373,M_0002,C_00481,4743.11,0.0437,ALLOW,No significant risk indicators — consistent with observed behaviour,NO_ACTION,0,0.3343261717647127,0,0,0,0,0
TXN_a0318e8b99,2026-08-27 22:28:29.035840,M_0013,C_00178,1504.42,0.3474,VERIFY,Transaction country differs from customer profile,STEP_UP_REQUIRED,0,-0.03158913862344295,0,0,0,0,1
TXN_fd58c13f26,2026-08-27 22:32:26.164594,M_0010,C_00619,1844.38,0.9204,ESCALATE,Elevated amount vs merchant history | Previously unseen device,PENDING_MANUAL_REVIEW,1,2.7479512226606757,1,0,0,0,0
TXN_b66ee439e4,2026-08-27 22:35:45.415371,M_0004,C_00616,872.03,0.0349,ALLOW,No significant risk indicators — consistent with observed behaviour,NO_ACTION,0,-0.6458244091238775,0,0,0,0,0
TXN_488b4dcc84,2026-08-27 22:42:16.716865,M_0003,C_00673,216.89,0.0233,ALLOW,No significant risk indicators — consistent with observed behaviour,NO_ACTION,0,-1.6162860406611765,0,0,0,0,0
TXN_2f44e9bff4,2026-08-27 22:49:55.087763,M_0002,C_00232,1573.04,0.0226,ALLOW,No significant risk indicators — consistent with observed behaviour,NO_ACTION,0,-1.009479085771241,0,0,0,0,0
TXN_24c3fdf49d,2026-08-27 22:51:48.288078,M_0004,C_00795,1095.56,0.0634,ALLOW,No significant risk indicators — consistent with observed behaviour,NO_ACTION,0,-0.3085309457944579,0,0,0,0,0
TXN_2f7c3f63e6,2026-08-27 22:55:20.688679,M_0007,C_00565,8478.68,0.0642,ALLOW,Elevated amount vs merchant history,NO_ACTION,0,1.658093626349195,0,0,0,0,0
TXN_07751d8d79,2026-08-27 23:02:02.676019,M_0008,C_00415,3650.79,0.0812,ALLOW,Previously unseen device,NO_ACTION,0,0.14524597317462304,1,0,0,0,0
TXN_ccf2791a91,2026-08-27 23:03:36.156052,M_0005,C_00134,1555.01,0.0857,ALLOW,No significant risk indicators — consistent with observed behaviour,NO_ACTION,0,0.2688156291139167,0,0,0,0,0
TXN_f76f9f3de9,2026-08-27 23:04:15.765545,M_0014,C_00397,1409.65,0.0341,ALLOW,No significant risk indicators — consistent with observed behaviour,NO_ACTION,0,0.04207451635418807,0,0,0,0,0
TXN_baad4d6f7e,2026-08-27 23:04:19.045189,M_0013,C_00141,950.55,0.0087,ALLOW,No significant risk indicators — consistent with observed behaviour,NO_ACTION,0,-0.6278321956856986,0,0,0,0,0
TXN_1fcb2adfd5,2026-08-27 23:07:21.611856,M_0008,C_00040,4396.8,0.0104,ALLOW,No significant risk indicators — consistent with observed behaviour,NO_ACTION,0,0.5607829177042736,0,0,0,0,0
TXN_7ef0d58e66,2026-08-27 23:08:49.451498,M_0004,C_00360,2202.72,0.3978,VERIFY,Risk detected from combined weak signals (no single strong indicator),STEP_UP_REQUIRED,0,1.360188383983194,0,0,0,0,0
TXN_61a72f45f8,2026-08-27 23:11:21.407252,M_0002,C_00321,411.7,0.0085,ALLOW,No significant risk indicators — consistent with observed behaviour,NO_ACTION,0,-1.5003877047025957,0,0,0,0,0
TXN_5e358e62a0,2026-08-27 23:12:46.231874,M_0009,C_00447,4830.09,0.0271,ALLOW,No significant risk indicators — consistent with observed behaviour,NO_ACTION,0,0.38170550032222517,0,0,0,0,0
TXN_2083fc85fd,2026-08-27 23:13:44.448773,M_0007,C_00416,7795.73,0.1174,ALLOW,No significant risk indicators — consistent with observed behaviour,NO_ACTION,0,1.3598590925187692,0,0,0,0,0
TXN_1fc4d0902a,2026-08-27 23:15:00.657286,M_0006,C_00068,551.48,0.0323,ALLOW,No significant risk indicators — consistent with observed behaviour,NO_ACTION,0,-0.7255854319238797,0,0,0,0,0
TXN_6e45322f6a,2026-08-27 23:16:54.942065,M_0014,C_00471,1398.28,0.0199,ALLOW,No significant risk indicators — consistent with observed behaviour,NO_ACTION,0,0.021268685513333153,0,0,0,0,0
TXN_0533fd3b79,2026-08-27 23:18:16.809925,M_0009,C_00487,1342.03,0.0092,ALLOW,No significant risk indicators — consistent with observed behaviour,NO_ACTION,0,-1.1557780065187389,0,0,0,0,0
TXN_253a9be895,2026-08-27 23:19:16.663612,M_0001,C_00269,2599.07,0.0617,ALLOW,No significant risk indicators — consistent with observed behaviour,NO_ACTION,0,-0.9081110091715641,0,0,0,0,0
TXN_209c0058f1,2026-08-27 23:23:23.112743,M_0007,C_00764,1148.53,0.0661,ALLOW,No significant risk indicators — consistent with observed behaviour,NO_ACTION,0,-1.4973702068289994,0,0,0,0,0
TXN_6ef8be588a,2026-08-27 23:27:03.673360,M_0012,C_00658,11008.56,0.3091,VERIFY,Elevated amount vs merchant history,STEP_UP_REQUIRED,0,2.4724621075060433,0,0,0,0,0
TXN_474e21f153,2026-08-27 23:39:54.309524,M_0003,C_00564,3119.71,0.1045,ALLOW,No significant risk indicators — consistent with observed behaviour,NO_ACTION,0,-0.09025968585435191,0,0,0,0,0
TXN_fe08172e19,2026-08-27 23:44:26.426649,M_0010,C_00398,942.05,0.0793,ALLOW,Transaction country differs from customer profile,NO_ACTION,0,0.6490529470123068,0,0,0,0,1
TXN_12f903f9cd,2026-08-27 23:45:44.540254,M_0007,C_00764,3623.68,0.2596,VERIFY,Risk detected from combined weak signals (no single strong indicator),STEP_UP_REQUIRED,0,-0.43184506197547295,0,0,0,0,0
TXN_f3620f3bf2,2026-08-27 23:53:35.229928,M_0010,C_00172,418.86,0.039,ALLOW,No significant risk indicators — consistent with observed behaviour,NO_ACTION,0,-0.5555568116198958,0,0,0,0,0
TXN_65e1c144d8,2026-08-28 00:05:33.452033,M_0005,C_00741,50.0,0.0731,ALLOW,No significant risk indicators — consistent with observed behaviour,NO_ACTION,0,-1.5048067395639164,0,0,0,0,0
TXN_3296da8ee9,2026-08-28 00:07:39.906920,M_0014,C_00484,1823.66,0.03,ALLOW,No significant risk indicators — consistent with observed behaviour,NO_ACTION,0,0.7989425504071159,0,0,0,0,0
TXN_f14581d816,2026-08-28 00:08:47.307031,M_0012,C_00309,6002.57,0.0242,ALLOW,No significant risk indicators — consistent with observed behaviour,NO_ACTION,0,0.5970402746510547,0,0,0,0,0
TXN_fe679d51e7,2026-08-28 00:13:52.858461,M_0008,C_00277,4832.11,0.0375,ALLOW,No significant risk indicators — consistent with observed behaviour,NO_ACTION,0,0.8029007340900496,0,0,0,0,0
TXN_f0df955ceb,2026-08-28 00:15:20.740694,M_0014,C_00397,2496.98,0.3736,VERIFY,Elevated amount vs merchant history,STEP_UP_REQUIRED,0,2.029170765143,0,0,0,0,0
TXN_0942370261,2026-08-28 00:37:27.756513,M_0012,C_00765,2433.39,0.0253,ALLOW,No significant risk indicators — consistent with observed behaviour,NO_ACTION,0,-0.7328898151266423,0,0,0,0,0
TXN_f1ef3a569e,2026-08-28 00:38:26.314162,M_0013,C_00671,1396.56,0.0334,ALLOW,No significant risk indicators — consistent with observed behaviour,NO_ACTION,0,-0.14684441891388025,0,0,0,0,0
TXN_cf92bdbfaf,2026-08-28 00:39:18.936225,M_0003,C_00762,3589.0,0.0569,ALLOW,No significant risk indicators — consistent with observed behaviour,NO_ACTION,0,0.15599888714701407,0,0,0,0,0
TXN_5d91877763,2026-08-28 00:40:28.394055,M_0002,C_00158,1529.61,0.0372,ALLOW,No significant risk indicators — consistent with observed behaviour,NO_ACTION,0,-1.0238719220048376,0,0,0,0,0
TXN_cf43a7deb6,2026-08-28 00:44:41.083369,M_0012,C_00592,4800.25,0.02,ALLOW,No significant risk indicators — consistent with observed behaviour,NO_ACTION,0,0.14970185254819834,0,0,0,0,0
TXN_70e61e6eee,2026-08-28 00:45:11.142967,M_0014,C_00393,1540.11,0.047,ALLOW,No significant risk indicators — consistent with observed behaviour,NO_ACTION,0,0.27493360043246595,0,0,0,0,0
TXN_e6768ab516,2026-08-28 00:55:25.564508,M_0008,C_00719,4698.39,0.0098,ALLOW,No significant risk indicators — consistent with observed behaviour,NO_ACTION,0,0.7273726579856333,0,0,0,0,0
TXN_f405f1faa0,2026-08-28 00:56:52.876602,M_0002,C_00388,6169.77,0.1341,ALLOW,No significant risk indicators — consistent with observed behaviour,NO_ACTION,0,0.9424549147602439,0,0,0,0,0
TXN_fe611851fe,2026-08-28 00:59:30.690857,M_0001,C_00340,6041.2,0.0874,ALLOW,No significant risk indicators — consistent with observed behaviour,NO_ACTION,0,0.4090507902169029,0,0,0,0,0
TXN_4c22f19a1d,2026-08-28 01:05:07.257447,M_0013,C_00016,1102.79,0.0388,ALLOW,No significant risk indicators — consistent with observed behaviour,NO_ACTION,0,-0.4633534836687574,0,0,0,0,0
TXN_1fcda20311,2026-08-28 01:06:44.175795,M_0000,C_00637,1579.93,0.024,ALLOW,No significant risk indicators — consistent with observed behaviour,NO_ACTION,0,-0.7270011747793022,0,0,0,0,0
TXN_242a5d62d3,2026-08-28 01:09:08.705293,M_0004,C_00510,2156.32,0.195,VERIFY,Risk detected from combined weak signals (no single strong indicator),STEP_UP_REQUIRED,0,1.2875495397713266,0,0,0,0,0
TXN_c88560349a,2026-08-28 01:10:46.110296,M_0000,C_00060,6078.82,0.9567,ESCALATE,Very high amount vs merchant history,PENDING_MANUAL_REVIEW,1,3.7160579309147934,0,0,0,0,0
TXN_03458964bf,2026-08-28 01:11:11.854054,M_0014,C_00240,1284.76,0.0287,ALLOW,No significant risk indicators — consistent with observed behaviour,NO_ACTION,0,-0.19142234574341369,0,0,0,0,0
TXN_8c0ded98f6,2026-08-28 01:14:16.966085,M_0003,C_00001,6319.61,0.3179,VERIFY,Elevated amount vs merchant history,STEP_UP_REQUIRED,0,1.5894021657155426,0,0,0,0,0
TXN_79bf120d4c,2026-08-28 01:21:42.066447,M_0011,C_00569,2667.87,0.0088,ALLOW,No significant risk indicators — consistent with observed behaviour,NO_ACTION,0,-1.0514762471266286,0,0,0,0,0
TXN_a639d0c0cb,2026-08-28 01:38:02.758163,M_0011,C_00363,3962.4,0.0028,ALLOW,No significant risk indicators — consistent with observed behaviour,NO_ACTION,0,-0.5024939853365844,0,0,0,0,0
TXN_74b186f2c2,2026-08-28 01:43:14.101743,M_0001,C_00195,439.87,0.0056,ALLOW,No significant risk indicators — consistent with observed behaviour,NO_ACTION,0,-1.733891204096241,0,0,0,0,0
TXN_b827dde0a0,2026-08-28 01:44:32.894856,M_0008,C_00648,1736.01,0.0455,ALLOW,No significant risk indicators — consistent with observed behaviour,NO_ACTION,0,-0.9257915824767451,0,0,0,0,0
TXN_e30761de3d,2026-08-28 01:52:12.044863,M_0011,C_00228,5366.16,0.0089,ALLOW,No significant risk indicators — consistent with observed behaviour,NO_ACTION,0,0.09203092364802763,0,0,0,0,0
TXN_35f513aa79,2026-08-28 02:01:22.059617,M_0009,C_00750,3325.89,0.0121,ALLOW,No significant risk indicators — consistent with observed behaviour,NO_ACTION,0,-0.2801033211895664,0,0,0,0,0
TXN_9161e19262,2026-08-28 02:08:22.068778,M_0002,C_00600,1800.66,0.0066,ALLOW,No significant risk indicators — consistent with observed behaviour,NO_ACTION,0,-0.9090184370637306,0,0,0,0,0
TXN_6aaf39ab60,2026-08-28 02:09:16.510142,M_0001,C_00617,5423.53,0.0445,ALLOW,No significant risk indicators — consistent with observed behaviour,NO_ACTION,0,0.17555340639451703,0,0,0,0,0
TXN_1066b9da05,2026-08-28 02:10:23.857558,M_0012,C_00618,50.0,0.0204,ALLOW,No significant risk indicators — consistent with observed behaviour,NO_ACTION,0,-1.621393795695491,0,0,0,0,0
TXN_b61fb12b14,2026-08-28 02:11:50.119397,M_0014,C_00240,964.63,0.3129,VERIFY,Transaction country differs from customer profile,STEP_UP_REQUIRED,0,-0.7760830677049164,0,0,0,0,1
TXN_a529ae5a93,2026-08-28 02:20:59.412623,M_0007,C_00283,3285.14,0.0153,ALLOW,No significant risk indicators — consistent with observed behaviour,NO_ACTION,0,-0.5767692115917417,0,0,0,0,0
TXN_ea15659630,2026-08-28 02:21:41.104918,M_0012,C_00597,5233.03,0.0518,ALLOW,No significant risk indicators — consistent with observed behaviour,NO_ACTION,0,0.3127654678702396,0,0,0,0,0
TXN_3dd49a80e7,2026-08-28 02:31:09.002261,M_0007,C_00318,7194.73,0.0263,ALLOW,No significant risk indicators — consistent with observed behaviour,NO_ACTION,0,1.102874815825713,0,0,0,0,0
TXN_23d47050c2,2026-08-28 02:37:19.910405,M_0012,C_00117,3092.8,0.077,ALLOW,No significant risk indicators — consistent with observed behaviour,NO_ACTION,0,-0.48500291240131344,0,0,0,0,0
TXN_48cf77c9f6,2026-08-28 02:40:34.588535,M_0004,C_00370,1329.46,0.0366,ALLOW,No significant risk indicators — consistent with observed behaviour,NO_ACTION,0,0.04038152063635283,0,0,0,0,0
TXN_6ba7456459,2026-08-28 02:50:58.170315,M_0009,C_00751,625.94,0.027,ALLOW,No significant risk indicators — consistent with observed behaviour,NO_ACTION,0,-1.4702325862416998,0,0,0,0,0
TXN_0ad9954487,2026-08-28 02:52:26.763265,M_0003,C_00017,3086.88,0.0435,ALLOW,No significant risk indicators — consistent with observed behaviour,NO_ACTION,0,-0.10994405442425204,0,0,0,0,0
TXN_6d950eb06c,2026-08-28 02:55:00.220818,M_0009,C_00675,2477.58,0.0301,ALLOW,No significant risk indicators — consistent with observed behaviour,NO_ACTION,1,-0.6518329097235052,0,0,0,0,0
TXN_f9ff67849d,2026-08-28 02:55:26.948535,M_0009,C_00675,4376.05,0.7551,VERIFY,Recent activity from same IP,STEP_UP_REQUIRED,1,0.18537465676102421,0,1,1,0,0
TXN_2f0f894823,2026-08-28 02:56:19.881016,M_0009,C_00675,3308.65,0.8791,VERIFY,Recent activity from same IP,STEP_UP_REQUIRED,1,-0.2854084314963308,0,2,2,0,0
TXN_2951039fa9,2026-08-28 02:57:08.834089,M_0009,C_00675,3063.02,0.9248,ESCALATE,High IP transaction velocity | High customer transaction velocity,PENDING_MANUAL_REVIEW,1,-0.3936025154886835,0,3,3,0,0
TXN_1a151d3ad5,2026-08-28 02:57:38.382062,M_0009,C_00675,1790.05,0.9852,ESCALATE,High IP transaction velocity | High customer transaction velocity | Elevated merchant transaction activity,PENDING_MANUAL_REVIEW,1,-0.9552263775188292,0,4,4,0,0
TXN_f27ee2e915,2026-08-28 02:58:53.004481,M_0009,C_00675,9166.82,0.9946,ESCALATE,Elevated amount vs merchant history | High IP transaction velocity | High customer transaction velocity,PENDING_MANUAL_REVIEW,1,2.302010331259477,0,5,5,0,0
TXN_e6163e95ee,2026-08-28 03:01:27.845249,M_0009,C_00675,846.09,0.9909,ESCALATE,High IP transaction velocity | High customer transaction velocity | Elevated merchant transaction activity,PENDING_MANUAL_REVIEW,1,-1.3701664923235428,0,6,6,0,0
TXN_48cec0a9f3,2026-08-28 03:02:11.779652,M_0009,C_00675,5486.88,0.9894,ESCALATE,High IP transaction velocity | High customer transaction velocity | Elevated merchant transaction activity,PENDING_MANUAL_REVIEW,1,0.6746364144304182,0,7,7,0,0
TXN_94feae9b01,2026-08-28 03:03:26.068948,M_0009,C_00675,3024.14,0.9918,ESCALATE,High IP transaction velocity | High customer transaction velocity | Elevated merchant transaction activity,PENDING_MANUAL_REVIEW,1,-0.41019427935964,0,8,8,0,0
TXN_91e6e87a54,2026-08-28 03:09:04.313794,M_0009,C_00143,50.0,0.3036,VERIFY,Transaction country differs from customer profile,STEP_UP_REQUIRED,0,-1.719973635686701,0,0,0,0,1
TXN_c37126e49e,2026-08-28 03:21:59.022224,M_0001,C_00720,50.0,0.0176,ALLOW,No significant risk indicators — consistent with observed behaviour,NO_ACTION,0,-1.8777430387740293,0,0,0,0,0
TXN_43f45485ac,2026-08-28 03:27:48.865722,M_0002,C_00413,1752.06,0.0178,ALLOW,No significant risk indicators — consistent with observed behaviour,NO_ACTION,0,-0.9285528875926791,0,0,0,0,0
TXN_bf0b40c58f,2026-08-28 03:32:03.803902,M_0014,C_00010,2117.7,0.1287,ALLOW,No significant risk indicators — consistent with observed behaviour,NO_ACTION,0,1.3322337839144698,0,0,0,0,0
TXN_fd0f116735,2026-08-28 03:35:07.330754,M_0007,C_00048,2364.35,0.0594,ALLOW,No significant risk indicators — consistent with observed behaviour,NO_ACTION,0,-0.9731625084479272,0,0,0,0,0
TXN_c894954454,2026-08-28 03:35:13.834128,M_0001,C_00392,7318.65,0.045,ALLOW,No significant risk indicators — consistent with observed behaviour,NO_ACTION,0,0.9009965976012158,0,0,0,0,0
TXN_96c11d493d,2026-08-28 03:36:23.550521,M_0000,C_00201,1159.53,0.0091,ALLOW,No significant risk indicators — consistent with observed behaviour,NO_ACTION,0,-1.1376885655098234,0,0,0,0,0
TXN_ae878a72c5,2026-08-28 03:37:03.803902,M_0014,C_00010,2059.9,0.8471,VERIFY,Recent activity from same IP | Recent failed payment attempts,STEP_UP_REQUIRED,1,1.2234666377989218,0,1,1,1,0
TXN_39742ecb91,2026-08-28 03:43:34.120568,M_0006,C_00046,567.54,0.4348,VERIFY,Transaction country differs from customer profile,STEP_UP_REQUIRED,0,-0.6799947732089918,0,0,0,0,1
TXN_814d71c79a,2026-08-28 03:48:02.989448,M_0003,C_00181,3012.49,0.0129,ALLOW,No significant risk indicators — consistent with observed behaviour,NO_ACTION,0,-0.1489001397470455,0,0,0,0,0
TXN_3cf2f452ca,2026-08-28 03:51:49.769910,M_0003,C_00317,649.15,0.0155,ALLOW,No significant risk indicators — consistent with observed behaviour,NO_ACTION,0,-1.3899039444724033,0,0,0,0,0
TXN_3c336b185f,2026-08-28 03:56:11.560933,M_0001,C_00720,7634.42,0.0298,ALLOW,No significant risk indicators — consistent with observed behaviour,NO_ACTION,0,1.019662336185061,0,0,0,0,0
TXN_b164600f65,2026-08-28 03:56:25.298438,M_0002,C_00575,7317.66,0.2786,VERIFY,Risk detected from combined weak signals (no single strong indicator),STEP_UP_REQUIRED,0,1.4300746982742754,0,0,0,0,0
TXN_954bc124c6,2026-08-28 04:04:46.659743,M_0014,C_00101,3635.41,0.9769,ESCALATE,Very high amount vs merchant history,PENDING_MANUAL_REVIEW,1,4.096897451328943,0,0,0,0,0
TXN_ff4333a413,2026-08-28 04:15:46.088367,M_0006,C_00700,274.4,0.0189,ALLOW,No significant risk indicators — consistent with observed behaviour,NO_ACTION,0,-1.4986680688463179,0,0,0,0,0
TXN_ba730da6f2,2026-08-28 04:30:37.875181,M_0007,C_00027,4046.25,0.0254,ALLOW,No significant risk indicators — consistent with observed behaviour,NO_ACTION,0,-0.24947489933021882,0,0,0,0,0
TXN_5e25088b83,2026-08-28 04:31:45.917184,M_0008,C_00778,3630.09,0.0153,ALLOW,No significant risk indicators — consistent with observed behaviour,NO_ACTION,0,0.1320518686828535,0,0,0,0,0
TXN_c911e053cb,2026-08-28 04:43:04.798177,M_0001,C_00720,839.99,0.2254,VERIFY,Transaction country differs from customer profile,STEP_UP_REQUIRED,0,-1.572130415761934,0,0,0,0,1
TXN_a09215755c,2026-08-28 04:43:20.495335,M_0004,C_00360,267.93,0.0883,ALLOW,No significant risk indicators — consistent with observed behaviour,NO_ACTION,0,-1.5587863580534345,0,0,0,0,0
TXN_7c4605adeb,2026-08-28 04:50:09.674131,M_0000,C_00777,1633.9,0.032,ALLOW,No significant risk indicators — consistent with observed behaviour,NO_ACTION,0,-0.671146539931116,0,0,0,0,0
TXN_972bc8b7b2,2026-08-28 05:04:44.779802,M_0004,C_00529,1326.19,0.0668,ALLOW,No significant risk indicators — consistent with observed behaviour,NO_ACTION,0,0.037599728036986246,0,0,0,0,0
TXN_7dc5b2cf44,2026-08-28 05:10:17.400336,M_0001,C_00221,4279.82,0.0541,ALLOW,No significant risk indicators — consistent with observed behaviour,NO_ACTION,0,-0.25742910352934245,0,0,0,0,0
TXN_386a86a025,2026-08-28 05:11:04.078519,M_0006,C_00694,925.31,0.0165,ALLOW,No significant risk indicators — consistent with observed behaviour,NO_ACTION,0,0.322289087416219,0,0,0,0,0
TXN_46e12b3cf0,2026-08-28 05:11:18.749967,M_0003,C_00288,7059.09,0.1014,ALLOW,Elevated amount vs merchant history,NO_ACTION,0,1.9769900443273487,0,0,0,0,0
TXN_4771a1fac6,2026-08-28 05:14:51.489788,M_0011,C_00573,6302.25,0.0067,ALLOW,No significant risk indicators — consistent with observed behaviour,NO_ACTION,0,0.48841648959511125,0,0,0,0,0
TXN_197383ae0a,2026-08-28 05:15:44.853310,M_0000,C_00543,4188.72,0.0882,ALLOW,Elevated amount vs merchant history,NO_ACTION,1,1.8351774687591302,0,0,0,0,0
TXN_cee79ac00c,2026-08-28 05:16:18.749967,M_0003,C_00288,7117.79,0.8655,VERIFY,Elevated amount vs merchant history | Recent activity from same IP | Recent failed payment attempts,STEP_UP_REQUIRED,1,2.000643631412514,0,1,1,1,0
TXN_52eb2056d6,2026-08-28 05:17:34.433927,M_0001,C_00185,3357.66,0.0147,ALLOW,No significant risk indicators — consistent with observed behaviour,NO_ACTION,0,-0.6084269347766134,0,0,0,0,0
TXN_fccb6a1459,2026-08-28 05:26:46.464024,M_0014,C_00743,2136.21,0.1564,VERIFY,Risk detected from combined weak signals (no single strong indicator),STEP_UP_REQUIRED,0,1.3349189103287324,0,0,0,0,0
TXN_1071c657b4,2026-08-28 05:34:02.779466,M_0000,C_00502,1670.68,0.0338,ALLOW,No significant risk indicators — consistent with observed behaviour,NO_ACTION,0,-0.6357176434480779,0,0,0,0,0
TXN_fe614889fc,2026-08-28 05:34:07.587881,M_0006,C_00513,429.46,0.0428,ALLOW,No significant risk indicators — consistent with observed behaviour,NO_ACTION,0,-1.063517013060492,0,0,0,0,0
TXN_e38d4f566e,2026-08-28 05:36:21.874915,M_0011,C_00050,7847.33,0.014,ALLOW,No significant risk indicators — consistent with observed behaviour,NO_ACTION,0,1.1427053742182054,0,0,0,0,0
TXN_21fde77a9c,2026-08-28 05:42:21.372613,M_0001,C_00636,8355.93,0.0503,ALLOW,No significant risk indicators — consistent with observed behaviour,NO_ACTION,0,1.2976717386700494,0,0,0,0,0
TXN_ab89f501b3,2026-08-28 05:45:59.896893,M_0002,C_00106,5227.11,0.0054,ALLOW,No significant risk indicators — consistent with observed behaviour,NO_ACTION,0,0.5423751402863696,0,0,0,0,0
TXN_b9fbca2a3c,2026-08-28 05:47:35.008368,M_0003,C_00571,4247.41,0.0301,ALLOW,No significant risk indicators — consistent with observed behaviour,NO_ACTION,0,0.49346621928918255,0,0,0,0,0
TXN_5b579333e7,2026-08-28 05:50:46.464996,M_0014,C_00775,1702.72,0.0152,ALLOW,No significant risk indicators — consistent with observed behaviour,NO_ACTION,0,0.5514936533822645,0,0,0,0,0
TXN_cffb398175,2026-08-28 05:52:18.286462,M_0000,C_00109,2926.2,0.0335,ALLOW,No significant risk indicators — consistent with observed behaviour,NO_ACTION,0,0.5950184573147905,0,0,0,0,0
TXN_566257546a,2026-08-28 05:55:25.281845,M_0014,C_00100,2058.91,0.1577,VERIFY,Risk detected from combined weak signals (no single strong indicator),STEP_UP_REQUIRED,0,1.1923483898621892,0,0,0,0,0
TXN_2c44eccba8,2026-08-28 06:01:35.977587,M_0011,C_00776,3769.64,0.0078,ALLOW,No significant risk indicators — consistent with observed behaviour,NO_ACTION,0,-0.5862247952637996,0,0,0,0,0
TXN_16f42727c5,2026-08-28 06:01:44.063176,M_0002,C_00430,5300.99,0.0159,ALLOW,No significant risk indicators — consistent with observed behaviour,NO_ACTION,0,0.5732207693098788,0,0,0,0,0
TXN_25bc52bcac,2026-08-28 06:04:49.506045,M_0006,C_00276,350.96,0.018,ALLOW,No significant risk indicators — consistent with observed behaviour,NO_ACTION,0,-1.2813917557060766,0,0,0,0,0
TXN_9ac2ecfdaf,2026-08-28 06:10:17.282857,M_0012,C_00409,1945.01,0.2069,VERIFY,Risk detected from combined weak signals (no single strong indicator),STEP_UP_REQUIRED,0,-0.9125383270205196,0,0,0,0,0
TXN_66f2059008,2026-08-28 06:21:51.564836,M_0003,C_00351,4191.79,0.0598,ALLOW,No significant risk indicators — consistent with observed behaviour,NO_ACTION,0,0.46393800949486197,0,0,0,0,0
TXN_9e53f8f285,2026-08-28 06:22:39.499468,M_0014,C_00376,1907.39,0.0199,ALLOW,No significant risk indicators — consistent with observed behaviour,NO_ACTION,0,0.9170832084792052,0,0,0,0,0
TXN_8eb4a9619e,2026-08-28 06:24:41.505152,M_0004,C_00529,973.89,0.0565,ALLOW,No significant risk indicators — consistent with observed behaviour,NO_ACTION,0,-0.49298766213026335,0,0,0,0,0
TXN_e9f18da80d,2026-08-28 06:34:03.786401,M_0000,C_00402,2821.18,0.0308,ALLOW,No significant risk indicators — consistent with observed behaviour,NO_ACTION,0,0.4916414094940268,0,0,0,0,0
TXN_a637f975c0,2026-08-28 06:36:13.850246,M_0011,C_00429,3723.16,0.0726,ALLOW,Transaction country differs from customer profile,NO_ACTION,0,-0.6054621128646117,0,0,0,0,1
TXN_bfc949e345,2026-08-28 06:48:22.441353,M_0011,C_00710,3218.48,0.0081,ALLOW,No significant risk indicators — consistent with observed behaviour,NO_ACTION,0,-0.8189330770881242,0,0,0,0,0
TXN_cda7c0723b,2026-08-28 06:50:42.084469,M_0002,C_00158,4752.4,0.0557,ALLOW,No significant risk indicators — consistent with observed behaviour,NO_ACTION,0,0.34031465990040355,0,0,0,0,0
TXN_4c9c5b80cd,2026-08-28 06:59:44.202667,M_0006,C_00687,1040.46,0.0618,ALLOW,No significant risk indicators — consistent with observed behaviour,NO_ACTION,0,0.6465343457165263,0,0,0,0,0
TXN_cf174374e4,2026-08-28 07:00:30.386610,M_0008,C_00040,5457.12,0.0776,ALLOW,No significant risk indicators — consistent with observed behaviour,NO_ACTION,0,1.15186996673829,0,0,0,0,0
TXN_e02b3e9796,2026-08-28 07:00:31.160987,M_0009,C_00588,5889.55,0.0257,ALLOW,No significant risk indicators — consistent with observed behaviour,NO_ACTION,0,0.8532165624962318,0,0,0,0,0
TXN_93dfd073d0,2026-08-28 07:01:39.217961,M_0011,C_00038,640.0,0.0107,ALLOW,No significant risk indicators — consistent with observed behaviour,NO_ACTION,0,-1.9114654041185786,0,0,0,0,0
TXN_3e9ab21ee1,2026-08-28 07:07:17.459395,M_0010,C_00455,746.36,0.0606,ALLOW,No significant risk indicators — consistent with observed behaviour,NO_ACTION,0,0.19918681108597291,0,0,0,0,0
TXN_c879862904,2026-08-28 07:08:20.039917,M_0009,C_00559,4580.57,0.2634,VERIFY,Transaction country differs from customer profile,STEP_UP_REQUIRED,0,0.27635680795337747,0,0,0,0,1
TXN_7e4ece5baa,2026-08-28 07:22:17.534591,M_0001,C_00305,6167.23,0.0456,ALLOW,No significant risk indicators — consistent with observed behaviour,NO_ACTION,0,0.4603966854284145,0,0,0,0,0
TXN_6a3f2911c4,2026-08-28 07:23:34.138355,M_0001,C_00599,6738.07,0.0774,ALLOW,No significant risk indicators — consistent with observed behaviour,NO_ACTION,0,0.6774417307036258,0,0,0,0,0
TXN_1a8fb0914a,2026-08-28 07:25:24.953866,M_0010,C_00235,1141.24,0.2748,VERIFY,Risk detected from combined weak signals (no single strong indicator),STEP_UP_REQUIRED,0,1.1089926251811375,0,0,0,0,0
TXN_c60c989cc3,2026-08-28 07:26:41.582504,M_0001,C_00340,8607.21,0.2676,VERIFY,Risk detected from combined weak signals (no single strong indicator),STEP_UP_REQUIRED,1,1.389384172732756,0,0,0,0,0
TXN_0733678440,2026-08-28 07:26:44.971446,M_0001,C_00340,2561.79,0.9466,ESCALATE,Recent activity from same IP,PENDING_MANUAL_REVIEW,1,-0.9185097742276779,0,1,1,0,0
TXN_520768995e,2026-08-28 07:27:24.270653,M_0001,C_00340,3263.59,0.9584,ESCALATE,Recent activity from same IP,PENDING_MANUAL_REVIEW,1,-0.6493061961541364,0,2,2,0,0
TXN_68b16d800a,2026-08-28 07:28:44.537857,M_0001,C_00340,5197.88,0.9657,ESCALATE,High IP transaction velocity | High customer transaction velocity | Elevated merchant transaction activity,PENDING_MANUAL_REVIEW,1,0.08929150041399193,0,3,3,0,0
TXN_9c484c4912,2026-08-28 07:28:44.704101,M_0005,C_00284,997.4,0.0389,ALLOW,No significant risk indicators — consistent with observed behaviour,NO_ACTION,0,-0.38545953868442945,0,0,0,0,0
TXN_c7293c31fe,2026-08-28 07:31:00.231317,M_0001,C_00340,2283.21,0.9949,ESCALATE,High IP transaction velocity | High customer transaction velocity | Elevated merchant transaction activity,PENDING_MANUAL_REVIEW,1,-1.0234567994443458,0,4,4,0,0
TXN_772752afca,2026-08-28 07:31:19.626265,M_0011,C_00776,8006.18,0.0382,ALLOW,No significant risk indicators — consistent with observed behaviour,NO_ACTION,0,1.2123058727150944,0,0,0,0,0
TXN_85bfeaf027,2026-08-28 07:32:06.228791,M_0014,C_00735,1235.34,0.063,ALLOW,No significant risk indicators — consistent with observed behaviour,NO_ACTION,0,-0.29441860918815177,0,0,0,0,0
TXN_fe04af44dd,2026-08-28 07:32:08.586741,M_0001,C_00340,3344.63,0.9954,ESCALATE,High IP transaction velocity | High customer transaction velocity | Elevated merchant transaction activity,PENDING_MANUAL_REVIEW,1,-0.6161663256814829,0,5,5,0,0
TXN_6fb8693997,2026-08-28 07:32:53.794003,M_0009,C_00093,716.57,0.0859,ALLOW,No significant risk indicators — consistent with observed behaviour,NO_ACTION,0,-1.4251009215466,0,0,0,0,0
TXN_64120eff67,2026-08-28 07:34:26.378641,M_0001,C_00340,5240.1,0.9953,ESCALATE,High IP transaction velocity | High customer transaction velocity | Elevated merchant transaction activity,PENDING_MANUAL_REVIEW,1,0.10869723677405593,0,6,6,0,0
TXN_234670675e,2026-08-28 07:35:58.606400,M_0006,C_00689,625.26,0.039,ALLOW,No significant risk indicators — consistent with observed behaviour,NO_ACTION,0,-0.5141281081453893,0,0,0,0,0
TXN_13686fae75,2026-08-28 07:37:46.504074,M_0000,C_00201,3016.85,0.0172,ALLOW,No significant risk indicators — consistent with observed behaviour,NO_ACTION,0,0.683190149719013,0,0,0,0,0
TXN_bc13b51e76,2026-08-28 07:39:16.387113,M_0000,C_00177,1672.09,0.0145,ALLOW,No significant risk indicators — consistent with observed behaviour,NO_ACTION,0,-0.6364250776924179,0,0,0,0,0
TXN_f16838c499,2026-08-28 07:40:50.735085,M_0005,C_00732,2010.15,0.1143,ALLOW,No significant risk indicators — consistent with observed behaviour,NO_ACTION,0,0.8078384051445351,0,0,0,0,0
TXN_7597bd3a53,2026-08-28 07:45:13.689372,M_0014,C_00100,910.41,0.383,VERIFY,Transaction country differs from customer profile,STEP_UP_REQUIRED,0,-0.87965126976802,0,0,0,0,1
TXN_f8edeecad0,2026-08-28 07:47:14.973438,M_0002,C_00679,4204.29,0.0337,ALLOW,No significant risk indicators — consistent with observed behaviour,NO_ACTION,0,0.10772335952100852,0,0,0,0,0
TXN_404c5d443c,2026-08-28 07:49:30.534272,M_0003,C_00375,3488.98,0.3875,VERIFY,Transaction country differs from customer profile,STEP_UP_REQUIRED,0,0.09586803969095166,0,0,0,0,1
TXN_bf6d81f35f,2026-08-28 07:49:46.976479,M_0012,C_00231,3004.9,0.2685,VERIFY,Risk detected from combined weak signals (no single strong indicator),STEP_UP_REQUIRED,0,-0.516228438465724,0,0,0,0,0
TXN_9fbcc6db53,2026-08-28 07:52:33.973992,M_0014,C_00442,50.0,0.0073,ALLOW,No significant risk indicators — consistent with observed behaviour,NO_ACTION,0,-2.4290322881447457,0,0,0,0,0
TXN_6c29fba4bd,2026-08-28 07:56:55.508408,M_0014,C_00376,1867.17,0.0211,ALLOW,No significant risk indicators — consistent with observed behaviour,NO_ACTION,0,0.8466782418284603,0,0,0,0,0
TXN_1e87f99b81,2026-08-28 07:58:38.713581,M_0013,C_00016,1947.42,0.0277,ALLOW,No significant risk indicators — consistent with observed behaviour,NO_ACTION,0,0.4478799728893943,0,0,0,0,0
TXN_e4c3d414f6,2026-08-28 08:04:23.128418,M_0013,C_00544,542.82,0.0211,ALLOW,No significant risk indicators — consistent with observed behaviour,NO_ACTION,0,-1.0680613408223554,0,0,0,0,0
TXN_3b40b582e3,2026-08-28 08:04:41.693447,M_0004,C_00726,1506.31,0.0446,ALLOW,No significant risk indicators — consistent with observed behaviour,NO_ACTION,0,0.30969540025315684,0,0,0,0,0
TXN_6c5b974313,2026-08-28 08:05:21.445015,M_0008,C_00310,11144.44,0.9845,ESCALATE,Very high amount vs merchant history,PENDING_MANUAL_REVIEW,1,4.3240409760037775,0,0,0,0,0
TXN_be0cfb67b5,2026-08-28 08:06:03.716756,M_0001,C_00396,4837.82,0.0475,ALLOW,No significant risk indicators — consistent with observed behaviour,NO_ACTION,0,-0.04522423342900349,0,0,0,0,0
TXN_9afaafce81,2026-08-28 08:07:25.453974,M_0003,C_00282,4226.97,0.0871,ALLOW,No significant risk indicators — consistent with observed behaviour,NO_ACTION,0,0.482138574033874,0,0,0,0,0
TXN_9eb7027a56,2026-08-28 08:08:27.403432,M_0002,C_00660,6775.61,0.2393,VERIFY,Risk detected from combined weak signals (no single strong indicator),STEP_UP_REQUIRED,0,1.1983551630368865,0,0,0,0,0
TXN_968c46e6d9,2026-08-28 08:13:26.122785,M_0006,C_00541,885.08,0.0203,ALLOW,No significant risk indicators — consistent with observed behaviour,NO_ACTION,0,0.21257322822740368,0,0,0,0,0
TXN_c66b8220f2,2026-08-28 08:14:46.894183,M_0004,C_00677,1717.47,0.0264,ALLOW,No significant risk indicators — consistent with observed behaviour,NO_ACTION,0,0.627834589813598,0,0,0,0,0
TXN_35af87cf2b,2026-08-28 08:15:00.321550,M_0012,C_00592,3579.78,0.0448,ALLOW,No significant risk indicators — consistent with observed behaviour,NO_ACTION,0,-0.3013353846714802,0,0,0,0,0
TXN_781740ec4c,2026-08-28 08:20:49.778915,M_0011,C_00456,994.19,0.0107,ALLOW,No significant risk indicators — consistent with observed behaviour,NO_ACTION,0,-1.7572813235450278,0,0,0,0,0
TXN_c7b6eb8931,2026-08-28 08:22:33.085780,M_0010,C_00212,248.22,0.0161,ALLOW,No significant risk indicators — consistent with observed behaviour,NO_ACTION,0,-0.9510889551663148,0,0,0,0,0
TXN_f486d146eb,2026-08-28 08:30:12.999431,M_0011,C_00742,1130.36,0.0041,ALLOW,No significant risk indicators — consistent with observed behaviour,NO_ACTION,0,-1.695554739769865,0,0,0,0,0
TXN_98d9ba034d,2026-08-28 08:30:34.492641,M_0013,C_00018,1958.59,0.0397,ALLOW,No significant risk indicators — consistent with observed behaviour,NO_ACTION,0,0.4610276461477781,0,0,0,0,0
TXN_653111ee24,2026-08-28 08:30:50.716767,M_0003,C_00673,4696.33,0.0648,ALLOW,No significant risk indicators — consistent with observed behaviour,NO_ACTION,0,0.7275555562352317,0,0,0,0,0
TXN_a5266f22be,2026-08-28 08:30:56.250303,M_0007,C_00587,430.86,0.0227,ALLOW,No significant risk indicators — consistent with observed behaviour,NO_ACTION,0,-1.80289942431912,0,0,0,0,0
TXN_ba1ad5e541,2026-08-28 08:58:34.145255,M_0012,C_00120,7548.37,0.179,VERIFY,Risk detected from combined weak signals (no single strong indicator),STEP_UP_REQUIRED,0,1.180268033181123,0,0,0,0,0
TXN_48447e63d5,2026-08-28 09:04:30.008378,M_0013,C_00369,511.08,0.016,ALLOW,No significant risk indicators — consistent with observed behaviour,NO_ACTION,0,-1.1019504815666554,0,0,0,0,0
TXN_4fe1c8049e,2026-08-28 09:09:09.072629,M_0014,C_00471,1353.74,0.0242,ALLOW,No significant risk indicators — consistent with observed behaviour,NO_ACTION,0,-0.07629334878597631,0,0,0,0,0
TXN_dbe96f8266,2026-08-28 09:17:32.473467,M_0009,C_00557,3158.66,0.0858,ALLOW,No significant risk indicators — consistent with observed behaviour,NO_ACTION,0,-0.34808155109302813,0,0,0,0,0
TXN_7ebf2ca881,2026-08-28 09:21:41.781227,M_0002,C_00649,1048.41,0.0352,ALLOW,No significant risk indicators — consistent with observed behaviour,NO_ACTION,0,-1.2321714854867933,0,0,0,0,0
TXN_0cb95a1074,2026-08-28 09:31:08.298701,M_0009,C_00549,3719.95,0.0954,ALLOW,No significant risk indicators — consistent with observed behaviour,NO_ACTION,0,-0.10075322513336708,0,0,0,0,0
TXN_7f09d874fe,2026-08-28 09:36:01.208581,M_0010,C_00098,464.43,0.0814,ALLOW,No significant risk indicators — consistent with observed behaviour,NO_ACTION,0,-0.45101966951473793,0,0,0,0,0
TXN_cc575eb808,2026-08-28 09:42:25.244989,M_0012,C_00117,6002.44,0.0689,ALLOW,No significant risk indicators — consistent with observed behaviour,NO_ACTION,0,0.6014966633390999,0,0,0,0,0
TXN_e638771de4,2026-08-28 09:47:52.287242,M_0001,C_00400,4660.17,0.0586,ALLOW,No significant risk indicators — consistent with observed behaviour,NO_ACTION,0,-0.1131708607495856,0,0,0,0,0
TXN_aaf3292d48,2026-08-28 09:52:06.203937,M_0009,C_00675,1479.58,0.6322,VERIFY,Transaction country differs from customer profile,STEP_UP_REQUIRED,0,-1.087576072379263,0,0,0,0,1
TXN_d7785f9115,2026-08-28 10:05:27.729344,M_0002,C_00158,5364.81,0.0388,ALLOW,No significant risk indicators — consistent with observed behaviour,NO_ACTION,0,0.5996068251392254,0,0,0,0,0
TXN_d607d6f5f1,2026-08-28 10:13:06.805329,M_0005,C_00134,1446.01,0.2112,VERIFY,Risk detected from combined weak signals (no single strong indicator),STEP_UP_REQUIRED,0,0.14199315035351068,0,0,0,0,0
TXN_9c2ab51bab,2026-08-28 10:16:41.162531,M_0010,C_00570,458.66,0.6333,VERIFY,Transaction country differs from customer profile,STEP_UP_REQUIRED,0,-0.4637664049094347,0,0,0,0,1
TXN_744888fec8,2026-08-28 10:26:56.520580,M_0003,C_00155,6562.15,0.1609,VERIFY,Elevated amount vs merchant history,STEP_UP_REQUIRED,1,1.7043935858319508,0,0,0,0,0
TXN_c3b5a3d34e,2026-08-28 10:28:06.551170,M_0005,C_00791,536.67,0.1132,ALLOW,No significant risk indicators — consistent with observed behaviour,NO_ACTION,0,-0.9304638665042246,0,0,0,0,0
TXN_b944922f63,2026-08-28 10:32:09.554283,M_0010,C_00252,50.0,0.1421,ALLOW,No significant risk indicators — consistent with observed behaviour,NO_ACTION,0,-1.4063741572247104,0,0,0,0,0
TXN_4609ad9dcd,2026-08-28 10:40:45.825832,M_0009,C_00603,2499.33,0.1192,ALLOW,No significant risk indicators — consistent with observed behaviour,NO_ACTION,0,-0.6371080174417744,0,0,0,0,0
TXN_01a0289a91,2026-08-28 10:43:53.682233,M_0004,C_00691,935.56,0.1316,ALLOW,No significant risk indicators — consistent with observed behaviour,NO_ACTION,0,-0.5522209964672806,0,0,0,0,0
TXN_87419699cb,2026-08-28 10:46:47.741984,M_0008,C_00688,4903.35,0.0574,ALLOW,No significant risk indicators — consistent with observed behaviour,NO_ACTION,0,0.8240325802015724,0,0,0,0,0
TXN_30505bf3f7,2026-08-28 10:50:05.709689,M_0006,C_00714,623.76,0.0276,ALLOW,No significant risk indicators — consistent with observed behaviour,NO_ACTION,0,-0.518494297481646,0,0,0,0,0
TXN_06ed697cd9,2026-08-28 10:51:25.454438,M_0000,C_00314,2417.81,0.031,ALLOW,No significant risk indicators — consistent with observed behaviour,NO_ACTION,0,0.09576714423628319,0,0,0,0,0
TXN_32ed98dd50,2026-08-28 10:56:36.658310,M_0002,C_00084,4892.58,0.0319,ALLOW,No significant risk indicators — consistent with observed behaviour,NO_ACTION,0,0.398825565215804,0,0,0,0,0
TXN_e355ca5375,2026-08-28 10:59:48.147654,M_0012,C_00664,5212.24,0.1633,VERIFY,Risk detected from combined weak signals (no single strong indicator),STEP_UP_REQUIRED,0,0.30594566698561726,0,0,0,0,0
TXN_9c71ced491,2026-08-28 11:00:41.904581,M_0011,C_00145,4718.07,0.0076,ALLOW,No significant risk indicators — consistent with observed behaviour,NO_ACTION,0,-0.17672054161078726,0,0,0,0,0
TXN_96ae35bbf7,2026-08-28 11:05:45.188844,M_0001,C_00128,8401.41,0.0625,ALLOW,No significant risk indicators — consistent with observed behaviour,NO_ACTION,0,1.3202558284859698,0,0,0,0,0
TXN_17b9be0558,2026-08-28 11:14:32.520334,M_0005,C_00407,600.4,0.0324,ALLOW,No significant risk indicators — consistent with observed behaviour,NO_ACTION,0,-0.8538166745086403,0,0,0,0,0
TXN_5f216cfa1e,2026-08-28 11:20:56.051585,M_0011,C_00742,2744.83,0.0028,ALLOW,No significant risk indicators — consistent with observed behaviour,NO_ACTION,0,-1.0103502227445247,0,0,0,0,0
TXN_ae3ca1c574,2026-08-28 11:27:19.476320,M_0008,C_00496,4422.23,0.0106,ALLOW,No significant risk indicators — consistent with observed behaviour,NO_ACTION,0,0.5578378496564735,0,0,0,0,0
TXN_7f04173efa,2026-08-28 11:30:33.994328,M_0008,C_00299,3986.6,0.0498,ALLOW,No significant risk indicators — consistent with observed behaviour,NO_ACTION,0,0.31707098321344296,0,0,0,0,0
TXN_ee318cfba5,2026-08-28 11:37:14.762371,M_0001,C_00185,6972.16,0.0658,ALLOW,Previously unseen device,NO_ACTION,0,0.7694780889739072,1,0,0,0,0
TXN_59b391a078,2026-08-28 11:50:46.684952,M_0009,C_00065,3676.56,0.0163,ALLOW,No significant risk indicators — consistent with observed behaviour,NO_ACTION,0,-0.11792556686150923,0,0,0,0,0
TXN_20ce0564fd,2026-08-28 11:57:44.485501,M_0006,C_00023,891.96,0.0626,ALLOW,No significant risk indicators — consistent with observed behaviour,NO_ACTION,0,0.23244884742528577,0,0,0,0,0
TXN_1955e6452a,2026-08-28 12:00:26.732780,M_0002,C_00699,3021.21,0.3196,VERIFY,Transaction country differs from customer profile,STEP_UP_REQUIRED,0,-0.39552263891759426,0,0,0,0,1
TXN_14600e0f33,2026-08-28 12:08:03.905005,M_0001,C_00599,5128.15,0.0484,ALLOW,No significant risk indicators — consistent with observed behaviour,NO_ACTION,0,0.06202628105292874,0,0,0,0,0
TXN_b2ce4e2aaa,2026-08-28 12:13:46.274570,M_0005,C_00747,930.32,0.0157,ALLOW,No significant risk indicators — consistent with observed behaviour,NO_ACTION,0,-0.46336395879680436,0,0,0,0,0
TXN_aa67d62ec5,2026-08-28 12:14:19.130840,M_0013,C_00183,50.0,0.0166,ALLOW,No significant risk indicators — consistent with observed behaviour,NO_ACTION,0,-1.5978722606582445,0,0,0,0,0
TXN_cfd1d483fc,2026-08-28 12:15:31.741591,M_0007,C_00366,922.68,0.0143,ALLOW,No significant risk indicators — consistent with observed behaviour,NO_ACTION,0,-1.586082656739201,0,0,0,0,0
TXN_76008d122c,2026-08-28 12:23:14.730093,M_0002,C_00335,1890.29,0.0116,ALLOW,No significant risk indicators — consistent with observed behaviour,NO_ACTION,0,-0.8753617050791405,0,0,0,0,0
TXN_07ace2106a,2026-08-28 12:26:53.769619,M_0002,C_00472,4972.04,0.0317,ALLOW,No significant risk indicators — consistent with observed behaviour,NO_ACTION,0,0.43412993992513865,0,0,0,0,0
TXN_06bb37f9b4,2026-08-28 12:27:36.791701,M_0009,C_00410,2154.3,0.0281,ALLOW,No significant risk indicators — consistent with observed behaviour,NO_ACTION,0,-0.7889319629075606,0,0,0,0,0
TXN_4dfb9e19d4,2026-08-28 12:36:01.377873,M_0005,C_00008,750.95,0.0229,ALLOW,No significant risk indicators — consistent with observed behaviour,NO_ACTION,0,-0.6746202459644997,0,0,0,0,0
TXN_832762be4f,2026-08-28 12:36:10.925680,M_0003,C_00233,3554.68,0.2495,VERIFY,Transaction country differs from customer profile,STEP_UP_REQUIRED,0,0.12590166080239978,0,0,0,0,1
TXN_0ac0423e8c,2026-08-28 12:38:41.184332,M_0003,C_00673,9498.74,0.9564,ESCALATE,Very high amount vs merchant history,PENDING_MANUAL_REVIEW,0,3.2382921297044747,0,0,0,0,0
TXN_2ed4291cc6,2026-08-28 12:40:15.328210,M_0003,C_00422,4210.81,0.0157,ALLOW,No significant risk indicators — consistent with observed behaviour,NO_ACTION,0,0.4615390356818515,0,0,0,0,0
TXN_00976d2626,2026-08-28 12:42:30.898198,M_0010,C_00749,681.89,0.0125,ALLOW,No significant risk indicators — consistent with observed behaviour,NO_ACTION,0,0.054861471673103776,0,0,0,0,0
TXN_d50b19aa96,2026-08-28 12:49:48.568478,M_0009,C_00384,2066.7,0.0303,ALLOW,No significant risk indicators — consistent with observed behaviour,NO_ACTION,0,-0.8268505896070593,0,0,0,0,0
TXN_9c1ada11e1,2026-08-28 12:53:16.615361,M_0001,C_00400,8402.85,0.0804,ALLOW,No significant risk indicators — consistent with observed behaviour,NO_ACTION,0,1.3173720778543234,0,0,0,0,0
TXN_72191631fe,2026-08-28 12:56:40.490268,M_0000,C_00179,2409.86,0.4196,VERIFY,Transaction country differs from customer profile,STEP_UP_REQUIRED,0,0.08791041461293965,0,0,0,0,1
TXN_410b14ce08,2026-08-28 13:03:20.586897,M_0014,C_00442,1361.31,0.0047,ALLOW,No significant risk indicators — consistent with observed behaviour,NO_ACTION,0,-0.06262634036928981,0,0,0,0,0
TXN_6c8b7dbdc9,2026-08-28 13:16:03.022073,M_0007,C_00250,3127.84,0.0579,ALLOW,No significant risk indicators — consistent with observed behaviour,NO_ACTION,0,-0.6369368256215173,0,0,0,0,0
TXN_ec584f825f,2026-08-28 13:26:06.457411,M_0000,C_00777,1433.12,0.0136,ALLOW,No significant risk indicators — consistent with observed behaviour,NO_ACTION,0,-0.8715501348951991,0,0,0,0,0
TXN_8f2f804992,2026-08-28 13:27:51.697457,M_0003,C_00351,5301.05,0.0765,ALLOW,No significant risk indicators — consistent with observed behaviour,NO_ACTION,0,1.0284660472861193,0,0,0,0,0
TXN_4c55ec0953,2026-08-28 13:30:22.460928,M_0012,C_00646,5349.73,0.0242,ALLOW,No significant risk indicators — consistent with observed behaviour,NO_ACTION,0,0.35708670070494103,0,0,0,0,0
TXN_99f5c06c7f,2026-08-28 13:32:43.019549,M_0004,C_00562,559.63,0.022,ALLOW,No significant risk indicators — consistent with observed behaviour,NO_ACTION,0,-1.1190467945949176,0,0,0,0,0
TXN_3f4f065667,2026-08-28 13:35:00.932071,M_0003,C_00311,1117.33,0.0051,ALLOW,No significant risk indicators — consistent with observed behaviour,NO_ACTION,0,-1.15006679083881,0,0,0,0,0
TXN_43662fa64c,2026-08-28 13:47:25.863744,M_0007,C_00027,2746.22,0.0369,ALLOW,No significant risk indicators — consistent with observed behaviour,NO_ACTION,0,-0.7998529353806947,0,0,0,0,0
TXN_16fb8307f7,2026-08-28 13:53:15.612682,M_0002,C_00084,3144.27,0.042,ALLOW,Previously unseen device,NO_ACTION,0,-0.342665209698758,1,0,0,0,0
TXN_58ea50b7ff,2026-08-28 13:55:21.944899,M_0000,C_00270,2437.96,0.0489,ALLOW,No significant risk indicators — consistent with observed behaviour,NO_ACTION,0,0.11641357919118832,0,0,0,0,0
TXN_f250841ce2,2026-08-28 13:56:02.183198,M_0013,C_00443,1031.73,0.0216,ALLOW,No significant risk indicators — consistent with observed behaviour,NO_ACTION,0,-0.5353976841463436,0,0,0,0,0
TXN_e62aae87db,2026-08-28 13:56:33.896115,M_0009,C_00093,1779.65,0.0239,ALLOW,No significant risk indicators — consistent with observed behaviour,NO_ACTION,0,-0.9526741415137912,0,0,0,0,0
TXN_1aeab67c30,2026-08-28 14:01:18.076235,M_0012,C_00468,1547.52,0.0186,ALLOW,No significant risk indicators — consistent with observed behaviour,NO_ACTION,0,-1.0643493315366908,0,0,0,0,0
TXN_874b6c8594,2026-08-28 14:02:24.347999,M_0012,C_00122,1596.19,0.0153,ALLOW,No significant risk indicators — consistent with observed behaviour,NO_ACTION,0,-1.0446728201236128,0,0,0,0,0
TXN_43f5c34f2b,2026-08-28 14:06:45.529172,M_0002,C_00797,3309.16,0.0062,ALLOW,No significant risk indicators — consistent with observed behaviour,NO_ACTION,0,-0.27233993069749307,0,0,0,0,0
TXN_f88b61fc26,2026-08-28 14:08:13.681609,M_0000,C_00200,2267.19,0.0431,ALLOW,No significant risk indicators — consistent with observed behaviour,NO_ACTION,0,-0.051500558473347405,0,0,0,0,0
TXN_88d1fa7618,2026-08-28 14:08:17.989557,M_0002,C_00167,2542.65,0.0264,ALLOW,No significant risk indicators — consistent with observed behaviour,NO_ACTION,0,-0.5981536522301659,0,0,0,0,0
TXN_d0c3167388,2026-08-28 14:08:51.789368,M_0000,C_00586,2391.93,0.0363,ALLOW,No significant risk indicators — consistent with observed behaviour,NO_ACTION,0,0.07120027361176699,0,0,0,0,0
TXN_0d2d38d9e5,2026-08-28 14:10:36.025715,M_0001,C_00269,3168.15,0.0606,ALLOW,Previously unseen device,NO_ACTION,0,-0.6915530704686589,1,0,0,0,0
TXN_c135e5d5c6,2026-08-28 14:18:15.666141,M_0009,C_00441,50.0,0.0086,ALLOW,No significant risk indicators — consistent with observed behaviour,NO_ACTION,0,-1.7145032466177497,0,0,0,0,0
TXN_bf060b46f5,2026-08-28 14:23:28.441164,M_0003,C_00351,4193.66,0.0469,ALLOW,No significant risk indicators — consistent with observed behaviour,NO_ACTION,0,0.4522603635791049,0,0,0,0,0
TXN_a69f0fab32,2026-08-28 14:24:03.913739,M_0004,C_00365,1283.03,0.041,ALLOW,No significant risk indicators — consistent with observed behaviour,NO_ACTION,0,-0.025752066625361402,0,0,0,0,0
TXN_204819a02f,2026-08-28 14:24:18.232517,M_0011,C_00267,1862.05,0.0019,ALLOW,No significant risk indicators — consistent with observed behaviour,NO_ACTION,0,-1.3821582064608262,0,0,0,0,0
TXN_93dd67fec8,2026-08-28 14:27:41.340988,M_0001,C_00014,5633.12,0.0206,ALLOW,No significant risk indicators — consistent with observed behaviour,NO_ACTION,0,0.2542508775506134,0,0,0,0,0
TXN_a76805ba0a,2026-08-28 14:27:45.888186,M_0013,C_00609,1247.61,0.0219,ALLOW,No significant risk indicators — consistent with observed behaviour,NO_ACTION,0,-0.30204066460117973,0,0,0,0,0
TXN_2ae4447571,2026-08-28 14:28:44.339704,M_0004,C_00523,270.55,0.0117,ALLOW,No significant risk indicators — consistent with observed behaviour,NO_ACTION,0,-1.5545183510136347,0,0,0,0,0
TXN_3cb584ca1f,2026-08-28 14:28:51.768963,M_0010,C_00212,622.11,0.0112,ALLOW,No significant risk indicators — consistent with observed behaviour,NO_ACTION,0,-0.08317049873132741,0,0,0,0,0
TXN_2eb1f828d8,2026-08-28 14:38:47.288325,M_0000,C_00482,3773.49,0.4549,VERIFY,Risk detected from combined weak signals (no single strong indicator),STEP_UP_REQUIRED,0,1.4305539685521749,0,0,0,0,0
TXN_4897b0316f,2026-08-28 14:40:07.674139,M_0000,C_00602,2250.34,0.0327,ALLOW,No significant risk indicators — consistent with observed behaviour,NO_ACTION,0,-0.06964399561282822,0,0,0,0,0
TXN_27b586cd16,2026-08-28 14:40:47.089482,M_0007,C_00403,4612.71,0.0557,ALLOW,No significant risk indicators — consistent with observed behaviour,NO_ACTION,0,0.0015123622725419627,0,0,0,0,0
TXN_fee541ab54,2026-08-28 14:43:51.003464,M_0008,C_00626,1225.56,0.0187,ALLOW,No significant risk indicators — consistent with observed behaviour,NO_ACTION,0,-1.20680108477645,0,0,0,0,0
TXN_642514b38c,2026-08-28 14:45:03.193025,M_0002,C_00326,5590.83,0.0302,ALLOW,No significant risk indicators — consistent with observed behaviour,NO_ACTION,0,0.6992533386627923,0,0,0,0,0
TXN_03f46b1074,2026-08-28 14:52:01.852985,M_0005,C_00454,2013.31,0.1849,VERIFY,Transaction country differs from customer profile,STEP_UP_REQUIRED,0,0.8170567493038364,0,0,0,0,1
TXN_e8b64ce679,2026-08-28 14:52:29.783795,M_0012,C_00579,3517.26,0.0561,ALLOW,No significant risk indicators — consistent with observed behaviour,NO_ACTION,0,-0.3252997879265285,0,0,0,0,0
TXN_43cd50c5c4,2026-08-28 14:55:53.176821,M_0013,C_00480,2879.71,0.1081,ALLOW,No significant risk indicators — consistent with observed behaviour,NO_ACTION,0,1.4598601426999327,0,0,0,0,0
TXN_afbb59e03e,2026-08-28 14:56:19.381849,M_0007,C_00070,7114.16,0.3371,VERIFY,Transaction country differs from customer profile,STEP_UP_REQUIRED,0,1.0749719997485276,0,0,0,0,1
TXN_c87886798a,2026-08-28 14:59:32.882942,M_0002,C_00598,2645.94,0.2858,VERIFY,Transaction country differs from customer profile,STEP_UP_REQUIRED,0,-0.554745616142266,0,0,0,0,1
TXN_c3adab94ec,2026-08-28 15:13:25.662382,M_0006,C_00328,859.98,0.0574,ALLOW,No significant risk indicators — consistent with observed behaviour,NO_ACTION,0,0.14274579142464344,0,0,0,0,0
TXN_f18399b661,2026-08-28 15:16:39.695342,M_0005,C_00333,1263.53,0.044,ALLOW,No significant risk indicators — consistent with observed behaviour,NO_ACTION,0,-0.06983911681366585,0,0,0,0,0
TXN_140bc54f01,2026-08-28 15:20:23.697558,M_0005,C_00333,324.77,0.7089,VERIFY,Recent activity from same IP,STEP_UP_REQUIRED,0,-1.1797030811786935,0,1,1,0,0
TXN_fb7b39b510,2026-08-28 15:22:12.274935,M_0005,C_00333,1561.75,0.8213,VERIFY,Recent activity from same IP,STEP_UP_REQUIRED,0,0.2847203314485134,0,2,2,0,0
TXN_0c387b61a4,2026-08-28 15:24:49.816840,M_0012,C_00786,6474.47,0.0108,ALLOW,No significant risk indicators — consistent with observed behaviour,NO_ACTION,0,0.7807535301333756,0,0,0,0,0
TXN_e289cc8066,2026-08-28 15:44:58.368701,M_0002,C_00558,3404.61,0.0271,ALLOW,No significant risk indicators — consistent with observed behaviour,NO_ACTION,0,-0.23126597928464085,0,0,0,0,0
TXN_ec99cd7d01,2026-08-28 15:45:00.082343,M_0009,C_00615,2155.45,0.0074,ALLOW,No significant risk indicators — consistent with observed behaviour,NO_ACTION,0,-0.7832102234157863,0,0,0,0,0
TXN_32dd1c6876,2026-08-28 15:47:13.605158,M_0003,C_00017,6266.62,0.2165,VERIFY,Elevated amount vs merchant history,STEP_UP_REQUIRED,1,1.5309060237356633,0,0,0,0,0
TXN_83fe72d389,2026-08-28 15:48:08.444051,M_0003,C_00017,4150.09,0.7901,VERIFY,Recent activity from same IP,STEP_UP_REQUIRED,1,0.42657878712593544,0,1,1,0,0
TXN_f89e6ee08c,2026-08-28 15:48:56.876141,M_0003,C_00017,4523.46,0.8026,VERIFY,Recent activity from same IP,STEP_UP_REQUIRED,1,0.6204944898036794,0,2,2,0,0
TXN_de5450810a,2026-08-28 15:49:14.870584,M_0003,C_00017,4706.19,0.8755,VERIFY,High IP transaction velocity | High customer transaction velocity,STEP_UP_REQUIRED,1,0.715001668125394,0,3,3,0,0
TXN_a88cb265b6,2026-08-28 15:49:58.803436,M_0003,C_00017,2542.06,0.9869,ESCALATE,High IP transaction velocity | High customer transaction velocity,PENDING_MANUAL_REVIEW,1,-0.41273507008738564,0,4,4,0,0
TXN_fab6a343f0,2026-08-28 15:50:11.220482,M_0003,C_00017,3437.31,0.9905,ESCALATE,High IP transaction velocity | High customer transaction velocity | Elevated merchant transaction activity,PENDING_MANUAL_REVIEW,1,0.05408527785547777,0,5,5,0,0
TXN_c58719feea,2026-08-28 15:54:03.742287,M_0003,C_00017,1245.76,0.9864,ESCALATE,High IP transaction velocity | High customer transaction velocity | Elevated merchant transaction activity,PENDING_MANUAL_REVIEW,1,-1.0886863705655547,0,6,6,0,0
TXN_ad85d602dd,2026-08-28 15:58:21.568472,M_0000,C_00661,4709.05,0.5828,VERIFY,Elevated amount vs merchant history | Previously unseen device,STEP_UP_REQUIRED,1,2.349588265328075,1,0,0,0,0
TXN_6946657e4f,2026-08-28 16:02:29.827119,M_0004,C_00582,2815.0,0.1068,ALLOW,Elevated amount vs merchant history,NO_ACTION,0,2.287363965283936,0,0,0,0,0
TXN_c5bf845222,2026-08-28 16:02:36.985241,M_0006,C_00638,484.16,0.05,ALLOW,No significant risk indicators — consistent with observed behaviour,NO_ACTION,0,-0.9103270944545399,0,0,0,0,0
TXN_a7f992f0c4,2026-08-28 16:02:58.575892,M_0003,C_00799,3568.39,0.0319,ALLOW,No significant risk indicators — consistent with observed behaviour,NO_ACTION,0,0.12392983607455878,0,0,0,0,0
TXN_4d405f5447,2026-08-28 16:07:05.661255,M_0002,C_00125,6107.14,0.0298,ALLOW,No significant risk indicators — consistent with observed behaviour,NO_ACTION,0,0.9202565644357559,0,0,0,0,0
TXN_8f57e1397c,2026-08-28 16:07:11.964873,M_0012,C_00591,8154.54,0.0795,ALLOW,No significant risk indicators — consistent with observed behaviour,NO_ACTION,0,1.4083387898090503,0,0,0,0,0
TXN_e47f17a2b0,2026-08-28 16:08:24.090018,M_0014,C_00432,1476.55,0.0234,ALLOW,No significant risk indicators — consistent with observed behaviour,NO_ACTION,0,0.14466225126322624,0,0,0,0,0
TXN_8a587c5aaa,2026-08-28 16:15:11.535362,M_0009,C_00065,5946.75,0.0123,ALLOW,No significant risk indicators — consistent with observed behaviour,NO_ACTION,0,0.888144039583376,0,0,0,0,0
TXN_41f686472f,2026-08-28 16:16:17.969778,M_0003,C_00313,2978.31,0.0265,ALLOW,No significant risk indicators — consistent with observed behaviour,NO_ACTION,0,-0.1840186905016935,0,0,0,0,0
TXN_b1b9be5d06,2026-08-28 16:19:12.263091,M_0000,C_00769,1740.27,0.0062,ALLOW,No significant risk indicators — consistent with observed behaviour,NO_ACTION,0,-0.5726064505221197,0,0,0,0,0
TXN_c32f2bf006,2026-08-28 16:24:53.753151,M_0012,C_00367,6149.05,0.0594,ALLOW,No significant risk indicators — consistent with observed behaviour,NO_ACTION,0,0.6559594780490392,0,0,0,0,0
TXN_a44206b793,2026-08-28 16:33:43.644695,M_0014,C_00020,1407.0,0.0211,ALLOW,No significant risk indicators — consistent with observed behaviour,NO_ACTION,0,0.019361238157203763,0,0,0,0,0
TXN_54c4512eb6,2026-08-28 16:34:51.193562,M_0002,C_00321,5560.66,0.0077,ALLOW,No significant risk indicators — consistent with observed behaviour,NO_ACTION,0,0.6863662514833637,0,0,0,0,0
TXN_d19896222c,2026-08-28 16:37:12.384681,M_0000,C_00577,2029.59,0.0236,ALLOW,No significant risk indicators — consistent with observed behaviour,NO_ACTION,0,-0.2881120493525551,0,0,0,0,0
TXN_2b9354c451,2026-08-28 16:55:17.183310,M_0007,C_00000,6735.52,0.1205,ALLOW,No significant risk indicators — consistent with observed behaviour,NO_ACTION,0,0.9107493009956685,0,0,0,0,0
TXN_64c0be83fb,2026-08-28 16:59:53.820636,M_0009,C_00608,5711.28,0.0096,ALLOW,No significant risk indicators — consistent with observed behaviour,NO_ACTION,0,0.7834980716645701,0,0,0,0,0
TXN_62683eb582,2026-08-28 17:02:22.915273,M_0009,C_00207,1415.79,0.011,ALLOW,No significant risk indicators — consistent with observed behaviour,NO_ACTION,0,-1.1106521066097021,0,0,0,0,0
TXN_42b5dd2634,2026-08-28 17:33:25.740715,M_0001,C_00477,4130.62,0.0543,ALLOW,No significant risk indicators — consistent with observed behaviour,NO_ACTION,0,-0.3224398736394935,0,0,0,0,0
TXN_ff620a0cf3,2026-08-28 17:41:48.381641,M_0002,C_00632,5836.41,0.0221,ALLOW,No significant risk indicators — consistent with observed behaviour,NO_ACTION,0,0.8032724800746429,0,0,0,0,0
TXN_40d3f3597c,2026-08-28 17:42:29.916880,M_0003,C_00139,4849.41,0.0115,ALLOW,No significant risk indicators — consistent with observed behaviour,NO_ACTION,0,0.7929851382466075,0,0,0,0,0
TXN_3dafd07ded,2026-08-28 17:45:17.090297,M_0002,C_00202,3268.9,0.0074,ALLOW,No significant risk indicators — consistent with observed behaviour,NO_ACTION,0,-0.2920908280187344,0,0,0,0,0
TXN_5a05359ade,2026-08-28 17:50:02.505763,M_0005,C_00327,2889.44,0.2274,VERIFY,Elevated amount vs merchant history,STEP_UP_REQUIRED,0,1.854930702793284,0,0,0,0,0
TXN_e9808e1486,2026-08-28 17:55:02.505763,M_0005,C_00327,2286.81,0.8965,VERIFY,Recent activity from same IP | Recent failed payment attempts,STEP_UP_REQUIRED,1,1.136635543586778,0,1,1,1,0
TXN_59dd2ee225,2026-08-28 18:07:40.792261,M_0014,C_00503,1145.52,0.0202,ALLOW,No significant risk indicators — consistent with observed behaviour,NO_ACTION,0,-0.4516640904489808,0,0,0,0,0
TXN_90c6c8e8c3,2026-08-28 18:10:04.154714,M_0002,C_00519,6880.5,0.347,VERIFY,Risk detected from combined weak signals (no single strong indicator),STEP_UP_REQUIRED,0,1.248624682900481,0,0,0,0,0
TXN_ec8f6dc440,2026-08-28 18:11:32.196113,M_0013,C_00298,1354.48,0.028,ALLOW,No significant risk indicators — consistent with observed behaviour,NO_ACTION,0,-0.18837013975321187,0,0,0,0,0
TXN_6910852e87,2026-08-28 18:15:58.551488,M_0002,C_00079,3684.47,0.0274,ALLOW,No significant risk indicators — consistent with observed behaviour,NO_ACTION,0,-0.1161294973842641,0,0,0,0,0
TXN_0743b72ae6,2026-08-28 18:17:02.583304,M_0011,C_00344,4735.13,0.0021,ALLOW,No significant risk indicators — consistent with observed behaviour,NO_ACTION,0,-0.16655014620985925,0,0,0,0,0
TXN_34213d8235,2026-08-28 18:21:25.401575,M_0004,C_00726,914.45,0.0127,ALLOW,No significant risk indicators — consistent with observed behaviour,NO_ACTION,0,-0.5810007673349488,0,0,0,0,0
TXN_2191e717ba,2026-08-28 18:22:33.024574,M_0000,C_00179,1217.55,0.0307,ALLOW,No significant risk indicators — consistent with observed behaviour,NO_ACTION,0,-1.0856957884249911,0,0,0,0,0
TXN_b055cb08ae,2026-08-28 18:40:01.901131,M_0004,C_00582,329.6,0.077,ALLOW,No significant risk indicators — consistent with observed behaviour,NO_ACTION,0,-1.460481667708555,0,0,0,0,0
TXN_76df07afcb,2026-08-28 18:43:45.719677,M_0003,C_00682,3157.87,0.0196,ALLOW,No significant risk indicators — consistent with observed behaviour,NO_ACTION,0,-0.09128727675385541,0,0,0,0,0
TXN_5d8c3d37ea,2026-08-28 18:54:30.160620,M_0004,C_00536,924.03,0.0557,ALLOW,No significant risk indicators — consistent with observed behaviour,NO_ACTION,0,-0.5635579695039373,0,0,0,0,0
TXN_0a5d3b2808,2026-08-28 18:58:55.283858,M_0006,C_00768,975.35,0.0613,ALLOW,No significant risk indicators — consistent with observed behaviour,NO_ACTION,0,0.46711395383004495,0,0,0,0,0
TXN_66c94d168a,2026-08-28 18:59:59.330592,M_0011,C_00537,2104.22,0.0019,ALLOW,No significant risk indicators — consistent with observed behaviour,NO_ACTION,0,-1.2780944810060761,0,0,0,0,0
TXN_0461299526,2026-08-28 19:01:55.570677,M_0011,C_00486,5278.64,0.003,ALLOW,No significant risk indicators — consistent with observed behaviour,NO_ACTION,0,0.06464958900877807,0,0,0,0,0
TXN_9d2c93bbea,2026-08-28 19:21:25.259992,M_0013,C_00076,2484.75,0.0386,ALLOW,No significant risk indicators — consistent with observed behaviour,NO_ACTION,0,1.0316250418132704,0,0,0,0,0
TXN_4523a275bf,2026-08-28 19:22:00.089128,M_0012,C_00591,6296.16,0.0218,ALLOW,No significant risk indicators — consistent with observed behaviour,NO_ACTION,0,0.7103583213785323,0,0,0,0,0
TXN_6da10730ea,2026-08-28 19:22:53.110726,M_0003,C_00762,50.0,0.0247,ALLOW,No significant risk indicators — consistent with observed behaviour,NO_ACTION,0,-1.7153561609047367,0,0,0,0,0
TXN_5536b72149,2026-08-28 19:34:56.318777,M_0011,C_00742,7056.89,0.0019,ALLOW,No significant risk indicators — consistent with observed behaviour,NO_ACTION,0,0.8161370626162581,0,0,0,0,0
TXN_e26022d758,2026-08-28 19:38:50.896666,M_0012,C_00592,5490.56,0.0212,ALLOW,No significant risk indicators — consistent with observed behaviour,NO_ACTION,0,0.40832414982514753,0,0,0,0,0
TXN_b4d7e2d572,2026-08-28 19:44:42.522629,M_0007,C_00403,2116.18,0.0378,ALLOW,No significant risk indicators — consistent with observed behaviour,NO_ACTION,0,-1.0728593985803083,0,0,0,0,0
TXN_aa21cefa57,2026-08-28 19:47:18.865606,M_0006,C_00408,767.55,0.0133,ALLOW,No significant risk indicators — consistent with observed behaviour,NO_ACTION,0,-0.11582263308440532,0,0,0,0,0
TXN_18db75c3f1,2026-08-28 19:51:17.807134,M_0011,C_00663,5428.23,0.0031,ALLOW,No significant risk indicators — consistent with observed behaviour,NO_ACTION,0,0.12691725551125596,0,0,0,0,0
TXN_80f7950155,2026-08-28 19:52:08.059632,M_0007,C_00508,786.37,0.0456,ALLOW,No significant risk indicators — consistent with observed behaviour,NO_ACTION,0,-1.6417299048936365,0,0,0,0,0
TXN_337fe06379,2026-08-28 19:58:39.722542,M_0012,C_00231,3926.48,0.0602,ALLOW,No significant risk indicators — consistent with observed behaviour,NO_ACTION,0,-0.17735535035620884,0,0,0,0,0
TXN_f3d495b641,2026-08-28 20:00:32.107546,M_0011,C_00234,8202.45,0.0403,ALLOW,No significant risk indicators — consistent with observed behaviour,NO_ACTION,0,1.3001748351063567,0,0,0,0,0
TXN_22c6f1519a,2026-08-28 20:00:52.272951,M_0003,C_00554,2753.96,0.0163,ALLOW,No significant risk indicators — consistent with observed behaviour,NO_ACTION,0,-0.29946392736890587,0,0,0,0,0
TXN_a458bbea08,2026-08-28 20:02:18.253304,M_0011,C_00785,6542.68,0.0119,ALLOW,No significant risk indicators — consistent with observed behaviour,NO_ACTION,0,0.596461412434506,0,0,0,0,0
TXN_318f91f850,2026-08-28 20:03:21.070310,M_0013,C_00148,1607.1,0.0352,ALLOW,No significant risk indicators — consistent with observed behaviour,NO_ACTION,0,0.08295018220327045,0,0,0,0,0
TXN_cca2b02da9,2026-08-28 20:05:46.861767,M_0011,C_00324,5380.43,0.0085,ALLOW,No significant risk indicators — consistent with observed behaviour,NO_ACTION,0,0.10444686580503824,0,0,0,0,0
TXN_9b0dc4ff38,2026-08-28 20:07:35.686256,M_0003,C_00450,2655.65,0.0277,ALLOW,No significant risk indicators — consistent with observed behaviour,NO_ACTION,0,-0.35057173549275816,0,0,0,0,0
TXN_a86ef6891e,2026-08-28 20:07:49.752269,M_0008,C_00245,2433.5,0.0543,ALLOW,No significant risk indicators — consistent with observed behaviour,NO_ACTION,0,-0.5383026207678688,0,0,0,0,0
TXN_4f19c9ee80,2026-08-28 20:15:43.829457,M_0005,C_00134,1553.45,0.153,VERIFY,Risk detected from combined weak signals (no single strong indicator),STEP_UP_REQUIRED,0,0.26896966131847605,0,0,0,0,0
TXN_6525fabe09,2026-08-28 20:20:25.325813,M_0009,C_00559,414.1,0.0088,ALLOW,No significant risk indicators — consistent with observed behaviour,NO_ACTION,0,-1.5507828500897873,0,0,0,0,0
TXN_a6ca83f72d,2026-08-28 20:25:53.320364,M_0011,C_00776,4438.17,0.0121,ALLOW,No significant risk indicators — consistent with observed behaviour,NO_ACTION,0,-0.29434998245564137,0,0,0,0,0
TXN_892b737040,2026-08-28 20:26:07.356190,M_0002,C_00522,3682.3,0.0423,ALLOW,No significant risk indicators — consistent with observed behaviour,NO_ACTION,0,-0.11698312313865965,0,0,0,0,0
TXN_eaa7dd8a00,2026-08-28 20:26:22.234651,M_0008,C_00227,1427.72,0.033,ALLOW,No significant risk indicators — consistent with observed behaviour,NO_ACTION,0,-1.0929212670560955,0,0,0,0,0
TXN_ff81b57fbc,2026-08-28 20:30:58.408667,M_0009,C_00410,1856.01,0.0329,ALLOW,No significant risk indicators — consistent with observed behaviour,NO_ACTION,0,-0.9128690237626887,0,0,0,0,0
TXN_2d8f321cd6,2026-08-28 20:33:15.286918,M_0008,C_00299,2553.55,0.0561,ALLOW,No significant risk indicators — consistent with observed behaviour,NO_ACTION,0,-0.4698992964602568,0,0,0,0,0
TXN_05b1d24fa0,2026-08-28 20:45:38.136777,M_0007,C_00283,6407.3,0.0258,ALLOW,No significant risk indicators — consistent with observed behaviour,NO_ACTION,0,0.7716633785217194,0,0,0,0,0
TXN_8bb9a8567a,2026-08-28 20:49:27.313748,M_0006,C_00379,843.16,0.0432,ALLOW,No significant risk indicators — consistent with observed behaviour,NO_ACTION,0,0.09636052364731151,0,0,0,0,0
TXN_ea491c12d0,2026-08-28 20:51:18.040136,M_0014,C_00775,584.84,0.0376,ALLOW,No significant risk indicators — consistent with observed behaviour,NO_ACTION,0,-1.4618489580918896,0,0,0,0,0
TXN_d9eeef7a5e,2026-08-28 20:51:22.557260,M_0012,C_00771,7801.15,0.1647,VERIFY,Risk detected from combined weak signals (no single strong indicator),STEP_UP_REQUIRED,0,1.2738028967548902,0,0,0,0,0
TXN_58506f04a9,2026-08-28 20:54:39.234347,M_0001,C_00072,6037.33,0.1608,VERIFY,Risk detected from combined weak signals (no single strong indicator),STEP_UP_REQUIRED,0,0.4100566910059022,0,0,0,0,0
TXN_1ab30ef18f,2026-08-28 21:04:36.178300,M_0000,C_00177,1271.94,0.0081,ALLOW,No significant risk indicators — consistent with observed behaviour,NO_ACTION,0,-1.031013287504452,0,0,0,0,0
TXN_cf0f8d9293,2026-08-28 21:12:40.332500,M_0002,C_00280,9081.72,0.1383,ALLOW,Elevated amount vs merchant history,NO_ACTION,0,2.1882014666432754,0,0,0,0,0
TXN_ee60938e19,2026-08-28 21:13:08.764511,M_0004,C_00492,194.3,0.0694,ALLOW,No significant risk indicators — consistent with observed behaviour,NO_ACTION,0,-1.6607229280301348,0,0,0,0,0
TXN_2e5682e666,2026-08-28 21:13:38.913294,M_0003,C_00121,1167.31,0.0301,ALLOW,No significant risk indicators — consistent with observed behaviour,NO_ACTION,0,-1.1279991735241846,0,0,0,0,0
TXN_cab175786b,2026-08-28 21:15:37.251634,M_0008,C_00778,1441.36,0.012,ALLOW,No significant risk indicators — consistent with observed behaviour,NO_ACTION,0,-1.0835967960383244,0,0,0,0,0
TXN_f4052c0afa,2026-08-28 21:22:32.516287,M_0010,C_00589,701.72,0.033,ALLOW,No significant risk indicators — consistent with observed behaviour,NO_ACTION,0,0.10084634320639231,0,0,0,0,0
TXN_50752835be,2026-08-28 21:26:00.634635,M_0004,C_00629,2718.24,0.1085,ALLOW,Elevated amount vs merchant history,NO_ACTION,0,2.1355727178307293,0,0,0,0,0
TXN_fcbae62863,2026-08-28 21:27:22.576245,M_0014,C_00088,1255.56,0.0359,ALLOW,No significant risk indicators — consistent with observed behaviour,NO_ACTION,0,-0.2501388662610486,0,0,0,0,0
TXN_78bb69792f,2026-08-28 21:34:05.788502,M_0005,C_00791,1601.46,0.0904,ALLOW,No significant risk indicators — consistent with observed behaviour,NO_ACTION,0,0.32542991427631135,0,0,0,0,0
TXN_0070ad55cf,2026-08-28 21:39:11.734358,M_0007,C_00459,6416.81,0.1116,ALLOW,No significant risk indicators — consistent with observed behaviour,NO_ACTION,0,0.774813295964151,0,0,0,0,0
TXN_3eaf75f1ee,2026-08-28 21:44:52.072178,M_0006,C_00257,234.64,0.0343,ALLOW,No significant risk indicators — consistent with observed behaviour,NO_ACTION,0,-1.6118571709943004,0,0,0,0,0
TXN_8decc137c4,2026-08-28 21:49:51.510780,M_0012,C_00476,376.3,0.0238,ALLOW,No significant risk indicators — consistent with observed behaviour,NO_ACTION,0,-1.5078009926888492,0,0,0,0,0
TXN_6c039f643e,2026-08-28 21:58:20.415895,M_0014,C_00696,1214.99,0.0179,ALLOW,No significant risk indicators — consistent with observed behaviour,NO_ACTION,0,-0.32303108250545987,0,0,0,0,0
TXN_449d8e98ca,2026-08-28 22:03:16.625899,M_0009,C_00451,2958.34,0.1039,ALLOW,No significant risk indicators — consistent with observed behaviour,NO_ACTION,0,-0.4264357016650654,0,0,0,0,0
TXN_9e77d39ca7,2026-08-28 22:03:21.499824,M_0009,C_00143,922.65,0.0113,ALLOW,No significant risk indicators — consistent with observed behaviour,NO_ACTION,0,-1.3231754595735004,0,0,0,0,0
TXN_7b2c6ede98,2026-08-28 22:07:12.957659,M_0011,C_00576,4706.01,0.0123,ALLOW,No significant risk indicators — consistent with observed behaviour,NO_ACTION,0,-0.18076577758893392,0,0,0,0,0
TXN_3dac4f0522,2026-08-28 22:10:44.843818,M_0007,C_00389,3018.09,0.026,ALLOW,No significant risk indicators — consistent with observed behaviour,NO_ACTION,0,-0.6835124227916938,0,0,0,0,0
TXN_e3449c268e,2026-08-28 22:12:25.979404,M_0011,C_00670,3205.82,0.009,ALLOW,No significant risk indicators — consistent with observed behaviour,NO_ACTION,0,-0.8161781974357538,0,0,0,0,0
TXN_e538f21b57,2026-08-28 22:26:10.401863,M_0011,C_00763,1071.31,0.0019,ALLOW,No significant risk indicators — consistent with observed behaviour,NO_ACTION,0,-1.7198083884482627,0,0,0,0,0
TXN_45fa38dbe3,2026-08-28 22:27:38.938861,M_0008,C_00778,1982.02,0.3107,VERIFY,Transaction country differs from customer profile,STEP_UP_REQUIRED,0,-0.7834076748450869,0,0,0,0,1
TXN_108cc837bb,2026-08-28 22:29:18.929364,M_0001,C_00504,894.22,0.0295,ALLOW,No significant risk indicators — consistent with observed behaviour,NO_ACTION,0,-1.566908938432405,0,0,0,0,0
TXN_d0828b1621,2026-08-28 22:30:38.995800,M_0013,C_00533,1870.69,0.0215,ALLOW,No significant risk indicators — consistent with observed behaviour,NO_ACTION,0,0.3675607087364904,0,0,0,0,0
TXN_01e462b468,2026-08-28 22:30:44.650289,M_0000,C_00073,979.75,0.012,ALLOW,No significant risk indicators — consistent with observed behaviour,NO_ACTION,0,-1.3168977082927626,0,0,0,0,0
TXN_0d62cf0965,2026-08-28 22:35:45.842998,M_0012,C_00730,9040.51,0.1471,ALLOW,Elevated amount vs merchant history,NO_ACTION,0,1.736112514492602,0,0,0,0,0
TXN_af1aa2a65b,2026-08-28 22:42:48.897851,M_0014,C_00672,971.76,0.0106,ALLOW,No significant risk indicators — consistent with observed behaviour,NO_ACTION,0,-0.7614199294411311,0,0,0,0,0
TXN_08764425ea,2026-08-28 22:45:01.721112,M_0003,C_00733,7167.7,0.4618,VERIFY,Elevated amount vs merchant history,STEP_UP_REQUIRED,0,2.0086019741512504,0,0,0,0,0
TXN_5fa8cbcaf4,2026-08-28 22:45:29.310451,M_0005,C_00783,1512.84,0.0682,ALLOW,No significant risk indicators — consistent with observed behaviour,NO_ACTION,0,0.2203823251008724,0,0,0,0,0
TXN_2395f85724,2026-08-28 22:50:00.992024,M_0012,C_00517,1695.84,0.0265,ALLOW,No significant risk indicators — consistent with observed behaviour,NO_ACTION,0,-1.0119886201384376,0,0,0,0,0
TXN_e61d334022,2026-08-28 22:50:01.721112,M_0003,C_00733,6854.77,0.9394,ESCALATE,Elevated amount vs merchant history | Recent activity from same IP | Recent failed payment attempts,PENDING_MANUAL_REVIEW,1,1.8383806600574724,0,1,1,1,0
TXN_c9ef866598,2026-08-28 22:56:55.964514,M_0006,C_00513,1330.72,0.2983,VERIFY,Risk detected from combined weak signals (no single strong indicator),STEP_UP_REQUIRED,0,1.4654763502865902,0,0,0,0,0
TXN_bbfb231f17,2026-08-28 22:57:06.846378,M_0005,C_00332,701.14,0.0526,ALLOW,No significant risk indicators — consistent with observed behaviour,NO_ACTION,0,-0.7399732329447869,0,0,0,0,0
TXN_a5434f9dbe,2026-08-28 23:01:23.283154,M_0003,C_00733,1905.27,0.0332,ALLOW,Recent failed payment attempts,NO_ACTION,0,-0.7432516226378165,0,0,0,1,0
TXN_fed572f812,2026-08-28 23:02:03.703364,M_0000,C_00560,3503.8,0.0658,ALLOW,No significant risk indicators — consistent with observed behaviour,NO_ACTION,0,1.1633625245656147,0,0,0,0,0
TXN_dd6639920f,2026-08-28 23:08:59.178806,M_0010,C_00702,118.69,0.0224,ALLOW,No significant risk indicators — consistent with observed behaviour,NO_ACTION,0,-1.2476544607762319,0,0,0,0,0
TXN_217fd0b0b7,2026-08-28 23:09:16.414560,M_0004,C_00028,357.05,0.0685,ALLOW,No significant risk indicators — consistent with observed behaviour,NO_ACTION,0,-1.4113586700260379,0,0,0,0,0
TXN_34123c5f95,2026-08-28 23:21:10.471059,M_0001,C_00574,2782.23,0.0861,ALLOW,No significant risk indicators — consistent with observed behaviour,NO_ACTION,0,-0.8370615511056284,0,0,0,0,0
TXN_b74e6d36d1,2026-08-28 23:21:47.750774,M_0007,C_00587,5984.53,0.0491,ALLOW,No significant risk indicators — consistent with observed behaviour,NO_ACTION,0,0.5897793103281771,0,0,0,0,0
TXN_60c11e7e9c,2026-08-28 23:25:29.605169,M_0011,C_00576,4884.87,0.0178,ALLOW,No significant risk indicators — consistent with observed behaviour,NO_ACTION,0,-0.10190303451417687,0,0,0,0,0
TXN_1f5cd1d230,2026-08-28 23:36:53.844224,M_0004,C_00165,1070.21,0.1123,ALLOW,No significant risk indicators — consistent with observed behaviour,NO_ACTION,0,-0.3403536504349427,0,0,0,0,0
TXN_fa8bd54684,2026-08-28 23:39:11.404868,M_0010,C_00224,50.0,0.1409,ALLOW,No significant risk indicators — consistent with observed behaviour,NO_ACTION,0,-1.4031848882480058,0,0,0,0,0
TXN_8aab984ac0,2026-08-28 23:41:17.197150,M_0013,C_00671,2378.54,0.0297,ALLOW,No significant risk indicators — consistent with observed behaviour,NO_ACTION,0,0.9160643338265205,0,0,0,0,0
TXN_3434c3fda7,2026-08-28 23:42:13.436256,M_0009,C_00238,2374.0,0.0234,ALLOW,No significant risk indicators — consistent with observed behaviour,NO_ACTION,0,-0.6819231437199517,0,0,0,0,0
TXN_d8ef7f5799,2026-08-28 23:48:41.807991,M_0002,C_00580,6283.12,0.0466,ALLOW,No significant risk indicators — consistent with observed behaviour,NO_ACTION,0,0.988463769895806,0,0,0,0,0
TXN_c1880ee524,2026-08-28 23:49:19.839088,M_0008,C_00278,1147.92,0.0149,ALLOW,No significant risk indicators — consistent with observed behaviour,NO_ACTION,0,-1.243130411805939,0,0,0,0,0
TXN_f09772cb83,2026-08-28 23:50:30.974071,M_0002,C_00798,5760.2,0.0824,ALLOW,Transaction country differs from customer profile,NO_ACTION,0,0.7645374478944579,0,0,0,0,1
TXN_1856d958a9,2026-08-28 23:50:55.013210,M_0000,C_00251,1363.92,0.0097,ALLOW,No significant risk indicators — consistent with observed behaviour,NO_ACTION,0,-0.9388338506608451,0,0,0,0,0
TXN_7c6c06e910,2026-08-28 23:52:12.676795,M_0014,C_00514,552.91,0.0081,ALLOW,No significant risk indicators — consistent with observed behaviour,NO_ACTION,0,-1.5161137529968431,0,0,0,0,0
TXN_72997b1135,2026-08-28 23:57:02.768859,M_0009,C_00557,5748.56,0.0539,ALLOW,No significant risk indicators — consistent with observed behaviour,NO_ACTION,0,0.8054288550404785,0,0,0,0,0
TXN_308071e4b5,2026-08-28 23:59:55.065473,M_0011,C_00742,5940.16,0.0051,ALLOW,No significant risk indicators — consistent with observed behaviour,NO_ACTION,0,0.3450435844485632,0,0,0,0,0
TXN_b118d62c0b,2026-08-29 00:00:00.288021,M_0001,C_00400,50.0,0.0156,ALLOW,No significant risk indicators — consistent with observed behaviour,NO_ACTION,0,-1.884466334580839,0,0,0,0,0
TXN_8932b83e87,2026-08-29 00:18:11.405829,M_0007,C_00337,3602.43,0.0273,ALLOW,No significant risk indicators — consistent with observed behaviour,NO_ACTION,0,-0.4331865812966156,0,0,0,0,0
TXN_a553abf73d,2026-08-29 00:22:15.430477,M_0014,C_00555,1242.27,0.0249,ALLOW,No significant risk indicators — consistent with observed behaviour,NO_ACTION,0,-0.269501558671767,0,0,0,0,0
TXN_670123a9bb,2026-08-29 00:25:21.984665,M_0007,C_00604,3836.6,0.078,ALLOW,No significant risk indicators — consistent with observed behaviour,NO_ACTION,0,-0.3322371665601012,0,0,0,0,0
TXN_c1ca2ec192,2026-08-29 00:26:16.475569,M_0005,C_00657,452.98,0.0652,ALLOW,No significant risk indicators — consistent with observed behaviour,NO_ACTION,0,-1.0326749056478854,0,0,0,0,0
TXN_69d80a8460,2026-08-29 00:34:44.139252,M_0011,C_00463,5946.52,0.023,ALLOW,No significant risk indicators — consistent with observed behaviour,NO_ACTION,0,0.3475185527753139,0,0,0,0,0
TXN_6d30c654e1,2026-08-29 00:40:47.126279,M_0002,C_00666,2982.75,0.0261,ALLOW,No significant risk indicators — consistent with observed behaviour,NO_ACTION,0,-0.4195294533972482,0,0,0,0,0
TXN_ac94029ec9,2026-08-29 00:42:23.178497,M_0012,C_00738,1319.97,0.0296,ALLOW,No significant risk indicators — consistent with observed behaviour,NO_ACTION,0,-1.1510726182988098,0,0,0,0,0
TXN_5c7da8a1fd,2026-08-29 00:43:23.875599,M_0013,C_00018,1284.98,0.0278,ALLOW,No significant risk indicators — consistent with observed behaviour,NO_ACTION,0,-0.2669872910663045,0,0,0,0,0
TXN_d7c742891b,2026-08-29 00:45:40.857275,M_0012,C_00349,7691.02,0.2167,VERIFY,Risk detected from combined weak signals (no single strong indicator),STEP_UP_REQUIRED,0,1.2300334556450072,0,0,0,0,0
TXN_1cd1f6533a,2026-08-29 00:47:40.857275,M_0012,C_00349,9616.6,0.9023,ESCALATE,Elevated amount vs merchant history | Recent activity from same IP | Recent failed payment attempts,PENDING_MANUAL_REVIEW,0,1.946952778356047,0,1,1,1,0
TXN_8e4cb52f6b,2026-08-29 00:52:40.857275,M_0012,C_00349,8363.12,0.9183,ESCALATE,Recent activity from same IP | Recent failed payment attempts,PENDING_MANUAL_REVIEW,1,1.4738331689700952,0,2,2,2,0
TXN_60adda1fc7,2026-08-29 00:56:44.833725,M_0008,C_00668,515.62,0.2166,VERIFY,Transaction country differs from customer profile,STEP_UP_REQUIRED,0,-1.589914361911009,0,0,0,0,1
TXN_231b315d4b,2026-08-29 01:00:55.782062,M_0000,C_00073,2001.34,0.5073,VERIFY,Transaction country differs from customer profile,STEP_UP_REQUIRED,1,-0.3120973672244171,0,0,0,0,1
TXN_f9a7c8b645,2026-08-29 01:06:46.934691,M_0014,C_00393,1490.16,0.0781,ALLOW,No significant risk indicators — consistent with observed behaviour,NO_ACTION,0,0.1778563525084714,0,0,0,0,0
TXN_74b613c386,2026-08-29 01:09:12.513308,M_0003,C_00220,3044.21,0.0521,ALLOW,Previously unseen device,NO_ACTION,0,-0.1494882128617292,1,0,0,0,0
TXN_b84265d310,2026-08-29 01:09:21.420118,M_0006,C_00276,254.34,0.0273,ALLOW,No significant risk indicators — consistent with observed behaviour,NO_ACTION,0,-1.5536650426430314,0,0,0,0,0
TXN_78dc87d6f2,2026-08-29 01:13:55.168315,M_0009,C_00722,1905.37,0.0134,ALLOW,No significant risk indicators — consistent with observed behaviour,NO_ACTION,0,-0.8889013532941067,0,0,0,0,0
TXN_33fcfaccd8,2026-08-29 01:22:46.514147,M_0014,C_00010,2027.12,0.1095,ALLOW,No significant risk indicators — consistent with observed behaviour,NO_ACTION,0,1.146995468278835,0,0,0,0,0
TXN_f172cffc2c,2026-08-29 01:29:26.663170,M_0008,C_00265,1112.97,0.0157,ALLOW,No significant risk indicators — consistent with observed behaviour,NO_ACTION,0,-1.2565080804794724,0,0,0,0,0
TXN_f1e2e25530,2026-08-29 01:39:02.700938,M_0007,C_00285,12955.65,0.9413,ESCALATE,Very high amount vs merchant history,PENDING_MANUAL_REVIEW,1,3.586819965362597,0,0,0,0,0
TXN_d07f255bc7,2026-08-29 01:42:31.299561,M_0011,C_00593,6264.62,0.0043,ALLOW,No significant risk indicators — consistent with observed behaviour,NO_ACTION,0,0.48213927277014873,0,0,0,0,0
TXN_95984719e0,2026-08-29 01:46:04.208041,M_0013,C_00298,50.0,0.0282,ALLOW,No significant risk indicators — consistent with observed behaviour,NO_ACTION,0,-1.6023652384602998,0,0,0,0,0
TXN_282660b138,2026-08-29 01:53:47.204209,M_0004,C_00678,329.43,0.067,ALLOW,No significant risk indicators — consistent with observed behaviour,NO_ACTION,0,-1.4502144917600839,0,0,0,0,0
TXN_8566e20e49,2026-08-29 01:58:36.719023,M_0002,C_00352,1401.96,0.0333,ALLOW,No significant risk indicators — consistent with observed behaviour,NO_ACTION,0,-1.0930599965893433,0,0,0,0,0
TXN_8ea53c1c96,2026-08-29 02:00:46.568715,M_0013,C_00545,224.72,0.0363,ALLOW,No significant risk indicators — consistent with observed behaviour,NO_ACTION,0,-1.4096203982433837,0,0,0,0,0
TXN_3385542cfb,2026-08-29 02:10:51.623223,M_0013,C_00016,1872.44,0.0192,ALLOW,No significant risk indicators — consistent with observed behaviour,NO_ACTION,0,0.37208613186364375,0,0,0,0,0
TXN_f1e67d85cb,2026-08-29 02:12:32.545414,M_0013,C_00651,3334.14,0.174,VERIFY,Elevated amount vs merchant history,STEP_UP_REQUIRED,1,1.9506905081517014,0,0,0,0,0
TXN_1e0fd4649c,2026-08-29 02:16:05.139404,M_0008,C_00047,2519.1,0.0275,ALLOW,No significant risk indicators — consistent with observed behaviour,NO_ACTION,0,-0.4791279741988729,0,0,0,0,0
TXN_f01eac8325,2026-08-29 02:18:08.118459,M_0008,C_00719,5854.02,0.0723,ALLOW,No significant risk indicators — consistent with observed behaviour,NO_ACTION,0,1.3605291286819035,0,0,0,0,0
TXN_dfd242bb26,2026-08-29 02:27:00.642614,M_0008,C_00255,5325.28,0.0707,ALLOW,No significant risk indicators — consistent with observed behaviour,NO_ACTION,0,1.06633867495481,0,0,0,0,0
TXN_4324199460,2026-08-29 02:28:14.837817,M_0000,C_00402,2708.24,0.0245,ALLOW,No significant risk indicators — consistent with observed behaviour,NO_ACTION,0,0.38243157977336656,0,0,0,0,0
TXN_40ef288f03,2026-08-29 02:33:32.002822,M_0002,C_00058,5180.61,0.0105,ALLOW,No significant risk indicators — consistent with observed behaviour,NO_ACTION,0,0.5189069019285325,0,0,0,0,0
TXN_06dd439b3a,2026-08-29 02:33:52.033791,M_0001,C_00396,5041.77,0.0202,ALLOW,No significant risk indicators — consistent with observed behaviour,NO_ACTION,0,0.0353094175618851,0,0,0,0,0
TXN_ab713b10b9,2026-08-29 02:42:23.912546,M_0002,C_00755,3673.23,0.0135,ALLOW,No significant risk indicators — consistent with observed behaviour,NO_ACTION,0,-0.12424349018938562,0,0,0,0,0
TXN_1ef474b834,2026-08-29 02:45:27.096058,M_0007,C_00561,3990.27,0.013,ALLOW,No significant risk indicators — consistent with observed behaviour,NO_ACTION,0,-0.26891050923634435,0,0,0,0,0
TXN_3cc879bc28,2026-08-29 02:47:31.439394,M_0006,C_00638,947.27,0.0342,ALLOW,No significant risk indicators — consistent with observed behaviour,NO_ACTION,0,0.38967596249447073,0,0,0,0,0
TXN_ee35a2acd9,2026-08-29 02:48:40.106209,M_0008,C_00163,1618.87,0.0095,ALLOW,No significant risk indicators — consistent with observed behaviour,NO_ACTION,0,-0.9779662295520593,0,0,0,0,0
TXN_6e8e62000a,2026-08-29 02:50:54.846207,M_0002,C_00280,2744.13,0.0366,ALLOW,No significant risk indicators — consistent with observed behaviour,NO_ACTION,0,-0.5205740429511679,0,0,0,0,0
TXN_ad33893a37,2026-08-29 02:57:26.273325,M_0002,C_00237,6222.77,0.0383,ALLOW,No significant risk indicators — consistent with observed behaviour,NO_ACTION,0,0.9646716054507688,0,0,0,0,0
TXN_2c540fd143,2026-08-29 03:00:31.620817,M_0003,C_00176,4373.15,0.0142,ALLOW,No significant risk indicators — consistent with observed behaviour,NO_ACTION,0,0.5429651933275278,0,0,0,0,0
TXN_129aff98c8,2026-08-29 03:03:59.806870,M_0004,C_00133,50.0,0.1822,VERIFY,Risk detected from combined weak signals (no single strong indicator),STEP_UP_REQUIRED,0,-1.8655355811761911,0,0,0,0,0
TXN_175878f9ba,2026-08-29 03:04:52.636080,M_0005,C_00713,1975.63,0.0238,ALLOW,No significant risk indicators — consistent with observed behaviour,NO_ACTION,0,0.770840459799948,0,0,0,0,0
TXN_6de4507f2c,2026-08-29 03:05:55.023316,M_0005,C_00332,1575.11,0.0801,ALLOW,No significant risk indicators — consistent with observed behaviour,NO_ACTION,0,0.2957236889475923,0,0,0,0,0
TXN_ad5c3666cd,2026-08-29 03:06:11.645281,M_0014,C_00101,955.04,0.0138,ALLOW,No significant risk indicators — consistent with observed behaviour,NO_ACTION,0,-0.7899798206100643,0,0,0,0,0
TXN_db57c58d16,2026-08-29 03:07:17.535504,M_0001,C_00030,3539.68,0.0327,ALLOW,No significant risk indicators — consistent with observed behaviour,NO_ACTION,0,-0.5404521037793754,0,0,0,0,0
TXN_660562f17f,2026-08-29 03:09:29.290664,M_0000,C_00201,3844.57,0.0491,ALLOW,No significant risk indicators — consistent with observed behaviour,NO_ACTION,1,1.4988563600517373,0,0,0,0,0
TXN_48999b5f2e,2026-08-29 03:09:39.763302,M_0008,C_00040,1645.43,0.0095,ALLOW,No significant risk indicators — consistent with observed behaviour,NO_ACTION,0,-0.9619680527459384,0,0,0,0,0
TXN_52fa816a03,2026-08-29 03:10:38.839889,M_0006,C_00473,558.11,0.0148,ALLOW,No significant risk indicators — consistent with observed behaviour,NO_ACTION,0,-0.7007181467194199,0,0,0,0,0
TXN_ceb1c5a42e,2026-08-29 03:11:26.720861,M_0008,C_00025,5167.64,0.0768,ALLOW,No significant risk indicators — consistent with observed behaviour,NO_ACTION,0,0.9806798765571765,0,0,0,0,0
TXN_7a1a1222aa,2026-08-29 03:13:13.286332,M_0005,C_00327,1298.25,0.0738,ALLOW,No significant risk indicators — consistent with observed behaviour,NO_ACTION,0,-0.032510207800150875,0,0,0,0,0
TXN_5422e61584,2026-08-29 03:15:37.094926,M_0003,C_00295,5776.91,0.1221,ALLOW,No significant risk indicators — consistent with observed behaviour,NO_ACTION,0,1.2741604631396044,0,0,0,0,0
TXN_a8a0c7ce0f,2026-08-29 03:19:54.635455,M_0004,C_00133,1037.1,0.0865,ALLOW,No significant risk indicators — consistent with observed behaviour,NO_ACTION,0,-0.3841674492703976,0,0,0,0,0
TXN_048aef2eb8,2026-08-29 03:26:09.071814,M_0001,C_00306,5553.4,0.0533,ALLOW,No significant risk indicators — consistent with observed behaviour,NO_ACTION,0,0.23259319176086732,0,0,0,0,0
TXN_6360eaae47,2026-08-29 03:26:34.615555,M_0000,C_00191,1534.09,0.0333,ALLOW,No significant risk indicators — consistent with observed behaviour,NO_ACTION,0,-0.7726939220374777,0,0,0,0,0
TXN_b7d6763491,2026-08-29 03:32:56.721103,M_0010,C_00581,567.49,0.0209,ALLOW,No significant risk indicators — consistent with observed behaviour,NO_ACTION,0,-0.20398710696255598,0,0,0,0,0
TXN_a20b4a21f1,2026-08-29 03:37:02.886922,M_0009,C_00093,4455.42,0.069,ALLOW,No significant risk indicators — consistent with observed behaviour,NO_ACTION,0,0.2358424364734992,0,0,0,0,0
TXN_adbfdd1ea4,2026-08-29 03:46:23.685434,M_0000,C_00734,3739.05,0.1318,ALLOW,No significant risk indicators — consistent with observed behaviour,NO_ACTION,0,1.3937806844497618,0,0,0,0,0
TXN_9e4f21b0bc,2026-08-29 03:46:57.777101,M_0004,C_00582,2086.01,0.3325,VERIFY,Risk detected from combined weak signals (no single strong indicator),STEP_UP_REQUIRED,0,1.185067211754367,0,0,0,0,0
TXN_3ccec9f923,2026-08-29 03:58:39.540320,M_0009,C_00447,2473.84,0.0156,ALLOW,No significant risk indicators — consistent with observed behaviour,NO_ACTION,0,-0.6380792391706991,0,0,0,0,0
TXN_b86ef2cdb8,2026-08-29 03:58:45.704526,M_0009,C_00718,5806.45,0.0134,ALLOW,No significant risk indicators — consistent with observed behaviour,NO_ACTION,0,0.8324106389985114,0,0,0,0,0
TXN_397b5e2d09,2026-08-29 03:59:20.912576,M_0009,C_00447,551.57,0.4007,VERIFY,Recent activity from same IP,STEP_UP_REQUIRED,0,-1.4866493510625411,0,1,1,0,0
TXN_31952ad322,2026-08-29 04:02:59.400691,M_0009,C_00447,123.74,0.5069,VERIFY,Recent activity from same IP,STEP_UP_REQUIRED,0,-1.672690502295403,0,2,2,0,0
TXN_bdd9f55fd4,2026-08-29 04:03:52.925460,M_0009,C_00447,3777.87,0.7679,VERIFY,High IP transaction velocity | High customer transaction velocity,STEP_UP_REQUIRED,0,-0.05978291287106957,0,3,3,0,0
TXN_891822594a,2026-08-29 04:08:21.903502,M_0000,C_00531,3593.14,0.2094,VERIFY,Risk detected from combined weak signals (no single strong indicator),STEP_UP_REQUIRED,0,1.2483775761732225,0,0,0,0,0
TXN_5ada422423,2026-08-29 04:17:04.707782,M_0010,C_00398,483.23,0.0361,ALLOW,No significant risk indicators — consistent with observed behaviour,NO_ACTION,0,-0.39853196091591525,0,0,0,0,0
TXN_47ce6049b5,2026-08-29 04:17:35.776263,M_0001,C_00553,2244.27,0.0491,ALLOW,No significant risk indicators — consistent with observed behaviour,NO_ACTION,0,-1.0380367750408086,0,0,0,0,0
TXN_8435022277,2026-08-29 04:21:24.101767,M_0011,C_00456,2714.4,0.0086,ALLOW,No significant risk indicators — consistent with observed behaviour,NO_ACTION,0,-1.0237865558626436,0,0,0,0,0
TXN_257791ccf0,2026-08-29 04:29:30.267593,M_0008,C_00254,4842.72,0.0384,ALLOW,No significant risk indicators — consistent with observed behaviour,NO_ACTION,0,0.8002254706187613,0,0,0,0,0
TXN_8f01feb081,2026-08-29 04:32:14.327751,M_0000,C_00201,4139.31,0.0791,ALLOW,Elevated amount vs merchant history,NO_ACTION,0,1.7827561728993406,0,0,0,0,0
TXN_6c8ab23f87,2026-08-29 04:38:57.197407,M_0002,C_00580,6601.81,0.2973,VERIFY,Risk detected from combined weak signals (no single strong indicator),STEP_UP_REQUIRED,0,1.125342185393088,0,0,0,0,0
TXN_ddb9ac470d,2026-08-29 04:44:10.312292,M_0007,C_00416,3549.33,0.0135,ALLOW,No significant risk indicators — consistent with observed behaviour,NO_ACTION,0,-0.4566599834144368,0,0,0,0,0
TXN_f7d33fe8d7,2026-08-29 04:46:40.894797,M_0011,C_00794,5940.47,0.008,ALLOW,No significant risk indicators — consistent with observed behaviour,NO_ACTION,0,0.3454870040594569,0,0,0,0,0
TXN_9f17a83eab,2026-08-29 04:48:08.392220,M_0004,C_00795,1035.96,0.195,VERIFY,Risk detected from combined weak signals (no single strong indicator),STEP_UP_REQUIRED,0,-0.38709525824291463,0,0,0,0,0
TXN_8bdc7e0816,2026-08-29 04:49:39.871519,M_0001,C_00758,6093.41,0.091,ALLOW,No significant risk indicators — consistent with observed behaviour,NO_ACTION,0,0.4416570199842348,0,0,0,0,0
TXN_1acec29f13,2026-08-29 04:49:50.704959,M_0011,C_00576,6116.48,0.0079,ALLOW,No significant risk indicators — consistent with observed behaviour,NO_ACTION,0,0.41994612755128635,0,0,0,0,0
TXN_5cb2f80fa9,2026-08-29 04:52:09.032973,M_0011,C_00324,1515.6,0.0027,ALLOW,No significant risk indicators — consistent with observed behaviour,NO_ACTION,0,-1.5333212582465534,0,0,0,0,0
TXN_171e243ccf,2026-08-29 04:54:40.826035,M_0003,C_00552,4918.78,0.0175,ALLOW,No significant risk indicators — consistent with observed behaviour,NO_ACTION,0,0.8247369896694249,0,0,0,0,0
TXN_9f18b350fb,2026-08-29 04:55:24.519495,M_0008,C_00035,5016.48,0.0233,ALLOW,No significant risk indicators — consistent with observed behaviour,NO_ACTION,0,0.8950944275715774,0,0,0,0,0
TXN_06e353b03f,2026-08-29 05:01:11.159136,M_0014,C_00789,1096.1,0.0386,ALLOW,No significant risk indicators — consistent with observed behaviour,NO_ACTION,0,-0.5342615017650337,0,0,0,0,0
TXN_b009e3dd7d,2026-08-29 05:04:01.018141,M_0009,C_00539,3565.39,0.0369,ALLOW,No significant risk indicators — consistent with observed behaviour,NO_ACTION,0,-0.15338862632878386,0,0,0,0,0
TXN_94d5e5d7e6,2026-08-29 05:04:27.836195,M_0002,C_00797,7348.72,0.0571,ALLOW,No significant risk indicators — consistent with observed behaviour,NO_ACTION,0,1.4425778170144616,0,0,0,0,0
TXN_73df9a4bae,2026-08-29 05:10:03.243893,M_0014,C_00371,1705.98,0.0278,ALLOW,No significant risk indicators — consistent with observed behaviour,NO_ACTION,0,0.5679499002692464,0,0,0,0,0
TXN_d5a289c39a,2026-08-29 05:12:22.576991,M_0011,C_00272,4489.58,0.0035,ALLOW,No significant risk indicators — consistent with observed behaviour,NO_ACTION,0,-0.26898469088968446,0,0,0,0,0
TXN_b903db9eab,2026-08-29 05:13:36.366398,M_0000,C_00543,4523.02,0.0571,ALLOW,Elevated amount vs merchant history,NO_ACTION,0,2.155031203015973,0,0,0,0,0
TXN_7c4156804e,2026-08-29 05:14:05.308280,M_0003,C_00469,50.0,0.0112,ALLOW,No significant risk indicators — consistent with observed behaviour,NO_ACTION,0,-1.7134682719927044,0,0,0,0,0
TXN_195a19d55f,2026-08-29 05:17:36.670376,M_0012,C_00409,6706.78,0.1125,ALLOW,No significant risk indicators — consistent with observed behaviour,NO_ACTION,0,0.8540179218434675,0,0,0,0,0
TXN_2828e76eef,2026-08-29 05:18:36.746836,M_0009,C_00559,4352.65,0.0153,ALLOW,No significant risk indicators — consistent with observed behaviour,NO_ACTION,0,0.1938181156179349,0,0,0,0,0
TXN_11b43e6b5e,2026-08-29 05:21:41.294906,M_0000,C_00179,3315.01,0.0833,ALLOW,No significant risk indicators — consistent with observed behaviour,NO_ACTION,0,0.9666442438940424,0,0,0,0,0
TXN_13c9da8ae5,2026-08-29 05:23:26.871057,M_0013,C_00003,842.93,0.3588,VERIFY,Transaction country differs from customer profile,STEP_UP_REQUIRED,0,-0.7415433206028629,0,0,0,0,1
TXN_1f16ea8d60,2026-08-29 05:35:08.046287,M_0008,C_00719,1651.27,0.0085,ALLOW,No significant risk indicators — consistent with observed behaviour,NO_ACTION,0,-0.9616333029865968,0,0,0,0,0
TXN_8427c632bc,2026-08-29 05:41:14.642774,M_0011,C_00013,6756.96,0.0034,ALLOW,No significant risk indicators — consistent with observed behaviour,NO_ACTION,0,0.6934102621911894,0,0,0,0,0
TXN_633ad65de5,2026-08-29 05:44:42.111672,M_0014,C_00735,2017.43,0.2256,VERIFY,Risk detected from combined weak signals (no single strong indicator),STEP_UP_REQUIRED,0,1.130221240190508,0,0,0,0,0
TXN_4d45f307e5,2026-08-29 05:45:54.991355,M_0008,C_00719,5485.36,0.0741,ALLOW,No significant risk indicators — consistent with observed behaviour,NO_ACTION,0,1.1539174393973595,0,0,0,0,0
TXN_c641d47173,2026-08-29 05:46:50.255797,M_0011,C_00520,7536.22,0.0039,ALLOW,No significant risk indicators — consistent with observed behaviour,NO_ACTION,0,1.0236312932961307,0,0,0,0,0
TXN_50b0fba352,2026-08-29 05:49:16.083298,M_0002,C_00058,8423.56,0.0553,ALLOW,Elevated amount vs merchant history,NO_ACTION,0,1.8983334370984153,0,0,0,0,0
TXN_8d916f21bb,2026-08-29 05:51:16.083298,M_0002,C_00058,8232.3,0.8437,VERIFY,Elevated amount vs merchant history | Recent activity from same IP | Recent failed payment attempts,STEP_UP_REQUIRED,0,1.8116235762458048,0,1,1,1,0
TXN_d6556f6c1d,2026-08-29 05:54:56.105535,M_0000,C_00044,740.83,0.0275,ALLOW,No significant risk indicators — consistent with observed behaviour,NO_ACTION,0,-1.553248220820882,0,0,0,0,0
TXN_631e69bb14,2026-08-29 05:55:03.766273,M_0011,C_00590,3565.94,0.0056,ALLOW,No significant risk indicators — consistent with observed behaviour,NO_ACTION,0,-0.6629077762791995,0,0,0,0,0
TXN_e52480d59a,2026-08-29 05:56:16.083298,M_0002,C_00058,8390.15,0.8903,VERIFY,Elevated amount vs merchant history | Recent activity from same IP | Recent failed payment attempts,STEP_UP_REQUIRED,1,1.8740855492132031,0,2,2,2,0
TXN_0362100251,2026-08-29 06:01:51.841373,M_0003,C_00535,5492.67,0.5647,VERIFY,Transaction country differs from customer profile,STEP_UP_REQUIRED,0,1.1237147034938588,0,0,0,0,1
TXN_11b57ce5a6,2026-08-29 06:07:10.813961,M_0009,C_00784,6103.96,0.1315,ALLOW,No significant risk indicators — consistent with observed behaviour,NO_ACTION,0,0.9663056858722691,0,0,0,0,0
TXN_4f24a09fc1,2026-08-29 06:24:37.737843,M_0000,C_00502,1916.2,0.0534,ALLOW,No significant risk indicators — consistent with observed behaviour,NO_ACTION,0,-0.4011921967562945,0,0,0,0,0
TXN_169c9d6673,2026-08-29 06:26:05.547206,M_0014,C_00393,1318.77,0.0641,ALLOW,No significant risk indicators — consistent with observed behaviour,NO_ACTION,0,-0.13434215829154414,0,0,0,0,0
TXN_f218995305,2026-08-29 06:33:59.826458,M_0004,C_00165,1626.06,0.1188,ALLOW,No significant risk indicators — consistent with observed behaviour,NO_ACTION,0,0.4961387181960272,0,0,0,0,0
TXN_05ff13d0c4,2026-08-29 06:38:28.773777,M_0000,C_00458,1150.14,0.0263,ALLOW,No significant risk indicators — consistent with observed behaviour,NO_ACTION,0,-1.150338415908922,0,0,0,0,0
TXN_de708ad8fe,2026-08-29 06:43:50.379976,M_0003,C_00351,2083.85,0.0402,ALLOW,No significant risk indicators — consistent with observed behaviour,NO_ACTION,0,-0.6517635959879562,0,0,0,0,0
TXN_d40b91d2b0,2026-08-29 06:44:33.974463,M_0006,C_00184,762.22,0.0611,ALLOW,No significant risk indicators — consistent with observed behaviour,NO_ACTION,0,-0.12812237898084688,0,0,0,0,0
TXN_d12dcdb9dd,2026-08-29 06:50:12.067738,M_0011,C_00038,6997.49,0.0109,ALLOW,No significant risk indicators — consistent with observed behaviour,NO_ACTION,0,0.79476063150194,0,0,0,0,0
TXN_1b2bf897c2,2026-08-29 06:56:53.015082,M_0008,C_00047,1367.64,0.0195,ALLOW,No significant risk indicators — consistent with observed behaviour,NO_ACTION,0,-1.1180976155969031,0,0,0,0,0
TXN_1175105bd1,2026-08-29 07:07:29.838590,M_0012,C_00738,4162.21,0.0853,ALLOW,No significant risk indicators — consistent with observed behaviour,NO_ACTION,0,-0.09468935465054443,0,0,0,0,0
TXN_43a1b76edb,2026-08-29 07:15:03.263012,M_0002,C_00744,9120.24,0.055,ALLOW,Elevated amount vs merchant history,NO_ACTION,0,2.1790205570218113,0,0,0,0,0
TXN_47475f20df,2026-08-29 07:22:06.032090,M_0008,C_00310,50.0,0.0428,ALLOW,No significant risk indicators — consistent with observed behaviour,NO_ACTION,0,-1.84262211149399,0,0,0,0,0
TXN_f6f8d550ec,2026-08-29 07:26:47.626335,M_0006,C_00518,560.65,0.0598,ALLOW,No significant risk indicators — consistent with observed behaviour,NO_ACTION,0,-0.6932088467881702,0,0,0,0,0
TXN_6a27eff2e0,2026-08-29 07:27:57.408932,M_0012,C_00120,214.19,0.0852,ALLOW,No significant risk indicators — consistent with observed behaviour,NO_ACTION,0,-1.5660576645383608,0,0,0,0,0
TXN_1a22d569e7,2026-08-29 07:42:06.688215,M_0007,C_00426,447.25,0.0211,ALLOW,No significant risk indicators — consistent with observed behaviour,NO_ACTION,0,-1.779387214001173,0,0,0,0,0
TXN_fd61073a7c,2026-08-29 07:44:42.685032,M_0001,C_00269,4523.9,0.1198,ALLOW,No significant risk indicators — consistent with observed behaviour,NO_ACTION,0,-0.16182697824986553,0,0,0,0,0
TXN_151d83695f,2026-08-29 07:49:57.503882,M_0004,C_00684,2411.92,0.441,VERIFY,Elevated amount vs merchant history,STEP_UP_REQUIRED,0,1.67215387976554,0,0,0,0,0
TXN_93305052ae,2026-08-29 07:50:29.284945,M_0009,C_00168,3696.52,0.6695,VERIFY,Transaction country differs from customer profile,STEP_UP_REQUIRED,0,-0.09678903228984828,0,0,0,0,1
TXN_54818d470f,2026-08-29 08:06:54.064986,M_0001,C_00617,50.0,0.0195,ALLOW,No significant risk indicators — consistent with observed behaviour,NO_ACTION,0,-1.8820648999336622,0,0,0,0,0
TXN_086ed4d7a8,2026-08-29 08:11:17.897556,M_0000,C_00191,2714.41,0.114,ALLOW,No significant risk indicators — consistent with observed behaviour,NO_ACTION,0,0.3810279205942911,0,0,0,0,0
TXN_7867e9cb9c,2026-08-29 08:22:24.604438,M_0008,C_00415,50.0,0.0533,ALLOW,No significant risk indicators — consistent with observed behaviour,NO_ACTION,0,-1.8369450779958378,0,0,0,0,0
TXN_4c64f6fd7a,2026-08-29 08:27:15.273083,M_0000,C_00731,3273.37,0.0395,ALLOW,No significant risk indicators — consistent with observed behaviour,NO_ACTION,0,0.9277487554878153,0,0,0,0,0
TXN_dede7bb9b4,2026-08-29 08:27:50.950840,M_0004,C_00684,907.76,0.0823,ALLOW,No significant risk indicators — consistent with observed behaviour,NO_ACTION,0,-0.581170910190098,0,0,0,0,0
TXN_98100ffb7f,2026-08-29 08:29:27.194280,M_0008,C_00665,352.89,0.0155,ALLOW,No significant risk indicators — consistent with observed behaviour,NO_ACTION,0,-1.664921242610846,0,0,0,0,0
TXN_1a21d745be,2026-08-29 08:30:46.811546,M_0009,C_00446,3622.33,0.0431,ALLOW,No significant risk indicators — consistent with observed behaviour,NO_ACTION,0,-0.1294842467026895,0,0,0,0,0
TXN_e9161cae76,2026-08-29 08:35:04.097963,M_0006,C_00257,276.35,0.0195,ALLOW,No significant risk indicators — consistent with observed behaviour,NO_ACTION,0,-1.489952845943735,0,0,0,0,0
TXN_de65644506,2026-08-29 08:44:30.124263,M_0000,C_00380,2084.14,0.0815,ALLOW,No significant risk indicators — consistent with observed behaviour,NO_ACTION,0,-0.23690928669260278,0,0,0,0,0
TXN_048a942a81,2026-08-29 08:45:59.116278,M_0008,C_00778,531.67,0.0096,ALLOW,No significant risk indicators — consistent with observed behaviour,NO_ACTION,0,-1.5624335823919693,0,0,0,0,0
TXN_9cd02dc430,2026-08-29 08:50:50.811029,M_0002,C_00481,4397.21,0.0706,ALLOW,No significant risk indicators — consistent with observed behaviour,NO_ACTION,0,0.17049775738467357,0,0,0,0,0
TXN_f54111fde3,2026-08-29 09:05:48.764069,M_0014,C_00171,1556.54,0.0582,ALLOW,No significant risk indicators — consistent with observed behaviour,NO_ACTION,0,0.2957547311097882,0,0,0,0,0
TXN_e5e8cbc356,2026-08-29 09:08:45.829492,M_0002,C_00649,7560.31,0.438,VERIFY,Elevated amount vs merchant history,STEP_UP_REQUIRED,0,1.5112924151415554,0,0,0,0,0
TXN_91a1e9abf7,2026-08-29 09:13:09.963899,M_0004,C_00028,840.16,0.1444,ALLOW,No significant risk indicators — consistent with observed behaviour,NO_ACTION,0,-0.6817571908809144,0,0,0,0,0
TXN_16a6d9383d,2026-08-29 09:19:10.478223,M_0013,C_00595,4114.33,0.9516,ESCALATE,Elevated amount vs merchant history,PENDING_MANUAL_REVIEW,0,2.787182749279678,0,0,0,0,0
TXN_ccca2be13f,2026-08-29 09:19:42.049838,M_0012,C_00009,1237.83,0.0624,ALLOW,No significant risk indicators — consistent with observed behaviour,NO_ACTION,0,-1.181449399149869,0,0,0,0,0
TXN_dcd6343051,2026-08-29 09:20:06.698365,M_0013,C_00178,773.64,0.0148,ALLOW,No significant risk indicators — consistent with observed behaviour,NO_ACTION,0,-0.8155185319617372,0,0,0,0,0
TXN_feea06b8d1,2026-08-29 09:22:54.088222,M_0010,C_00589,807.94,0.0444,ALLOW,No significant risk indicators — consistent with observed behaviour,NO_ACTION,0,0.3531175976501798,0,0,0,0,0
TXN_9330ffe1be,2026-08-29 09:27:25.634154,M_0005,C_00329,1019.57,0.0401,ALLOW,No significant risk indicators — consistent with observed behaviour,NO_ACTION,0,-0.36287959943913667,0,0,0,0,0
TXN_9b20cc1f4d,2026-08-29 09:28:10.378120,M_0003,C_00236,2257.61,0.0226,ALLOW,No significant risk indicators — consistent with observed behaviour,NO_ACTION,0,-0.5606700350773763,0,0,0,0,0
TXN_2ac4d99c5c,2026-08-29 09:35:30.341891,M_0000,C_00482,2994.81,0.0366,ALLOW,No significant risk indicators — consistent with observed behaviour,NO_ACTION,0,0.6548243646961157,0,0,0,0,0
TXN_3cc01e4952,2026-08-29 09:36:00.453706,M_0007,C_00057,2781.35,0.0863,ALLOW,No significant risk indicators — consistent with observed behaviour,NO_ACTION,0,-0.7799222975430988,0,0,0,0,0
TXN_6c4c5b6176,2026-08-29 09:40:09.837157,M_0010,C_00289,50.0,0.0702,ALLOW,No significant risk indicators — consistent with observed behaviour,NO_ACTION,0,-1.4022499261212682,0,0,0,0,0
TXN_2f0192ba8a,2026-08-29 09:41:17.559953,M_0012,C_00302,6742.96,0.136,ALLOW,No significant risk indicators — consistent with observed behaviour,NO_ACTION,0,0.869707231896505,0,0,0,0,0
TXN_c86b916c70,2026-08-29 09:41:31.010488,M_0002,C_00649,9193.13,0.3566,VERIFY,Elevated amount vs merchant history,STEP_UP_REQUIRED,0,2.1999712894273338,0,0,0,0,0
TXN_affed0177f,2026-08-29 09:41:43.268338,M_0003,C_00176,2384.16,0.0254,ALLOW,No significant risk indicators — consistent with observed behaviour,NO_ACTION,0,-0.4942534965135613,0,0,0,0,0
TXN_5c468e26ae,2026-08-29 09:52:05.386010,M_0005,C_00506,3374.09,0.822,VERIFY,Elevated amount vs merchant history | Previously unseen device,STEP_UP_REQUIRED,1,2.4309411900913016,1,0,0,0,0
TXN_0cf0dbe523,2026-08-29 09:58:58.699765,M_0002,C_00158,3740.47,0.0554,ALLOW,No significant risk indicators — consistent with observed behaviour,NO_ACTION,0,-0.11212301357847805,0,0,0,0,0
TXN_00badeb337,2026-08-29 09:59:35.909064,M_0013,C_00505,3186.95,0.3461,VERIFY,Elevated amount vs merchant history,STEP_UP_REQUIRED,0,1.7764174763661729,0,0,0,0,0
TXN_d65fdf644e,2026-08-29 10:01:06.285748,M_0009,C_00761,358.02,0.0267,ALLOW,No significant risk indicators — consistent with observed behaviour,NO_ACTION,1,-1.5710572836660979,0,0,0,0,0
TXN_984c8106cc,2026-08-29 10:01:34.565397,M_0009,C_00761,1526.88,0.8625,VERIFY,Recent activity from same IP,STEP_UP_REQUIRED,1,-1.0523286620792092,0,1,1,0,0
TXN_dc0cfe9a97,2026-08-29 10:01:35.909064,M_0013,C_00505,3255.09,0.958,ESCALATE,Elevated amount vs merchant history | Recent activity from same IP | Recent failed payment attempts,PENDING_MANUAL_REVIEW,0,1.84435379429294,0,1,1,1,0
TXN_c57e0558da,2026-08-29 10:02:27.497055,M_0009,C_00761,1605.93,0.8845,VERIFY,Recent activity from same IP,STEP_UP_REQUIRED,1,-1.0162576014565232,0,2,2,0,0
TXN_e62eed1a4f,2026-08-29 10:02:27.952713,M_0009,C_00761,3063.86,0.9434,ESCALATE,High IP transaction velocity | High customer transaction velocity,PENDING_MANUAL_REVIEW,1,-0.3718273921319456,0,3,3,0,0
TXN_f58075f9cb,2026-08-29 10:04:48.564964,M_0009,C_00761,6319.39,0.9964,ESCALATE,High IP transaction velocity | High customer transaction velocity,PENDING_MANUAL_REVIEW,1,1.0655921843515588,0,4,4,0,0
TXN_4161719b54,2026-08-29 10:05:57.742219,M_0009,C_00761,519.82,0.9948,ESCALATE,High IP transaction velocity | High customer transaction velocity | Elevated merchant transaction activity,PENDING_MANUAL_REVIEW,1,-1.4957301929477254,0,5,5,0,0
TXN_c9fd20e174,2026-08-29 10:06:15.661355,M_0009,C_00761,2575.85,0.996,ESCALATE,High IP transaction velocity | High customer transaction velocity | Elevated merchant transaction activity,PENDING_MANUAL_REVIEW,1,-0.5861516107806405,0,6,6,0,0
TXN_d6af34f658,2026-08-29 10:06:35.909064,M_0013,C_00505,2934.98,0.9547,ESCALATE,Recent activity from same IP | Recent failed payment attempts,PENDING_MANUAL_REVIEW,1,1.4961447961832506,0,2,2,2,0
TXN_52f4889489,2026-08-29 10:07:03.507945,M_0009,C_00761,1650.54,0.9922,ESCALATE,High IP transaction velocity | High customer transaction velocity | Elevated merchant transaction activity,PENDING_MANUAL_REVIEW,1,-0.9940652702214932,0,7,7,0,0
TXN_271fb58d39,2026-08-29 10:07:15.759850,M_0013,C_00760,3213.55,0.5996,VERIFY,Elevated amount vs merchant history,STEP_UP_REQUIRED,0,1.790680279266098,0,0,0,0,0
TXN_584838f013,2026-08-29 10:07:47.444173,M_0009,C_00761,4200.6,0.9936,ESCALATE,High IP transaction velocity | High customer transaction velocity | Elevated merchant transaction activity,PENDING_MANUAL_REVIEW,1,0.1323219988435664,0,8,8,0,0
TXN_29e101e561,2026-08-29 10:08:00.295976,M_0009,C_00761,2316.47,0.9918,ESCALATE,High IP transaction velocity | High customer transaction velocity | Elevated merchant transaction activity,PENDING_MANUAL_REVIEW,1,-0.6996463276418832,0,9,9,0,0
TXN_431d3a7230,2026-08-29 10:15:18.584165,M_0006,C_00411,719.69,0.0836,ALLOW,No significant risk indicators — consistent with observed behaviour,NO_ACTION,0,-0.2444263827482121,0,0,0,0,0
TXN_d69b89ff9d,2026-08-29 10:22:20.639457,M_0010,C_00406,1352.27,0.501,VERIFY,Elevated amount vs merchant history,STEP_UP_REQUIRED,0,1.6143427453039576,0,0,0,0,0
TXN_3b8bd1df37,2026-08-29 10:27:11.407840,M_0007,C_00077,5061.16,0.1856,VERIFY,Risk detected from combined weak signals (no single strong indicator),STEP_UP_REQUIRED,0,0.19214605031989215,0,0,0,0,0
TXN_226bf60e3b,2026-08-29 10:30:35.658146,M_0007,C_00294,5573.29,0.2171,VERIFY,Risk detected from combined weak signals (no single strong indicator),STEP_UP_REQUIRED,0,0.4103079114739526,0,0,0,0,0
TXN_ca68b96ec1,2026-08-29 10:34:09.705197,M_0001,C_00396,6387.69,0.0334,ALLOW,No significant risk indicators — consistent with observed behaviour,NO_ACTION,0,0.5573184416879592,0,0,0,0,0
TXN_5a424f647e,2026-08-29 10:35:15.229252,M_0005,C_00467,706.62,0.0813,ALLOW,No significant risk indicators — consistent with observed behaviour,NO_ACTION,0,-0.7348843587490214,0,0,0,0,0
TXN_1a756ee44b,2026-08-29 10:35:44.493124,M_0009,C_00384,4797.14,0.0813,ALLOW,No significant risk indicators — consistent with observed behaviour,NO_ACTION,0,0.39649164082839156,0,0,0,0,0
TXN_a9a720251b,2026-08-29 10:36:55.800600,M_0003,C_00176,6754.13,0.1725,VERIFY,Elevated amount vs merchant history,STEP_UP_REQUIRED,0,1.7831849021913249,0,0,0,0,0
TXN_42fc8bf2c2,2026-08-29 10:37:03.114167,M_0011,C_00461,409.6,0.0028,ALLOW,No significant risk indicators — consistent with observed behaviour,NO_ACTION,0,-2.0039496110599058,0,0,0,0,0
TXN_eab89626d1,2026-08-29 10:46:10.493603,M_0004,C_00536,1270.62,0.1718,VERIFY,Risk detected from combined weak signals (no single strong indicator),STEP_UP_REQUIRED,0,-0.03693285829049329,0,0,0,0,0
TXN_cd82b3f767,2026-08-29 10:53:50.909173,M_0000,C_00073,3384.5,0.052,ALLOW,No significant risk indicators — consistent with observed behaviour,NO_ACTION,0,1.0359826474176392,0,0,0,0,0
TXN_8b4f7413a9,2026-08-29 10:53:51.554263,M_0001,C_00303,5199.96,0.1213,ALLOW,No significant risk indicators — consistent with observed behaviour,NO_ACTION,0,0.10069439016883355,0,0,0,0,0
TXN_507635002b,2026-08-29 10:57:25.905233,M_0002,C_00300,5488.58,0.0654,ALLOW,No significant risk indicators — consistent with observed behaviour,NO_ACTION,0,0.6271748185412054,0,0,0,0,0
TXN_27dfbedf21,2026-08-29 11:06:10.700484,M_0001,C_00305,2542.13,0.0262,ALLOW,No significant risk indicators — consistent with observed behaviour,NO_ACTION,0,-0.9206047857494245,0,0,0,0,0
TXN_dc6396ece0,2026-08-29 11:08:36.105508,M_0011,C_00024,6879.7,0.0104,ALLOW,No significant risk indicators — consistent with observed behaviour,NO_ACTION,0,0.7449962371221045,0,0,0,0,0
TXN_5faa5a60fd,2026-08-29 11:10:36.598663,M_0001,C_00504,4589.21,0.047,ALLOW,No significant risk indicators — consistent with observed behaviour,NO_ACTION,1,-0.1323142283762738,0,0,0,0,0
TXN_024a66f8ee,2026-08-29 11:10:53.887003,M_0001,C_00504,3500.72,0.8546,VERIFY,Recent activity from same IP,STEP_UP_REQUIRED,1,-0.5508660794078372,0,1,1,0,0
TXN_286134cb92,2026-08-29 11:11:18.933195,M_0001,C_00504,2538.27,0.9092,ESCALATE,Recent activity from same IP,PENDING_MANUAL_REVIEW,1,-0.9206256949925468,0,2,2,0,0
TXN_404b1b6301,2026-08-29 11:12:53.008189,M_0001,C_00504,7142.43,0.9317,ESCALATE,High IP transaction velocity | High customer transaction velocity,PENDING_MANUAL_REVIEW,1,0.853413356836635,0,3,3,0,0
TXN_a375578f4f,2026-08-29 11:15:09.819250,M_0001,C_00504,5895.46,0.9887,ESCALATE,High IP transaction velocity | High customer transaction velocity | Elevated merchant transaction activity,PENDING_MANUAL_REVIEW,1,0.3718468433646219,0,4,4,0,0
TXN_9465a36622,2026-08-29 11:17:53.566925,M_0001,C_00504,4161.28,0.9922,ESCALATE,High IP transaction velocity | High customer transaction velocity | Elevated merchant transaction activity,PENDING_MANUAL_REVIEW,1,-0.29686894473833214,0,5,5,0,0
TXN_e63a506fc0,2026-08-29 11:18:02.616888,M_0001,C_00504,4479.42,0.992,ESCALATE,High IP transaction velocity | High customer transaction velocity | Elevated merchant transaction activity,PENDING_MANUAL_REVIEW,1,-0.17385095104487291,0,6,6,0,0
TXN_4f3d36d439,2026-08-29 11:18:50.377053,M_0001,C_00504,4588.46,0.9914,ESCALATE,High IP transaction velocity | High customer transaction velocity | Elevated merchant transaction activity,PENDING_MANUAL_REVIEW,1,-0.13158382345808092,0,7,7,0,0
TXN_536d1cf8bf,2026-08-29 11:19:00.283683,M_0001,C_00504,7533.43,0.9916,ESCALATE,High IP transaction velocity | High customer transaction velocity | Elevated merchant transaction activity,PENDING_MANUAL_REVIEW,1,1.006562031342515,0,8,8,0,0
TXN_ed34b5e948,2026-08-29 11:22:14.686798,M_0006,C_00198,505.93,0.0603,ALLOW,No significant risk indicators — consistent with observed behaviour,NO_ACTION,0,-0.8437031243567877,0,0,0,0,0
TXN_8a74befab2,2026-08-29 11:33:06.996996,M_0009,C_00692,5265.56,0.0168,ALLOW,No significant risk indicators — consistent with observed behaviour,NO_ACTION,0,0.6032174371217124,0,0,0,0,0
TXN_374910342c,2026-08-29 11:34:53.708476,M_0008,C_00175,3948.86,0.0358,ALLOW,No significant risk indicators — consistent with observed behaviour,NO_ACTION,0,0.31441971979305605,0,0,0,0,0
TXN_7fc5934f97,2026-08-29 11:36:55.014744,M_0013,C_00203,842.65,0.016,ALLOW,No significant risk indicators — consistent with observed behaviour,NO_ACTION,0,-0.7459443026103278,0,0,0,0,0
TXN_fd90adc545,2026-08-29 11:39:01.353184,M_0003,C_00139,2021.3,0.0195,ALLOW,No significant risk indicators — consistent with observed behaviour,NO_ACTION,0,-0.6843366843851215,0,0,0,0,0
TXN_4de27b5637,2026-08-29 11:45:45.142953,M_0006,C_00700,1032.24,0.06,ALLOW,No significant risk indicators — consistent with observed behaviour,NO_ACTION,0,0.6333865364365875,0,0,0,0,0
TXN_efcb2d6aba,2026-08-29 12:17:59.046586,M_0006,C_00379,636.15,0.0236,ALLOW,No significant risk indicators — consistent with observed behaviour,NO_ACTION,0,-0.47853306566649123,0,0,0,0,0
TXN_7e2150ce5a,2026-08-29 12:24:49.907735,M_0012,C_00738,671.03,0.0118,ALLOW,No significant risk indicators — consistent with observed behaviour,NO_ACTION,0,-1.3919683200514865,0,0,0,0,0
TXN_1005940501,2026-08-29 12:30:38.643399,M_0004,C_00698,548.4,0.0783,ALLOW,No significant risk indicators — consistent with observed behaviour,NO_ACTION,0,-1.1183766686439254,0,0,0,0,0
TXN_cb69c21bc3,2026-08-29 12:31:26.765230,M_0013,C_00271,50.0,0.0145,ALLOW,No significant risk indicators — consistent with observed behaviour,NO_ACTION,0,-1.5917218922140532,0,0,0,0,0
TXN_5a126ed776,2026-08-29 12:33:31.968104,M_0006,C_00074,1005.02,0.0314,ALLOW,No significant risk indicators — consistent with observed behaviour,NO_ACTION,0,0.557324503308563,0,0,0,0,0
TXN_2319c74d44,2026-08-29 12:35:13.886434,M_0001,C_00414,1004.03,0.0068,ALLOW,No significant risk indicators — consistent with observed behaviour,NO_ACTION,0,-1.5184709822549134,0,0,0,0,0
TXN_e1831e1077,2026-08-29 12:42:16.807298,M_0012,C_00043,2154.35,0.0467,ALLOW,No significant risk indicators — consistent with observed behaviour,NO_ACTION,0,-0.837426590834421,0,0,0,0,0
TXN_09ead5f44d,2026-08-29 12:48:54.651820,M_0009,C_00102,50.0,0.009,ALLOW,No significant risk indicators — consistent with observed behaviour,NO_ACTION,0,-1.7024738897855016,0,0,0,0,0
TXN_81865d7d59,2026-08-29 12:55:30.648358,M_0007,C_00247,3769.45,0.0284,ALLOW,No significant risk indicators — consistent with observed behaviour,NO_ACTION,0,-0.35945669959938836,0,0,0,0,0
TXN_6381d6f447,2026-08-29 12:57:23.656867,M_0012,C_00625,4411.89,0.0158,ALLOW,No significant risk indicators — consistent with observed behaviour,NO_ACTION,0,0.0036669350024503594,0,0,0,0,0
TXN_d12eefad85,2026-08-29 13:00:05.727025,M_0000,C_00586,781.34,0.0297,ALLOW,No significant risk indicators — consistent with observed behaviour,NO_ACTION,0,-1.5144520371093864,0,0,0,0,0
TXN_9e97c20cb9,2026-08-29 13:00:41.584101,M_0011,C_00127,3984.92,0.0059,ALLOW,Previously unseen device,NO_ACTION,0,-0.4833465718943697,1,0,0,0,0
TXN_d07c309288,2026-08-29 13:02:19.319996,M_0011,C_00461,5393.65,0.0016,ALLOW,No significant risk indicators — consistent with observed behaviour,NO_ACTION,0,0.11469477282269869,0,0,0,0,0
TXN_924f71e62a,2026-08-29 13:17:10.162009,M_0006,C_00753,1160.46,0.0518,ALLOW,No significant risk indicators — consistent with observed behaviour,NO_ACTION,0,0.9934053196319135,0,0,0,0,0
TXN_d4f190093f,2026-08-29 13:28:35.387120,M_0012,C_00009,3352.4,0.018,ALLOW,No significant risk indicators — consistent with observed behaviour,NO_ACTION,0,-0.3908960152669004,0,0,0,0,0
TXN_ec9a53d998,2026-08-29 13:30:31.929084,M_0002,C_00649,2835.18,0.0339,ALLOW,No significant risk indicators — consistent with observed behaviour,NO_ACTION,0,-0.495808662003358,0,0,0,0,0
TXN_c8e070e763,2026-08-29 13:30:37.836661,M_0011,C_00785,3721.25,0.0061,ALLOW,No significant risk indicators — consistent with observed behaviour,NO_ACTION,0,-0.5953417211384928,0,0,0,0,0
TXN_562e7477f4,2026-08-29 13:34:36.127530,M_0002,C_00362,5754.06,0.0247,ALLOW,No significant risk indicators — consistent with observed behaviour,NO_ACTION,0,0.7398834075857258,0,0,0,0,0
TXN_f71a2f3938,2026-08-29 13:44:10.052843,M_0007,C_00170,4761.7,0.094,ALLOW,No significant risk indicators — consistent with observed behaviour,NO_ACTION,0,0.06435001018962722,0,0,0,0,0
TXN_572563a689,2026-08-29 13:49:58.224220,M_0002,C_00770,3269.53,0.0083,ALLOW,No significant risk indicators — consistent with observed behaviour,NO_ACTION,0,-0.31258228603145743,0,0,0,0,0
TXN_965f67480b,2026-08-29 13:52:11.789348,M_0003,C_00635,4176.38,0.0117,ALLOW,No significant risk indicators — consistent with observed behaviour,NO_ACTION,0,0.4380080328789873,0,0,0,0,0
TXN_4322954e38,2026-08-29 14:00:21.747161,M_0001,C_00305,11153.33,0.1187,ALLOW,Elevated amount vs merchant history,NO_ACTION,0,2.4033766821658857,0,0,0,0,0
TXN_02820bbd11,2026-08-29 14:07:01.370512,M_0006,C_00211,258.55,0.0219,ALLOW,No significant risk indicators — consistent with observed behaviour,NO_ACTION,0,-1.540780522605802,0,0,0,0,0
TXN_0d29f67aa4,2026-08-29 14:07:22.373529,M_0007,C_00474,5040.1,0.1009,ALLOW,No significant risk indicators — consistent with observed behaviour,NO_ACTION,0,0.18321490945929994,0,0,0,0,0
TXN_36b658c7aa,2026-08-29 14:09:11.140331,M_0003,C_00311,3700.97,0.0095,ALLOW,No significant risk indicators — consistent with observed behaviour,NO_ACTION,0,0.19007403886986382,0,0,0,0,0
TXN_75df99e897,2026-08-29 14:24:27.848202,M_0003,C_00466,50.0,0.0233,ALLOW,No significant risk indicators — consistent with observed behaviour,NO_ACTION,0,-1.7125996149670284,0,0,0,0,0
TXN_ed763b7d25,2026-08-29 14:26:54.957585,M_0011,C_00520,4500.5,0.0418,ALLOW,Transaction country differs from customer profile,NO_ACTION,0,-0.26396262473257326,0,0,0,0,1
TXN_1567658fd8,2026-08-29 14:31:42.250303,M_0010,C_00703,267.61,0.0109,ALLOW,No significant risk indicators — consistent with observed behaviour,NO_ACTION,0,-0.8964974245009728,0,0,0,0,0
TXN_ac4c0203b8,2026-08-29 14:41:08.456102,M_0005,C_00394,1584.08,0.0764,ALLOW,No significant risk indicators — consistent with observed behaviour,NO_ACTION,0,0.30329142424988953,0,0,0,0,0
TXN_630ab28576,2026-08-29 14:46:13.741629,M_0011,C_00794,4564.64,0.0037,ALLOW,No significant risk indicators — consistent with observed behaviour,NO_ACTION,0,-0.23655216588980638,0,0,0,0,0
TXN_4c1b93569a,2026-08-29 14:48:12.419915,M_0013,C_00096,472.07,0.0205,ALLOW,No significant risk indicators — consistent with observed behaviour,NO_ACTION,0,-1.137540472690317,0,0,0,0,0
TXN_3ad7279a14,2026-08-29 14:55:12.278974,M_0004,C_00562,1865.75,0.0186,ALLOW,No significant risk indicators — consistent with observed behaviour,NO_ACTION,0,0.855636311630014,0,0,0,0,0
TXN_81dd839497,2026-08-29 15:06:10.668426,M_0013,C_00470,2531.89,0.075,ALLOW,No significant risk indicators — consistent with observed behaviour,NO_ACTION,0,1.0614581332701938,0,0,0,0,0
TXN_804e55d3d6,2026-08-29 15:06:31.987514,M_0005,C_00134,818.4,0.0459,ALLOW,No significant risk indicators — consistent with observed behaviour,NO_ACTION,0,-0.6027672635533822,0,0,0,0,0
TXN_895bc374ba,2026-08-29 15:08:49.175066,M_0011,C_00038,6365.57,0.0049,ALLOW,No significant risk indicators — consistent with observed behaviour,NO_ACTION,0,0.5291989317388844,0,0,0,0,0
TXN_a481a63a63,2026-08-29 15:17:37.092243,M_0001,C_00414,11117.62,0.2126,VERIFY,Elevated amount vs merchant history,STEP_UP_REQUIRED,0,2.3744092814927664,0,0,0,0,0
TXN_ea12ddab69,2026-08-29 15:17:57.014342,M_0004,C_00724,1577.06,0.0171,ALLOW,No significant risk indicators — consistent with observed behaviour,NO_ACTION,0,0.42232883938695626,0,0,0,0,0
TXN_089ccee291,2026-08-29 15:21:33.919426,M_0013,C_00754,1544.48,0.0204,ALLOW,No significant risk indicators — consistent with observed behaviour,NO_ACTION,0,0.006730511686718357,0,0,0,0,0
TXN_ae3fd3f97b,2026-08-29 15:21:52.566097,M_0009,C_00401,6558.24,0.1956,VERIFY,Risk detected from combined weak signals (no single strong indicator),STEP_UP_REQUIRED,0,1.1747650454046927,0,0,0,0,0
TXN_86769e4123,2026-08-29 15:24:52.371200,M_0011,C_00486,6644.75,0.0041,ALLOW,No significant risk indicators — consistent with observed behaviour,NO_ACTION,0,0.6475544421267069,0,0,0,0,0
TXN_a090da261f,2026-08-29 15:27:02.973641,M_0002,C_00362,7343.86,0.3466,VERIFY,Risk detected from combined weak signals (no single strong indicator),STEP_UP_REQUIRED,0,1.4133475328825866,0,0,0,0,0
TXN_86e438066b,2026-08-29 15:33:34.360589,M_0003,C_00181,7561.99,0.0698,ALLOW,Elevated amount vs merchant history,NO_ACTION,0,2.2013715749247527,0,0,0,0,0
TXN_f7a090e7ee,2026-08-29 15:34:59.313706,M_0005,C_00448,2767.88,0.5169,VERIFY,Elevated amount vs merchant history,STEP_UP_REQUIRED,0,1.7053221060967134,0,0,0,0,0
TXN_ecda15bc17,2026-08-29 15:42:55.555378,M_0005,C_00197,2931.38,0.1938,VERIFY,Elevated amount vs merchant history,STEP_UP_REQUIRED,1,1.8930661902656634,0,0,0,0,0
TXN_b60807fff7,2026-08-29 15:45:02.924057,M_0012,C_00231,4806.28,0.0829,ALLOW,No significant risk indicators — consistent with observed behaviour,NO_ACTION,0,0.15111521186476476,0,0,0,0,0
TXN_251f6e5f51,2026-08-29 15:46:30.442401,M_0005,C_00160,50.0,0.0176,ALLOW,No significant risk indicators — consistent with observed behaviour,NO_ACTION,0,-1.5119227708385807,0,0,0,0,0
TXN_f208ad02c1,2026-08-29 15:47:36.385016,M_0002,C_00519,1411.96,0.018,ALLOW,No significant risk indicators — consistent with observed behaviour,NO_ACTION,0,-1.1002020835195372,0,0,0,0,0
TXN_6b42b3934d,2026-08-29 15:59:10.942488,M_0007,C_00572,1790.06,0.0389,ALLOW,No significant risk indicators — consistent with observed behaviour,NO_ACTION,0,-1.206098246730588,0,0,0,0,0
TXN_48d93906d4,2026-08-29 16:05:00.526716,M_0003,C_00542,5786.17,0.0857,ALLOW,No significant risk indicators — consistent with observed behaviour,NO_ACTION,0,1.270837918583964,0,0,0,0,0
TXN_8b5d313250,2026-08-29 16:07:45.967063,M_0012,C_00105,7251.38,0.2284,VERIFY,Risk detected from combined weak signals (no single strong indicator),STEP_UP_REQUIRED,0,1.0626422792897912,0,0,0,0,0
TXN_5152185dc4,2026-08-29 16:15:35.323300,M_0002,C_00728,4615.55,0.0306,ALLOW,No significant risk indicators — consistent with observed behaviour,NO_ACTION,0,0.25718530622417357,0,0,0,0,0
TXN_3744ba6420,2026-08-29 16:25:44.397372,M_0006,C_00547,685.75,0.0316,ALLOW,No significant risk indicators — consistent with observed behaviour,NO_ACTION,0,-0.3388028855617184,0,0,0,0,0
TXN_6ceaf6acdc,2026-08-29 16:26:37.724528,M_0003,C_00282,5672.22,0.1956,VERIFY,Risk detected from combined weak signals (no single strong indicator),STEP_UP_REQUIRED,0,1.2094409088679512,0,0,0,0,0
TXN_4879cd0c21,2026-08-29 16:33:17.379557,M_0008,C_00301,3738.91,0.0122,ALLOW,No significant risk indicators — consistent with observed behaviour,NO_ACTION,0,0.1990235831312171,0,0,0,0,0
TXN_4c3e3639b0,2026-08-29 16:48:35.308576,M_0011,C_00104,5198.1,0.0064,ALLOW,No significant risk indicators — consistent with observed behaviour,NO_ACTION,0,0.03159734170613918,0,0,0,0,0
TXN_c3af023082,2026-08-29 16:51:40.052208,M_0005,C_00452,1024.86,0.0207,ALLOW,No significant risk indicators — consistent with observed behaviour,NO_ACTION,0,-0.3594534999929931,0,0,0,0,0
TXN_2a24d363d6,2026-08-29 16:54:33.656396,M_0002,C_00237,2190.31,0.0151,ALLOW,No significant risk indicators — consistent with observed behaviour,NO_ACTION,0,-0.7700477082409636,0,0,0,0,0
TXN_5c3d9a8f88,2026-08-29 16:56:41.839578,M_0005,C_00222,1210.24,0.0615,ALLOW,No significant risk indicators — consistent with observed behaviour,NO_ACTION,0,-0.14058412191061334,0,0,0,0,0
TXN_cd13887ea4,2026-08-29 16:57:30.360053,M_0014,C_00495,1426.6,0.0109,ALLOW,No significant risk indicators — consistent with observed behaviour,NO_ACTION,0,0.060327076995301834,0,0,0,0,0
TXN_cff9237c60,2026-08-29 17:02:03.130101,M_0009,C_00441,4169.17,0.3702,VERIFY,Transaction country differs from customer profile,STEP_UP_REQUIRED,0,0.11859793711949379,0,0,0,0,1
TXN_59814b0e1b,2026-08-29 17:05:09.682480,M_0004,C_00642,965.56,0.0627,ALLOW,No significant risk indicators — consistent with observed behaviour,NO_ACTION,0,-0.4942099364313047,0,0,0,0,0
TXN_d46aadec3a,2026-08-29 17:10:18.413760,M_0002,C_00752,2486.61,0.0106,ALLOW,No significant risk indicators — consistent with observed behaviour,NO_ACTION,0,-0.6438092300386801,0,0,0,0,0
TXN_ca057b71b1,2026-08-29 17:13:51.794092,M_0005,C_00467,1637.87,0.0634,ALLOW,No significant risk indicators — consistent with observed behaviour,NO_ACTION,0,0.36405292717718424,0,0,0,0,0
TXN_7b35ae04b1,2026-08-29 17:15:56.724866,M_0002,C_00481,5379.95,0.0071,ALLOW,No significant risk indicators — consistent with observed behaviour,NO_ACTION,0,0.5827591838695404,0,0,0,0,0
TXN_c0997cde87,2026-08-29 17:16:59.937408,M_0012,C_00620,4968.77,0.0336,ALLOW,No significant risk indicators — consistent with observed behaviour,NO_ACTION,0,0.21023748409610238,0,0,0,0,0
TXN_95856e72c6,2026-08-29 17:19:40.339063,M_0003,C_00422,3249.03,0.0379,ALLOW,No significant risk indicators — consistent with observed behaviour,NO_ACTION,0,-0.04942373685799632,0,0,0,0,0
TXN_86738ab92d,2026-08-29 17:22:32.315061,M_0003,C_00242,1457.46,0.009,ALLOW,No significant risk indicators — consistent with observed behaviour,NO_ACTION,0,-0.9792514438259674,0,0,0,0,0
TXN_460108bd99,2026-08-29 17:29:00.034890,M_0009,C_00446,3575.08,0.0305,ALLOW,No significant risk indicators — consistent with observed behaviour,NO_ACTION,0,-0.14387173346315313,0,0,0,0,0
TXN_53e7c44f85,2026-08-29 17:33:00.988775,M_0001,C_00567,5839.91,0.0331,ALLOW,No significant risk indicators — consistent with observed behaviour,NO_ACTION,0,0.3406236247507341,0,0,0,0,0
TXN_0690fde2dd,2026-08-29 17:37:01.258802,M_0007,C_00027,3684.13,0.0357,ALLOW,No significant risk indicators — consistent with observed behaviour,NO_ACTION,0,-0.3946056662409597,0,0,0,0,0
TXN_bc94ec1c33,2026-08-29 17:42:04.398834,M_0001,C_00185,4906.77,0.0161,ALLOW,No significant risk indicators — consistent with observed behaviour,NO_ACTION,0,-0.017015369820133363,0,0,0,0,0
TXN_9b85c7696c,2026-08-29 17:42:33.784436,M_0004,C_00219,928.78,0.0541,ALLOW,No significant risk indicators — consistent with observed behaviour,NO_ACTION,0,-0.54892678156197,0,0,0,0,0
TXN_0a533bb0cd,2026-08-29 17:44:21.956195,M_0012,C_00105,5436.9,0.0721,ALLOW,No significant risk indicators — consistent with observed behaviour,NO_ACTION,0,0.3847265418302532,0,0,0,0,0
TXN_7b81d68643,2026-08-29 17:46:06.093557,M_0011,C_00135,7211.2,0.0091,ALLOW,No significant risk indicators — consistent with observed behaviour,NO_ACTION,0,0.8884853485105063,0,0,0,0,0
TXN_146e4ae494,2026-08-29 17:48:53.569812,M_0008,C_00688,3539.52,0.0405,ALLOW,No significant risk indicators — consistent with observed behaviour,NO_ACTION,0,0.08944316413277104,0,0,0,0,0
TXN_8a1476babe,2026-08-29 17:56:43.268383,M_0008,C_00737,4510.55,0.0059,ALLOW,No significant risk indicators — consistent with observed behaviour,NO_ACTION,0,0.6227024902783684,0,0,0,0,0
TXN_5e6898115a,2026-08-29 18:14:47.197852,M_0000,C_00499,4558.56,0.0412,ALLOW,Elevated amount vs merchant history,NO_ACTION,0,2.184753959717555,0,0,0,0,0
TXN_96a79e30dc,2026-08-29 18:21:10.991213,M_0013,C_00493,1648.14,0.2732,VERIFY,Transaction country differs from customer profile,STEP_UP_REQUIRED,1,0.11736616352984325,0,0,0,0,1
TXN_173c7832db,2026-08-29 18:21:55.305790,M_0012,C_00605,3485.93,0.0737,ALLOW,No significant risk indicators — consistent with observed behaviour,NO_ACTION,0,-0.3437200697569419,0,0,0,0,0
TXN_665e832e87,2026-08-29 18:23:15.016353,M_0010,C_00119,785.67,0.0525,ALLOW,No significant risk indicators — consistent with observed behaviour,NO_ACTION,0,0.30181337350736925,0,0,0,0,0
TXN_edd8ddc7ee,2026-08-29 18:26:50.256868,M_0004,C_00092,1078.5,0.083,ALLOW,No significant risk indicators — consistent with observed behaviour,NO_ACTION,1,-0.3238965026729679,0,0,0,0,0
TXN_83af918d12,2026-08-29 18:27:04.500993,M_0004,C_00092,1521.03,0.8652,VERIFY,Recent activity from same IP,STEP_UP_REQUIRED,1,0.3404413111269804,0,1,1,0,0
TXN_9c985b13f5,2026-08-29 18:27:22.987555,M_0004,C_00092,1826.88,0.9096,ESCALATE,Recent activity from same IP,PENDING_MANUAL_REVIEW,1,0.7994414069540551,0,2,2,0,0
TXN_5ede7e7aca,2026-08-29 18:27:48.617243,M_0004,C_00092,828.15,0.9461,ESCALATE,High IP transaction velocity | High customer transaction velocity,PENDING_MANUAL_REVIEW,1,-0.7014827851988034,0,3,3,0,0
TXN_4355d50143,2026-08-29 18:29:56.572821,M_0011,C_00486,4925.21,0.0039,ALLOW,No significant risk indicators — consistent with observed behaviour,NO_ACTION,0,-0.08557602490652334,0,0,0,0,0
TXN_b98a6fee7d,2026-08-29 18:30:56.237625,M_0004,C_00092,755.93,0.9931,ESCALATE,High IP transaction velocity | High customer transaction velocity,PENDING_MANUAL_REVIEW,1,-0.8092834787890533,0,4,4,0,0
TXN_c314b11b3d,2026-08-29 18:32:51.897817,M_0004,C_00092,1145.1,0.9939,ESCALATE,High IP transaction velocity | High customer transaction velocity | Elevated merchant transaction activity,PENDING_MANUAL_REVIEW,1,-0.22353047446420385,0,5,5,0,0
TXN_85bf95e5e0,2026-08-29 18:39:49.464708,M_0011,C_00680,10304.33,0.3953,VERIFY,Elevated amount vs merchant history | Previously unseen device,STEP_UP_REQUIRED,1,2.205703098963688,1,0,0,0,0
TXN_475f03b6ea,2026-08-29 18:40:53.002999,M_0013,C_00369,2459.69,0.0156,ALLOW,No significant risk indicators — consistent with observed behaviour,NO_ACTION,0,0.9840693568577152,0,0,0,0,0
TXN_6806195813,2026-08-29 18:44:21.843190,M_0013,C_00390,1921.28,0.0162,ALLOW,No significant risk indicators — consistent with observed behaviour,NO_ACTION,0,0.4076758413153428,0,0,0,0,0
TXN_511f2a44e3,2026-08-29 18:51:18.872217,M_0012,C_00738,4166.09,0.0202,ALLOW,No significant risk indicators — consistent with observed behaviour,NO_ACTION,0,-0.089477775569656,0,0,0,0,0
TXN_78f190c5ac,2026-08-29 18:59:02.568874,M_0000,C_00322,4221.71,0.1742,VERIFY,Elevated amount vs merchant history,STEP_UP_REQUIRED,0,1.8492205999547204,0,0,0,0,0
TXN_90c8700a50,2026-08-29 19:00:07.517084,M_0009,C_00501,2083.36,0.0135,ALLOW,No significant risk indicators — consistent with observed behaviour,NO_ACTION,0,-0.8030192665094366,0,0,0,0,0
TXN_ebefdb9e67,2026-08-29 19:08:12.704196,M_0005,C_00386,999.4,0.0144,ALLOW,No significant risk indicators — consistent with observed behaviour,NO_ACTION,0,-0.39008816966193294,0,0,0,0,0
TXN_4029744507,2026-08-29 19:11:52.197954,M_0007,C_00170,4363.44,0.0654,ALLOW,No significant risk indicators — consistent with observed behaviour,NO_ACTION,0,-0.10382781359917827,0,0,0,0,0
TXN_f2b622b114,2026-08-29 19:15:32.024011,M_0007,C_00621,5854.56,0.0351,ALLOW,No significant risk indicators — consistent with observed behaviour,NO_ACTION,0,0.5342490715941014,0,0,0,0,0
TXN_b999178993,2026-08-29 19:17:37.993853,M_0006,C_00068,860.75,0.0205,ALLOW,No significant risk indicators — consistent with observed behaviour,NO_ACTION,0,0.15275925198700752,0,0,0,0,0
TXN_2d97bb60c2,2026-08-29 19:22:48.092899,M_0008,C_00265,4115.63,0.0188,ALLOW,No significant risk indicators — consistent with observed behaviour,NO_ACTION,0,0.40510482354682753,0,0,0,0,0
TXN_48ac76017b,2026-08-29 19:25:46.073885,M_0013,C_00304,1947.26,0.0191,ALLOW,Previously unseen device,NO_ACTION,0,0.43511528472464267,1,0,0,0,0
TXN_d58cec5e15,2026-08-29 19:26:22.439454,M_0011,C_00497,4317.62,0.0016,ALLOW,No significant risk indicators — consistent with observed behaviour,NO_ACTION,0,-0.34603453308435833,0,0,0,0,0
TXN_9984d07a2b,2026-08-29 19:28:04.587040,M_0007,C_00318,3522.73,0.0138,ALLOW,No significant risk indicators — consistent with observed behaviour,NO_ACTION,0,-0.46448767420092846,0,0,0,0,0
TXN_dac3d71a30,2026-08-29 19:34:56.820220,M_0014,C_00042,1042.55,0.0187,ALLOW,No significant risk indicators — consistent with observed behaviour,NO_ACTION,0,-0.6353376343419354,0,0,0,0,0
TXN_eb05ad72f5,2026-08-29 19:35:25.423445,M_0005,C_00454,1183.84,0.1752,VERIFY,Risk detected from combined weak signals (no single strong indicator),STEP_UP_REQUIRED,0,-0.1718131880822966,0,0,0,0,0
TXN_de0312b39c,2026-08-29 19:42:33.087692,M_0008,C_00650,4623.9,0.0239,ALLOW,No significant risk indicators — consistent with observed behaviour,NO_ACTION,0,0.6842174659501598,0,0,0,0,0
TXN_38d5b4a83c,2026-08-29 19:43:11.344995,M_0003,C_00220,4584.95,0.0235,ALLOW,No significant risk indicators — consistent with observed behaviour,NO_ACTION,0,0.6453365212603405,0,0,0,0,0
TXN_9a35153bf0,2026-08-29 19:53:20.741850,M_0006,C_00748,861.96,0.0206,ALLOW,No significant risk indicators — consistent with observed behaviour,NO_ACTION,0,0.1560610059567873,0,0,0,0,0
TXN_7daef6edd8,2026-08-29 19:55:48.782506,M_0003,C_00233,4284.96,0.0266,ALLOW,No significant risk indicators — consistent with observed behaviour,NO_ACTION,0,0.4889454944723834,0,0,0,0,0
TXN_d0afc1e9c3,2026-08-29 19:59:25.785898,M_0011,C_00742,3043.53,0.0014,ALLOW,No significant risk indicators — consistent with observed behaviour,NO_ACTION,0,-0.887625434708671,0,0,0,0,0
TXN_c416cece16,2026-08-29 20:13:01.870179,M_0001,C_00758,2801.75,0.0759,ALLOW,No significant risk indicators — consistent with observed behaviour,NO_ACTION,0,-0.8237285444689715,0,0,0,0,0
TXN_ba298b40a0,2026-08-29 20:14:07.488317,M_0012,C_00592,313.02,0.0134,ALLOW,No significant risk indicators — consistent with observed behaviour,NO_ACTION,0,-1.5292166136039274,0,0,0,0,0
TXN_ea3d91c5e7,2026-08-29 20:14:15.261987,M_0002,C_00679,50.0,0.0183,ALLOW,No significant risk indicators — consistent with observed behaviour,NO_ACTION,0,-1.6771087050008107,0,0,0,0,0
TXN_9121c5dc41,2026-08-29 20:15:49.140681,M_0002,C_00430,5460.25,0.0137,ALLOW,No significant risk indicators — consistent with observed behaviour,NO_ACTION,0,0.6176592733163394,0,0,0,0,0
TXN_b8b12b375d,2026-08-29 20:21:23.585286,M_0013,C_00271,937.57,0.0244,ALLOW,No significant risk indicators — consistent with observed behaviour,NO_ACTION,0,-0.6448869313027242,0,0,0,0,0
TXN_2d9712ddce,2026-08-29 20:23:19.747387,M_0012,C_00563,3957.17,0.1812,VERIFY,Previously unseen device,STEP_UP_REQUIRED,0,-0.1654266875673294,1,0,0,0,0
TXN_d018d00390,2026-08-29 20:25:22.834216,M_0003,C_00552,1863.63,0.034,ALLOW,No significant risk indicators — consistent with observed behaviour,NO_ACTION,0,-0.7693771121051028,0,0,0,0,0
TXN_1d8d2c75de,2026-08-29 20:27:12.472094,M_0003,C_00311,4043.93,0.0228,ALLOW,No significant risk indicators — consistent with observed behaviour,NO_ACTION,0,0.36446295097860565,0,0,0,0,0
TXN_2d5837dbcf,2026-08-29 20:31:12.272648,M_0001,C_00030,5904.66,0.1025,ALLOW,No significant risk indicators — consistent with observed behaviour,NO_ACTION,0,0.3670860867516182,0,0,0,0,0
TXN_6f82330afc,2026-08-29 20:50:55.814903,M_0013,C_00141,1367.47,0.0203,ALLOW,No significant risk indicators — consistent with observed behaviour,NO_ACTION,0,-0.1843940908500701,0,0,0,0,0
TXN_d8abc04f66,2026-08-29 20:52:17.833738,M_0008,C_00688,1942.87,0.0382,ALLOW,No significant risk indicators — consistent with observed behaviour,NO_ACTION,0,-0.7910229948174305,0,0,0,0,0
TXN_1dd4368704,2026-08-29 20:54:49.998644,M_0008,C_00665,4205.11,0.0327,ALLOW,No significant risk indicators — consistent with observed behaviour,NO_ACTION,0,0.4544044979776835,0,0,0,0,0
TXN_bf89da0f92,2026-08-29 21:01:06.348023,M_0010,C_00054,881.18,0.0106,ALLOW,No significant risk indicators — consistent with observed behaviour,NO_ACTION,0,0.522307068632763,0,0,0,0,0
TXN_6127486eec,2026-08-29 21:01:33.424661,M_0010,C_00339,348.26,0.0394,ALLOW,No significant risk indicators — consistent with observed behaviour,NO_ACTION,0,-0.7113924921818033,0,0,0,0,0
TXN_63a3fdffc4,2026-08-29 21:10:16.562493,M_0012,C_00423,3128.45,0.0687,ALLOW,No significant risk indicators — consistent with observed behaviour,NO_ACTION,0,-0.47492121385372355,0,0,0,0,0
TXN_eb0a828a46,2026-08-29 21:16:56.358940,M_0000,C_00425,1508.52,0.0118,ALLOW,No significant risk indicators — consistent with observed behaviour,NO_ACTION,0,-0.8018192210350146,0,0,0,0,0
TXN_9135db7ba4,2026-08-29 21:23:07.172721,M_0000,C_00586,2416.62,0.0597,ALLOW,No significant risk indicators — consistent with observed behaviour,NO_ACTION,0,0.08491163691287067,0,0,0,0,0
TXN_83e4796734,2026-08-29 21:23:15.860642,M_0003,C_00542,4219.04,0.0279,ALLOW,No significant risk indicators — consistent with observed behaviour,NO_ACTION,0,0.45523312407467226,0,0,0,0,0
TXN_d164ee01a5,2026-08-29 21:41:54.465096,M_0000,C_00777,2586.42,0.0379,ALLOW,No significant risk indicators — consistent with observed behaviour,NO_ACTION,0,0.250629461397607,0,0,0,0,0
TXN_49ccb15b87,2026-08-29 21:47:49.499952,M_0013,C_00654,2273.77,0.0324,ALLOW,No significant risk indicators — consistent with observed behaviour,NO_ACTION,0,0.7858562544945985,0,0,0,0,0
TXN_df1e0387ab,2026-08-29 22:04:48.690165,M_0009,C_00012,4419.03,0.0965,ALLOW,No significant risk indicators — consistent with observed behaviour,NO_ACTION,0,0.2300578875624592,0,0,0,0,0
TXN_307ebfffcd,2026-08-29 22:09:29.671050,M_0009,C_00093,2176.57,0.0364,ALLOW,No significant risk indicators — consistent with observed behaviour,NO_ACTION,0,-0.7617459825228063,0,0,0,0,0
TXN_d5f1d9ccb7,2026-08-29 22:10:02.028765,M_0000,C_00780,1588.11,0.0266,ALLOW,No significant risk indicators — consistent with observed behaviour,NO_ACTION,0,-0.7245490119508363,0,0,0,0,0
TXN_f3cd0e33ad,2026-08-29 22:13:15.758684,M_0011,C_00593,12263.89,0.9666,ESCALATE,Very high amount vs merchant history | Previously unseen device,PENDING_MANUAL_REVIEW,1,3.0346595453354075,1,0,0,0,0
TXN_63ca94ca63,2026-08-29 22:17:41.799455,M_0002,C_00580,114.72,0.0141,ALLOW,No significant risk indicators — consistent with observed behaviour,NO_ACTION,0,-1.6472630589856452,0,0,0,0,0
TXN_5cb58baf30,2026-08-29 22:19:53.377536,M_0002,C_00326,2188.26,0.0226,ALLOW,No significant risk indicators — consistent with observed behaviour,NO_ACTION,0,-0.76617653084012,0,0,0,0,0
TXN_402e5ec03d,2026-08-29 22:21:08.766593,M_0014,C_00484,3247.88,0.9783,ESCALATE,Very high amount vs merchant history | Previously unseen device,PENDING_MANUAL_REVIEW,1,3.361794600472029,1,0,0,0,0
TXN_a0a94dfb5f,2026-08-29 22:26:17.270090,M_0006,C_00209,533.26,0.0093,ALLOW,No significant risk indicators — consistent with observed behaviour,NO_ACTION,0,-0.7680137331096452,0,0,0,0,0
TXN_589a48135a,2026-08-29 22:31:28.571238,M_0011,C_00593,5412.75,0.0061,ALLOW,No significant risk indicators — consistent with observed behaviour,NO_ACTION,0,0.11699983522659763,0,0,0,0,0
TXN_eae4f85b3f,2026-08-29 22:44:42.413215,M_0006,C_00115,538.46,0.0249,ALLOW,No significant risk indicators — consistent with observed behaviour,NO_ACTION,0,-0.7526336438565084,0,0,0,0,0
TXN_7de028a051,2026-08-29 22:46:21.837141,M_0006,C_00395,553.72,0.0453,ALLOW,No significant risk indicators — consistent with observed behaviour,NO_ACTION,0,-0.7089831460023962,0,0,0,0,0
TXN_bd81b7c691,2026-08-29 22:46:51.955524,M_0011,C_00206,3573.57,0.0075,ALLOW,No significant risk indicators — consistent with observed behaviour,NO_ACTION,0,-0.6621749626433701,0,0,0,0,0
TXN_33c6c66864,2026-08-29 22:51:22.138625,M_0003,C_00799,5106.43,0.0644,ALLOW,No significant risk indicators — consistent with observed behaviour,NO_ACTION,0,0.9165186248096874,0,0,0,0,0
TXN_445034ea25,2026-08-29 22:55:02.577700,M_0014,C_00385,1286.19,0.0211,ALLOW,No significant risk indicators — consistent with observed behaviour,NO_ACTION,0,-0.1969658212623465,0,0,0,0,0
TXN_4c713cc64e,2026-08-29 23:01:13.582073,M_0011,C_00071,3702.93,0.0088,ALLOW,No significant risk indicators — consistent with observed behaviour,NO_ACTION,0,-0.6068343247994188,0,0,0,0,0
TXN_0b845e1f69,2026-08-29 23:05:11.066888,M_0011,C_00013,9464.99,0.0304,ALLOW,Elevated amount vs merchant history,NO_ACTION,0,1.8361388124564562,0,0,0,0,0
TXN_54bdc4f2f9,2026-08-29 23:15:21.333675,M_0007,C_00250,11915.65,0.9518,ESCALATE,Very high amount vs merchant history,PENDING_MANUAL_REVIEW,0,3.1309158291051156,0,0,0,0,0
TXN_9cd75d33e9,2026-08-29 23:15:50.016480,M_0004,C_00360,1867.29,0.0691,ALLOW,No significant risk indicators — consistent with observed behaviour,NO_ACTION,0,0.8626394702104259,0,0,0,0,0
TXN_bbf28f1fe4,2026-08-29 23:16:36.086581,M_0011,C_00137,5937.68,0.0205,ALLOW,No significant risk indicators — consistent with observed behaviour,NO_ACTION,0,0.3384670604544427,0,0,0,0,0
TXN_c3b59e993d,2026-08-29 23:18:23.543211,M_0002,C_00600,5066.91,0.0298,ALLOW,No significant risk indicators — consistent with observed behaviour,NO_ACTION,0,0.4530326758955901,0,0,0,0,0
TXN_f9a7d41bbd,2026-08-29 23:21:11.840735,M_0010,C_00339,651.29,0.032,ALLOW,No significant risk indicators — consistent with observed behaviour,NO_ACTION,0,-0.0088463414065778,0,0,0,0,0
TXN_5c7faaba5c,2026-08-29 23:29:30.140591,M_0012,C_00130,6737.36,0.1143,ALLOW,No significant risk indicators — consistent with observed behaviour,NO_ACTION,0,0.8743515843039331,0,0,0,0,0
TXN_d0be98e48d,2026-08-29 23:31:44.102163,M_0007,C_00474,1517.1,0.0607,ALLOW,No significant risk indicators — consistent with observed behaviour,NO_ACTION,0,-1.319293173540554,0,0,0,0,0
TXN_92a0087551,2026-08-29 23:36:26.134226,M_0014,C_00397,871.08,0.0109,ALLOW,No significant risk indicators — consistent with observed behaviour,NO_ACTION,0,-0.9433389718884959,0,0,0,0,0
TXN_6e01f9b2d4,2026-08-29 23:38:25.966436,M_0002,C_00372,2216.4,0.0483,ALLOW,No significant risk indicators — consistent with observed behaviour,NO_ACTION,0,-0.7544351831996178,0,0,0,0,0
TXN_dff870eb86,2026-08-29 23:39:00.528516,M_0012,C_00111,2641.24,0.0834,ALLOW,No significant risk indicators — consistent with observed behaviour,NO_ACTION,0,-0.6578543885994572,0,0,0,0,0
TXN_6e2a67b1a7,2026-08-29 23:41:20.173339,M_0005,C_00550,2383.35,0.0621,ALLOW,No significant risk indicators — consistent with observed behaviour,NO_ACTION,0,1.2466241972488594,0,0,0,0,0
TXN_b690325966,2026-08-29 23:48:20.424957,M_0003,C_00181,2023.4,0.0123,ALLOW,No significant risk indicators — consistent with observed behaviour,NO_ACTION,0,-0.68872309281179,0,0,0,0,0
TXN_aa283485ba,2026-08-29 23:53:35.553841,M_0011,C_00363,4460.59,0.0053,ALLOW,No significant risk indicators — consistent with observed behaviour,NO_ACTION,0,-0.28736432608581075,0,0,0,0,0
TXN_5bd072835e,2026-08-29 23:57:26.692409,M_0011,C_00590,3407.67,0.0053,ALLOW,No significant risk indicators — consistent with observed behaviour,NO_ACTION,0,-0.733384519469199,0,0,0,0,0
TXN_ab0957df0c,2026-08-29 23:58:31.506122,M_0002,C_00522,2584.26,0.0183,ALLOW,No significant risk indicators — consistent with observed behaviour,NO_ACTION,0,-0.5979172733386363,0,0,0,0,0
TXN_e283002280,2026-08-29 23:59:17.803533,M_0008,C_00525,938.63,0.0217,ALLOW,No significant risk indicators — consistent with observed behaviour,NO_ACTION,0,-1.3439667792764756,0,0,0,0,0
TXN_4e8c46391a,2026-08-30 00:04:03.946741,M_0003,C_00375,1992.78,0.0114,ALLOW,No significant risk indicators — consistent with observed behaviour,NO_ACTION,0,-0.7039734282419606,0,0,0,0,0
TXN_733b946cb1,2026-08-30 00:06:44.676840,M_0011,C_00344,3050.26,0.0029,ALLOW,No significant risk indicators — consistent with observed behaviour,NO_ACTION,0,-0.88426326123092,0,0,0,0,0
TXN_adb9d3d82a,2026-08-30 00:10:01.433616,M_0011,C_00104,5824.28,0.0091,ALLOW,No significant risk indicators — consistent with observed behaviour,NO_ACTION,0,0.2925702141682066,0,0,0,0,0
TXN_e415d485d6,2026-08-30 00:10:29.595120,M_0000,C_00568,1607.14,0.0478,ALLOW,No significant risk indicators — consistent with observed behaviour,NO_ACTION,0,-0.7053885524869858,0,0,0,0,0
TXN_217d45ff39,2026-08-30 00:11:40.349891,M_0004,C_00551,818.57,0.0231,ALLOW,No significant risk indicators — consistent with observed behaviour,NO_ACTION,0,-0.7156848819820446,0,0,0,0,0
TXN_20e05e4475,2026-08-30 00:15:55.906648,M_0005,C_00173,755.0,0.0213,ALLOW,No significant risk indicators — consistent with observed behaviour,NO_ACTION,0,-0.6804488640301205,0,0,0,0,0
TXN_90b91c8bc3,2026-08-30 00:17:36.796236,M_0006,C_00262,737.95,0.0327,ALLOW,No significant risk indicators — consistent with observed behaviour,NO_ACTION,0,-0.190019837722075,0,0,0,0,0
TXN_eaffdeea9b,2026-08-30 00:23:25.816197,M_0000,C_00044,3548.65,0.1973,VERIFY,Risk detected from combined weak signals (no single strong indicator),STEP_UP_REQUIRED,0,1.1923682808559608,0,0,0,0,0
TXN_20c710891c,2026-08-30 00:23:36.485032,M_0009,C_00384,6652.01,0.3347,VERIFY,Risk detected from combined weak signals (no single strong indicator),STEP_UP_REQUIRED,0,1.218486442702278,0,0,0,0,0
TXN_2d1ee67a5a,2026-08-30 00:25:28.440242,M_0000,C_00322,1827.03,0.0226,ALLOW,No significant risk indicators — consistent with observed behaviour,NO_ACTION,0,-0.4910921792603112,0,0,0,0,0
TXN_8393b103c7,2026-08-30 00:25:47.218868,M_0000,C_00354,2887.96,0.0215,ALLOW,No significant risk indicators — consistent with observed behaviour,NO_ACTION,0,0.5461256075678416,0,0,0,0,0
TXN_067e9b851d,2026-08-30 00:27:48.633035,M_0007,C_00391,4285.43,0.1063,ALLOW,No significant risk indicators — consistent with observed behaviour,NO_ACTION,0,-0.13905367770020555,0,0,0,0,0
TXN_3fc8804559,2026-08-30 00:28:30.239245,M_0004,C_00492,786.68,0.0806,ALLOW,No significant risk indicators — consistent with observed behaviour,NO_ACTION,0,-0.7629371367042043,0,0,0,0,0
TXN_6cebe2324a,2026-08-30 00:35:41.463787,M_0005,C_00506,1154.47,0.0318,ALLOW,No significant risk indicators — consistent with observed behaviour,NO_ACTION,0,-0.20731551835959108,0,0,0,0,0
TXN_e1dfb3e958,2026-08-30 00:40:37.073189,M_0009,C_00093,3335.12,0.0881,ALLOW,No significant risk indicators — consistent with observed behaviour,NO_ACTION,0,-0.24987551389411902,0,0,0,0,0
TXN_db8a8c324e,2026-08-30 00:45:16.082862,M_0007,C_00247,50.0,0.0566,ALLOW,No significant risk indicators — consistent with observed behaviour,NO_ACTION,0,-1.9419296202667642,0,0,0,0,0
TXN_136384b4e3,2026-08-30 00:56:41.391163,M_0012,C_00563,3961.13,0.3283,VERIFY,Transaction country differs from customer profile,STEP_UP_REQUIRED,0,-0.16367886327051123,0,0,0,0,1
TXN_0dc971122e,2026-08-30 01:00:34.924194,M_0010,C_00172,437.65,0.0335,ALLOW,No significant risk indicators — consistent with observed behaviour,NO_ACTION,0,-0.5038811079830717,0,0,0,0,0
TXN_d48766966c,2026-08-30 01:01:40.351943,M_0006,C_00465,768.95,0.0499,ALLOW,No significant risk indicators — consistent with observed behaviour,NO_ACTION,0,-0.10263199693415674,0,0,0,0,0
TXN_b582e62510,2026-08-30 01:02:04.924194,M_0010,C_00172,1064.35,0.5031,VERIFY,Recent activity from same IP | Recent failed payment attempts,STEP_UP_REQUIRED,0,0.9500063237417206,0,1,1,1,0
TXN_b73bd6a43a,2026-08-30 01:03:34.924194,M_0010,C_00172,543.02,0.207,VERIFY,Recent activity from same IP | Recent failed payment attempts,STEP_UP_REQUIRED,0,-0.260820329866503,0,2,2,2,0
TXN_9d09c8ce0e,2026-08-30 01:05:04.924194,M_0010,C_00172,892.68,0.0364,ALLOW,High IP transaction velocity | High customer transaction velocity | Recent failed payment attempts,NO_ACTION,0,0.5511140489094364,0,3,3,3,0
TXN_b6d54b14d9,2026-08-30 01:05:21.254516,M_0005,C_00732,1103.45,0.0785,ALLOW,No significant risk indicators — consistent with observed behaviour,NO_ACTION,0,-0.26751211526559515,0,0,0,0,0
TXN_3a235c729e,2026-08-30 01:06:34.924194,M_0010,C_00172,410.12,0.0332,ALLOW,High IP transaction velocity | High customer transaction velocity | Recent failed payment attempts,NO_ACTION,0,-0.5705245765096504,0,4,4,4,0
TXN_82d8cea70e,2026-08-30 01:08:35.961596,M_0007,C_00319,3123.73,0.0608,ALLOW,No significant risk indicators — consistent with observed behaviour,NO_ACTION,0,-0.6293879602808142,0,0,0,0,0
TXN_4fda694936,2026-08-30 01:09:04.924194,M_0010,C_00172,1769.22,0.9928,ESCALATE,Elevated amount vs merchant history | High IP transaction velocity | High customer transaction velocity,PENDING_MANUAL_REVIEW,1,2.589350530792953,0,5,5,5,0
TXN_89465d9f7a,2026-08-30 01:10:00.519522,M_0013,C_00298,927.7,0.0202,ALLOW,No significant risk indicators — consistent with observed behaviour,NO_ACTION,0,-0.6562424977405755,0,0,0,0,0
TXN_413e7f64b6,2026-08-30 01:15:16.316757,M_0006,C_00411,50.0,0.0437,ALLOW,No significant risk indicators — consistent with observed behaviour,NO_ACTION,0,-2.1276715090104132,0,0,0,0,0
TXN_fcff300fa5,2026-08-30 01:18:24.996932,M_0007,C_00764,2509.48,0.0701,ALLOW,No significant risk indicators — consistent with observed behaviour,NO_ACTION,0,-0.88982083858039,0,0,0,0,0
TXN_bfaeab6b6f,2026-08-30 01:20:39.636496,M_0000,C_00511,1898.44,0.0242,ALLOW,No significant risk indicators — consistent with observed behaviour,NO_ACTION,0,-0.4216987717718881,0,0,0,0,0
TXN_1fd37b0a7e,2026-08-30 01:23:56.649647,M_0014,C_00042,1382.31,0.0329,ALLOW,No significant risk indicators — consistent with observed behaviour,NO_ACTION,0,-0.022386572213345377,0,0,0,0,0
TXN_46e636f3cc,2026-08-30 01:24:17.559975,M_0008,C_00623,4738.84,0.043,ALLOW,No significant risk indicators — consistent with observed behaviour,NO_ACTION,0,0.7492520694116598,0,0,0,0,0
TXN_a02622543d,2026-08-30 01:38:25.941997,M_0000,C_00312,3092.01,0.0214,ALLOW,No significant risk indicators — consistent with observed behaviour,NO_ACTION,0,0.7460098806622747,0,0,0,0,0
TXN_afed7cee1d,2026-08-30 01:38:37.700712,M_0001,C_00195,2327.43,0.0127,ALLOW,No significant risk indicators — consistent with observed behaviour,NO_ACTION,0,-1.0057682117493656,0,0,0,0,0
TXN_a3898dc6a2,2026-08-30 01:40:01.014405,M_0012,C_00757,7104.12,0.037,ALLOW,No significant risk indicators — consistent with observed behaviour,NO_ACTION,0,1.0124935805108897,0,0,0,0,0
TXN_c5399ab07b,2026-08-30 01:41:27.571989,M_0011,C_00794,4501.58,0.0051,ALLOW,No significant risk indicators — consistent with observed behaviour,NO_ACTION,0,-0.2686071974132295,0,0,0,0,0
TXN_85bd959151,2026-08-30 01:49:31.275014,M_0009,C_00608,2872.86,0.0586,ALLOW,No significant risk indicators — consistent with observed behaviour,NO_ACTION,0,-0.45425386311704263,0,0,0,0,0
TXN_f9e6819627,2026-08-30 01:50:35.663057,M_0010,C_00793,895.95,0.0389,ALLOW,No significant risk indicators — consistent with observed behaviour,NO_ACTION,0,0.5513208031800536,0,0,0,0,0
TXN_3087e8e481,2026-08-30 01:59:57.467929,M_0010,C_00152,766.26,0.0395,ALLOW,No significant risk indicators — consistent with observed behaviour,NO_ACTION,0,0.25062890005355026,0,0,0,0,0
TXN_10bc952460,2026-08-30 02:00:45.060198,M_0014,C_00240,1723.69,0.0254,ALLOW,No significant risk indicators — consistent with observed behaviour,NO_ACTION,0,0.5921357708521773,0,0,0,0,0
TXN_59a1f5f63a,2026-08-30 02:00:56.867235,M_0011,C_00772,11438.82,0.325,VERIFY,Elevated amount vs merchant history | Previously unseen device,STEP_UP_REQUIRED,1,2.6753701517599313,1,0,0,0,0
TXN_d5ffd3d8a1,2026-08-30 02:01:42.476523,M_0007,C_00459,1772.29,0.0224,ALLOW,No significant risk indicators — consistent with observed behaviour,NO_ACTION,0,-1.2020364795851983,0,0,0,0,0
TXN_cc4787e6db,2026-08-30 02:05:06.571523,M_0004,C_00582,284.34,0.0382,ALLOW,No significant risk indicators — consistent with observed behaviour,NO_ACTION,0,-1.5181251554875206,0,0,0,0,0
TXN_250ecf78cf,2026-08-30 02:06:06.020760,M_0006,C_00613,1293.97,0.0809,ALLOW,No significant risk indicators — consistent with observed behaviour,NO_ACTION,1,1.3759219519125407,0,0,0,0,0
TXN_a0a60a74cc,2026-08-30 02:10:33.329744,M_0002,C_00125,4816.11,0.0403,ALLOW,No significant risk indicators — consistent with observed behaviour,NO_ACTION,0,0.3483094115785768,0,0,0,0,0
TXN_3c9efa4980,2026-08-30 02:17:57.016413,M_0004,C_00677,1134.06,0.0364,ALLOW,No significant risk indicators — consistent with observed behaviour,NO_ACTION,0,-0.23709504574092755,0,0,0,0,0
TXN_043d3f9454,2026-08-30 02:20:58.396034,M_0008,C_00626,4894.14,0.0212,ALLOW,Previously unseen device,NO_ACTION,0,0.8339056746520966,1,0,0,0,0
TXN_518e2732c2,2026-08-30 02:28:43.313209,M_0006,C_00647,524.76,0.0372,ALLOW,No significant risk indicators — consistent with observed behaviour,NO_ACTION,0,-0.7873173763998542,0,0,0,0,0
TXN_7280979ae8,2026-08-30 02:31:05.648523,M_0012,C_00658,2410.53,0.1578,VERIFY,Risk detected from combined weak signals (no single strong indicator),STEP_UP_REQUIRED,0,-0.7450417722558925,0,0,0,0,0
TXN_ae3c498180,2026-08-30 02:38:02.549106,M_0006,C_00645,779.94,0.031,ALLOW,No significant risk indicators — consistent with observed behaviour,NO_ACTION,0,-0.06953750229549649,0,0,0,0,0
TXN_e1d877d432,2026-08-30 02:38:29.204912,M_0009,C_00143,2185.59,0.0195,ALLOW,No significant risk indicators — consistent with observed behaviour,NO_ACTION,0,-0.7581621466336522,0,0,0,0,0
TXN_1507503c3e,2026-08-30 02:39:09.418641,M_0005,C_00732,1909.7,0.0916,ALLOW,No significant risk indicators — consistent with observed behaviour,NO_ACTION,0,0.6874717174257028,0,0,0,0,0
TXN_d4846dc6a1,2026-08-30 02:40:12.754146,M_0002,C_00167,1675.88,0.0253,ALLOW,No significant risk indicators — consistent with observed behaviour,NO_ACTION,0,-0.9832835594733235,0,0,0,0,0
TXN_9f20327901,2026-08-30 02:40:33.273484,M_0002,C_00699,1359.64,0.0254,ALLOW,No significant risk indicators — consistent with observed behaviour,NO_ACTION,0,-1.116230921613387,0,0,0,0,0
TXN_05e46d0a36,2026-08-30 02:47:56.398199,M_0005,C_00333,1361.37,0.1003,ALLOW,No significant risk indicators — consistent with observed behaviour,NO_ACTION,0,0.03705092655771854,0,0,0,0,0
TXN_b9db1b50d6,2026-08-30 02:49:15.932626,M_0006,C_00601,1062.09,0.0498,ALLOW,No significant risk indicators — consistent with observed behaviour,NO_ACTION,0,0.7237647331105446,0,0,0,0,0
TXN_cbd8ac5775,2026-08-30 02:51:04.410273,M_0009,C_00559,5356.67,0.0081,ALLOW,No significant risk indicators — consistent with observed behaviour,NO_ACTION,0,0.646345895194672,0,0,0,0,0
TXN_8e852de101,2026-08-30 03:04:49.743961,M_0007,C_00508,5771.44,0.0663,ALLOW,No significant risk indicators — consistent with observed behaviour,NO_ACTION,0,0.4995325338501957,0,0,0,0,0
TXN_5139f2f6b9,2026-08-30 03:12:09.015852,M_0010,C_00659,831.55,0.049,ALLOW,No significant risk indicators — consistent with observed behaviour,NO_ACTION,0,0.40152878904864425,0,0,0,0,0
TXN_8cd19908cc,2026-08-30 03:18:23.618934,M_0011,C_00272,5338.53,0.0035,ALLOW,No significant risk indicators — consistent with observed behaviour,NO_ACTION,0,0.08351295344010617,0,0,0,0,0
TXN_4490210ad3,2026-08-30 03:28:58.679757,M_0008,C_00364,2700.49,0.0499,ALLOW,No significant risk indicators — consistent with observed behaviour,NO_ACTION,0,-0.37448543333508955,0,0,0,0,0
TXN_5a43d4d0d4,2026-08-30 03:31:01.518575,M_0013,C_00641,916.03,0.025,ALLOW,No significant risk indicators — consistent with observed behaviour,NO_ACTION,0,-0.6681046355672553,0,0,0,0,0
TXN_b289759d05,2026-08-30 03:31:19.820428,M_0008,C_00525,4873.58,0.0926,ALLOW,Transaction country differs from customer profile,NO_ACTION,0,0.8226176477948606,0,0,0,0,1
TXN_99d95474fb,2026-08-30 03:33:19.874670,M_0013,C_00505,650.39,0.0139,ALLOW,No significant risk indicators — consistent with observed behaviour,NO_ACTION,0,-0.9520865430611495,0,0,0,0,0
TXN_5500646c34,2026-08-30 03:42:40.697751,M_0008,C_00265,5059.44,0.0278,ALLOW,No significant risk indicators — consistent with observed behaviour,NO_ACTION,0,0.9240528564210838,0,0,0,0,0
TXN_7c69868c62,2026-08-30 03:43:54.598718,M_0004,C_00341,1052.9,0.0521,ALLOW,No significant risk indicators — consistent with observed behaviour,NO_ACTION,0,-0.3590400887247355,0,0,0,0,0
TXN_6f8496f067,2026-08-30 03:44:27.889920,M_0007,C_00729,3879.51,0.0196,ALLOW,No significant risk indicators — consistent with observed behaviour,NO_ACTION,0,-0.3053336405501381,0,0,0,0,0
TXN_42cb4f85c0,2026-08-30 03:45:15.422113,M_0010,C_00619,614.75,0.0725,ALLOW,No significant risk indicators — consistent with observed behaviour,NO_ACTION,0,-0.10128128877036613,0,0,0,0,0
TXN_2bb1baa998,2026-08-30 03:45:37.591682,M_0013,C_00183,1132.65,0.0161,ALLOW,No significant risk indicators — consistent with observed behaviour,NO_ACTION,0,-0.4340751963847132,0,0,0,0,0
TXN_59fc54130b,2026-08-30 03:47:01.038339,M_0002,C_00321,5680.68,0.0083,ALLOW,No significant risk indicators — consistent with observed behaviour,NO_ACTION,0,0.7170011324790361,0,0,0,0,0
TXN_ffc6d18cd1,2026-08-30 03:49:39.287468,M_0011,C_00433,6143.59,0.017,ALLOW,No significant risk indicators — consistent with observed behaviour,NO_ACTION,0,0.42413910540581456,0,0,0,0,0
TXN_d5ce093cb8,2026-08-30 03:50:07.098323,M_0005,C_00438,2032.51,0.0461,ALLOW,No significant risk indicators — consistent with observed behaviour,NO_ACTION,0,0.832757517517953,0,0,0,0,0
TXN_270ced7eab,2026-08-30 04:03:10.671441,M_0007,C_00403,5177.37,0.0213,ALLOW,No significant risk indicators — consistent with observed behaviour,NO_ACTION,0,0.2470957823635215,0,0,0,0,0
TXN_c4bf30b512,2026-08-30 04:17:01.436737,M_0003,C_00424,1024.75,0.0104,ALLOW,No significant risk indicators — consistent with observed behaviour,NO_ACTION,0,-1.2072794205214892,0,0,0,0,0
TXN_cf7d3173b1,2026-08-30 04:19:00.176127,M_0012,C_00468,2061.66,0.0847,ALLOW,No significant risk indicators — consistent with observed behaviour,NO_ACTION,0,-0.8748967067631395,0,0,0,0,0
TXN_d98b0efa0e,2026-08-30 04:21:16.112784,M_0000,C_00499,3145.47,0.0098,ALLOW,No significant risk indicators — consistent with observed behaviour,NO_ACTION,0,0.7977172713479643,0,0,0,0,0
TXN_5c7366c59c,2026-08-30 04:23:43.319551,M_0014,C_00672,1678.69,0.0313,ALLOW,No significant risk indicators — consistent with observed behaviour,NO_ACTION,0,0.5104355711681461,0,0,0,0,0
TXN_c6db2b24c6,2026-08-30 04:26:23.681744,M_0013,C_00527,3275.07,0.3291,VERIFY,Elevated amount vs merchant history | Transaction country differs from customer profile,STEP_UP_REQUIRED,0,1.863319847297511,0,0,0,0,1
TXN_1e13fe6301,2026-08-30 04:32:37.370049,M_0001,C_00128,3003.6,0.0132,ALLOW,No significant risk indicators — consistent with observed behaviour,NO_ACTION,0,-0.7444609793773729,0,0,0,0,0
TXN_d7b49b4fd8,2026-08-30 04:33:02.394542,M_0000,C_00354,1806.08,0.032,ALLOW,No significant risk indicators — consistent with observed behaviour,NO_ACTION,0,-0.5135763751978955,0,0,0,0,0
TXN_f4fbec9482,2026-08-30 04:45:11.906969,M_0008,C_00778,4893.04,0.0086,ALLOW,No significant risk indicators — consistent with observed behaviour,NO_ACTION,0,0.8312039652856501,0,0,0,0,0
TXN_afe3c8f4e2,2026-08-30 04:52:38.960507,M_0007,C_00561,4749.32,0.0145,ALLOW,No significant risk indicators — consistent with observed behaviour,NO_ACTION,0,0.06466501408345343,0,0,0,0,0
TXN_cb70aa7428,2026-08-30 04:52:45.502472,M_0013,C_00183,2961.44,0.0704,ALLOW,Elevated amount vs merchant history,NO_ACTION,0,1.5220008944741834,0,0,0,0,0
TXN_65b4c11dc9,2026-08-30 05:00:26.308246,M_0012,C_00745,5317.59,0.0452,ALLOW,No significant risk indicators — consistent with observed behaviour,NO_ACTION,0,0.34489196108669856,0,0,0,0,0
TXN_1213b26c78,2026-08-30 05:04:19.298840,M_0012,C_00730,5256.13,0.0304,ALLOW,No significant risk indicators — consistent with observed behaviour,NO_ACTION,0,0.3216323136275818,0,0,0,0,0
TXN_2fec4e1c3e,2026-08-30 05:06:43.388719,M_0012,C_00765,3626.59,0.0177,ALLOW,No significant risk indicators — consistent with observed behaviour,NO_ACTION,0,-0.28926617782482006,0,0,0,0,0
TXN_cb03820517,2026-08-30 05:07:10.879112,M_0009,C_00063,3345.69,0.0484,ALLOW,No significant risk indicators — consistent with observed behaviour,NO_ACTION,0,-0.24469549779242328,0,0,0,0,0
TXN_8fb00e54c6,2026-08-30 05:07:25.953006,M_0013,C_00359,1292.36,0.0231,ALLOW,No significant risk indicators — consistent with observed behaviour,NO_ACTION,0,-0.26638461511809114,0,0,0,0,0
TXN_d70153fe46,2026-08-30 05:07:52.803553,M_0000,C_00653,2947.91,0.031,ALLOW,No significant risk indicators — consistent with observed behaviour,NO_ACTION,0,0.6044848964286692,0,0,0,0,0
TXN_7fb2b0df55,2026-08-30 05:08:40.492700,M_0008,C_00045,3884.2,0.0698,ALLOW,No significant risk indicators — consistent with observed behaviour,NO_ACTION,0,0.27433277171899334,0,0,0,0,0
TXN_e59ae8b339,2026-08-30 05:10:22.485165,M_0002,C_00381,4328.53,0.0385,ALLOW,No significant risk indicators — consistent with observed behaviour,NO_ACTION,0,0.1430032792617026,0,0,0,0,0
TXN_b8af6f9452,2026-08-30 05:12:18.747564,M_0010,C_00214,386.16,0.0324,ALLOW,No significant risk indicators — consistent with observed behaviour,NO_ACTION,0,-0.6313667196634273,0,0,0,0,0
TXN_7fbf790b0b,2026-08-30 05:13:40.211827,M_0013,C_00754,462.69,0.0253,ALLOW,No significant risk indicators — consistent with observed behaviour,NO_ACTION,0,-1.1540333490431651,0,0,0,0,0
TXN_48502c889d,2026-08-30 05:18:35.115134,M_0000,C_00346,1858.47,0.0365,ALLOW,No significant risk indicators — consistent with observed behaviour,NO_ACTION,0,-0.4627278689185034,0,0,0,0,0
TXN_f22d2a1fff,2026-08-30 05:27:08.105298,M_0005,C_00438,1667.44,0.0685,ALLOW,No significant risk indicators — consistent with observed behaviour,NO_ACTION,0,0.3986703724731322,0,0,0,0,0
TXN_15d9eb79c7,2026-08-30 05:37:25.296400,M_0007,C_00057,6624.55,0.0229,ALLOW,No significant risk indicators — consistent with observed behaviour,NO_ACTION,0,0.8635679963663688,0,0,0,0,0
TXN_0578fc03d4,2026-08-30 05:39:59.649693,M_0008,C_00767,1341.4,0.0136,ALLOW,No significant risk indicators — consistent with observed behaviour,NO_ACTION,0,-1.1279331211411625,0,0,0,0,0
TXN_e720e1898c,2026-08-30 05:57:42.711258,M_0000,C_00191,50.0,0.0473,ALLOW,No significant risk indicators — consistent with observed behaviour,NO_ACTION,0,-2.2340249509065635,0,0,0,0,0
TXN_55ebec0c7a,2026-08-30 06:07:47.103737,M_0014,C_00216,1630.64,0.0506,ALLOW,No significant risk indicators — consistent with observed behaviour,NO_ACTION,0,0.42331863865930586,0,0,0,0,0
TXN_b89b3dc80a,2026-08-30 06:25:39.555643,M_0009,C_00559,4906.66,0.0282,ALLOW,No significant risk indicators — consistent with observed behaviour,NO_ACTION,0,0.4470553641771087,0,0,0,0,0
TXN_3f3e158848,2026-08-30 06:26:11.541604,M_0012,C_00771,8966.75,0.5011,VERIFY,Elevated amount vs merchant history,STEP_UP_REQUIRED,0,1.713317840741399,0,0,0,0,0
TXN_efb666c8bf,2026-08-30 06:29:32.454249,M_0001,C_00305,6665.1,0.0244,ALLOW,No significant risk indicators — consistent with observed behaviour,NO_ACTION,0,0.6619846270445741,0,0,0,0,0
TXN_746ee40d83,2026-08-30 06:29:48.772818,M_0003,C_00155,4910.61,0.0136,ALLOW,No significant risk indicators — consistent with observed behaviour,NO_ACTION,0,0.8173215796005779,0,0,0,0,0
TXN_310de02755,2026-08-30 06:30:11.642768,M_0012,C_00409,6876.93,0.1358,ALLOW,No significant risk indicators — consistent with observed behaviour,NO_ACTION,0,0.9264707451144274,0,0,0,0,0
TXN_3e2ba91f45,2026-08-30 06:34:05.187858,M_0004,C_00529,434.84,0.658,VERIFY,Transaction country differs from customer profile,STEP_UP_REQUIRED,0,-1.2892394539430039,0,0,0,0,1
TXN_209fe17f1b,2026-08-30 06:35:40.492965,M_0013,C_00089,932.67,0.044,ALLOW,No significant risk indicators — consistent with observed behaviour,NO_ACTION,0,-0.649404022335398,0,0,0,0,0
TXN_d7dbdfdb8f,2026-08-30 06:38:24.868858,M_0005,C_00126,809.93,0.0567,ALLOW,No significant risk indicators — consistent with observed behaviour,NO_ACTION,0,-0.6193474481471012,0,0,0,0,0
TXN_841ae42bcc,2026-08-30 06:39:19.322250,M_0010,C_00214,59.24,0.3852,VERIFY,Transaction country differs from customer profile,STEP_UP_REQUIRED,1,-1.3892008538595615,0,0,0,0,1
TXN_63229fb354,2026-08-30 06:40:16.569159,M_0006,C_00328,555.27,0.0507,ALLOW,No significant risk indicators — consistent with observed behaviour,NO_ACTION,0,-0.7022459630403295,0,0,0,0,0
TXN_0dbf5bc76e,2026-08-30 06:46:00.376273,M_0003,C_00181,1680.53,0.014,ALLOW,No significant risk indicators — consistent with observed behaviour,NO_ACTION,0,-0.8652399707542423,0,0,0,0,0
TXN_fdeb14556f,2026-08-30 06:47:13.185218,M_0010,C_00098,694.82,0.0498,ALLOW,No significant risk indicators — consistent with observed behaviour,NO_ACTION,0,0.08843505276575088,0,0,0,0,0
TXN_c0fbb48234,2026-08-30 06:53:25.876946,M_0003,C_00796,2608.72,0.0189,ALLOW,No significant risk indicators — consistent with observed behaviour,NO_ACTION,0,-0.3809061694658331,0,0,0,0,0
TXN_b0a26d3e10,2026-08-30 07:00:56.785895,M_0005,C_00454,50.0,0.1261,ALLOW,No significant risk indicators — consistent with observed behaviour,NO_ACTION,0,-1.5209503623611833,0,0,0,0,0
TXN_cf58db7a3b,2026-08-30 07:01:10.577372,M_0010,C_00235,914.8,0.0643,ALLOW,No significant risk indicators — consistent with observed behaviour,NO_ACTION,0,0.5988965323201438,0,0,0,0,0
TXN_f18b26d3a3,2026-08-30 07:10:14.381067,M_0009,C_00063,3519.56,0.0948,ALLOW,No significant risk indicators — consistent with observed behaviour,NO_ACTION,0,-0.16806153694551224,0,0,0,0,0
TXN_ff410c7587,2026-08-30 07:12:47.507079,M_0004,C_00691,1819.98,0.0939,ALLOW,No significant risk indicators — consistent with observed behaviour,NO_ACTION,0,0.7974163701369245,0,0,0,0,0
TXN_d6419fc048,2026-08-30 07:16:19.849230,M_0013,C_00315,50.0,0.0153,ALLOW,No significant risk indicators — consistent with observed behaviour,NO_ACTION,0,-1.593498518218812,0,0,0,0,0
TXN_3824e1fc9c,2026-08-30 07:24:19.019000,M_0012,C_00423,6205.58,0.054,ALLOW,No significant risk indicators — consistent with observed behaviour,NO_ACTION,0,0.6739495926742289,0,0,0,0,0
TXN_4fd1fac34f,2026-08-30 07:27:32.967815,M_0010,C_00581,1467.87,0.1736,VERIFY,Elevated amount vs merchant history,STEP_UP_REQUIRED,0,1.8825186656600008,0,0,0,0,0
TXN_a6ad52e6b6,2026-08-30 07:32:22.329712,M_0007,C_00459,1907.75,0.0851,ALLOW,No significant risk indicators — consistent with observed behaviour,NO_ACTION,0,-1.1474959521402461,0,0,0,0,0
TXN_d970e95275,2026-08-30 07:38:49.098723,M_0003,C_00139,4390.31,0.0277,ALLOW,No significant risk indicators — consistent with observed behaviour,NO_ACTION,0,0.5476089500342517,0,0,0,0,0
TXN_a79f1ee38d,2026-08-30 07:41:00.708765,M_0014,C_00019,1850.0,0.0361,ALLOW,No significant risk indicators — consistent with observed behaviour,NO_ACTION,0,0.8184864702299032,0,0,0,0,0
TXN_8f205d14b1,2026-08-30 07:44:29.550114,M_0004,C_00378,1440.52,0.1147,ALLOW,No significant risk indicators — consistent with observed behaviour,NO_ACTION,0,0.2253941096755553,0,0,0,0,0
TXN_c6b76a8ec1,2026-08-30 07:49:22.575798,M_0011,C_00253,6309.38,0.0167,ALLOW,No significant risk indicators — consistent with observed behaviour,NO_ACTION,0,0.4940543978500459,0,0,0,0,0
TXN_9768b33926,2026-08-30 07:55:45.525754,M_0014,C_00789,792.73,0.0389,ALLOW,No significant risk indicators — consistent with observed behaviour,NO_ACTION,0,-1.0897308060868547,0,0,0,0,0
TXN_54a1611d24,2026-08-30 07:59:05.183406,M_0012,C_00156,8364.45,0.1368,ALLOW,No significant risk indicators — consistent with observed behaviour,NO_ACTION,0,1.4822286854850388,0,0,0,0,0
TXN_fc83c748f0,2026-08-30 08:07:16.033832,M_0002,C_00770,597.3,0.0099,ALLOW,No significant risk indicators — consistent with observed behaviour,NO_ACTION,0,-1.4401725703062749,0,0,0,0,0
TXN_5908f043d0,2026-08-30 08:10:48.104755,M_0008,C_00025,3539.16,0.0834,ALLOW,No significant risk indicators — consistent with observed behaviour,NO_ACTION,0,0.08540772316921208,0,0,0,0,0
TXN_f846ad31bd,2026-08-30 08:16:33.049954,M_0000,C_00661,1048.76,0.0607,ALLOW,No significant risk indicators — consistent with observed behaviour,NO_ACTION,0,-1.2508203031338023,0,0,0,0,0
TXN_40d7aff0f6,2026-08-30 08:18:18.175642,M_0004,C_00032,834.04,0.158,VERIFY,Risk detected from combined weak signals (no single strong indicator),STEP_UP_REQUIRED,0,-0.6881983022219843,0,0,0,0,0
TXN_1bad026f8c,2026-08-30 08:19:17.994823,M_0010,C_00098,489.21,0.0484,ALLOW,No significant risk indicators — consistent with observed behaviour,NO_ACTION,0,-0.39293029730449186,0,0,0,0,0
TXN_8bdb84d55d,2026-08-30 08:21:43.936997,M_0009,C_00751,4246.62,0.0869,ALLOW,No significant risk indicators — consistent with observed behaviour,NO_ACTION,0,0.15446409434126576,0,0,0,0,0
TXN_1d51b954a6,2026-08-30 08:23:44.922736,M_0007,C_00779,3830.09,0.1131,ALLOW,No significant risk indicators — consistent with observed behaviour,NO_ACTION,0,-0.3266044581252548,0,0,0,0,0
TXN_ff28beaba2,2026-08-30 08:24:53.340317,M_0000,C_00049,3154.66,0.0743,ALLOW,No significant risk indicators — consistent with observed behaviour,NO_ACTION,0,0.8089907102524657,0,0,0,0,0
TXN_5c294196b5,2026-08-30 08:33:16.865996,M_0001,C_00704,2740.85,0.0459,ALLOW,No significant risk indicators — consistent with observed behaviour,NO_ACTION,0,-0.8459063746924894,0,0,0,0,0
TXN_9292741771,2026-08-30 08:34:04.911535,M_0013,C_00164,1004.95,0.059,ALLOW,No significant risk indicators — consistent with observed behaviour,NO_ACTION,0,-0.5686980562882319,0,0,0,0,0
TXN_8b192f7af9,2026-08-30 08:36:16.371183,M_0008,C_00719,487.7,0.0083,ALLOW,No significant risk indicators — consistent with observed behaviour,NO_ACTION,0,-1.598013398885413,0,0,0,0,0
TXN_553814c31b,2026-08-30 08:36:48.419780,M_0000,C_00577,2292.45,0.105,ALLOW,No significant risk indicators — consistent with observed behaviour,NO_ACTION,0,-0.034510238274575125,0,0,0,0,0
TXN_5ddeeff8f4,2026-08-30 08:39:42.532258,M_0007,C_00483,1794.33,0.0502,ALLOW,No significant risk indicators — consistent with observed behaviour,NO_ACTION,1,-1.1942085812539946,0,0,0,0,0
TXN_41f636d837,2026-08-30 08:39:47.450978,M_0007,C_00213,4438.78,0.0297,ALLOW,No significant risk indicators — consistent with observed behaviour,NO_ACTION,0,-0.06512716264670289,0,0,0,0,0
TXN_4dcf93a91a,2026-08-30 08:40:03.226978,M_0007,C_00483,7634.43,0.9446,ESCALATE,Recent activity from same IP,PENDING_MANUAL_REVIEW,1,1.297811010803371,0,1,1,0,0
TXN_4e22569da4,2026-08-30 08:40:20.678713,M_0007,C_00483,5617.68,0.9565,ESCALATE,Recent activity from same IP,PENDING_MANUAL_REVIEW,1,0.43563755674968424,0,2,2,0,0
TXN_c02f241fa6,2026-08-30 08:40:21.828641,M_0007,C_00483,4213.75,0.9649,ESCALATE,High IP transaction velocity | High customer transaction velocity,PENDING_MANUAL_REVIEW,1,-0.16353916753035772,0,3,3,0,0
TXN_93f0701e1f,2026-08-30 08:40:51.296454,M_0007,C_00483,5737.51,0.9949,ESCALATE,High IP transaction velocity | High customer transaction velocity | Elevated merchant transaction activity,PENDING_MANUAL_REVIEW,1,0.486948335978919,0,4,4,0,0
TXN_b8ce8b89bd,2026-08-30 08:42:01.171583,M_0007,C_00483,4825.69,0.9961,ESCALATE,High IP transaction velocity | High customer transaction velocity | Elevated merchant transaction activity,PENDING_MANUAL_REVIEW,1,0.09712821681651976,0,5,5,0,0
TXN_69b0ac1a21,2026-08-30 08:42:36.031251,M_0007,C_00483,6501.34,0.9955,ESCALATE,High IP transaction velocity | High customer transaction velocity | Elevated merchant transaction activity,PENDING_MANUAL_REVIEW,1,0.8131473174414354,0,6,6,0,0
TXN_9f03894713,2026-08-30 08:42:36.611688,M_0007,C_00483,2356.79,0.9954,ESCALATE,High IP transaction velocity | High customer transaction velocity | Elevated merchant transaction activity,PENDING_MANUAL_REVIEW,1,-0.959407843970648,0,7,7,0,0
TXN_29c47e82d6,2026-08-30 08:43:52.382967,M_0004,C_00582,1202.38,0.1026,ALLOW,No significant risk indicators — consistent with observed behaviour,NO_ACTION,0,-0.13256352717263517,0,0,0,0,0
TXN_a02d3b524c,2026-08-30 08:44:19.597817,M_0007,C_00483,7175.12,0.9964,ESCALATE,High IP transaction velocity | High customer transaction velocity | Elevated merchant transaction activity,PENDING_MANUAL_REVIEW,1,1.1016200204495976,0,8,8,0,0
TXN_53fa01c0b5,2026-08-30 08:44:29.876542,M_0007,C_00483,3268.82,0.9935,ESCALATE,High IP transaction velocity | High customer transaction velocity | Elevated merchant transaction activity,PENDING_MANUAL_REVIEW,1,-0.5697044201494503,0,9,9,0,0
TXN_2cd342eaa3,2026-08-30 08:44:55.727095,M_0009,C_00093,6377.04,0.2607,VERIFY,Risk detected from combined weak signals (no single strong indicator),STEP_UP_REQUIRED,0,1.0996582679039784,0,0,0,0,0
TXN_789fcb86c6,2026-08-30 08:45:02.865773,M_0010,C_00275,701.72,0.1009,ALLOW,No significant risk indicators — consistent with observed behaviour,NO_ACTION,0,0.1002218301032437,0,0,0,0,0
TXN_9ae995309e,2026-08-30 08:56:56.146896,M_0002,C_00388,8330.86,0.2283,VERIFY,Elevated amount vs merchant history,STEP_UP_REQUIRED,0,1.841560221133225,0,0,0,0,0
TXN_1dd9c1b1e1,2026-08-30 09:01:23.642346,M_0002,C_00584,2800.39,0.0464,ALLOW,No significant risk indicators — consistent with observed behaviour,NO_ACTION,0,-0.504892804268986,0,0,0,0,0
TXN_5fc5d2333d,2026-08-30 09:10:23.280513,M_0002,C_00086,5805.08,0.0549,ALLOW,No significant risk indicators — consistent with observed behaviour,NO_ACTION,0,0.7682985530907565,0,0,0,0,0
TXN_7b7735ca3b,2026-08-30 09:12:50.094535,M_0005,C_00448,50.0,0.1165,ALLOW,No significant risk indicators — consistent with observed behaviour,NO_ACTION,0,-1.516922001373605,0,0,0,0,0
TXN_cb53278b84,2026-08-30 09:12:58.882117,M_0012,C_00625,8124.73,0.107,ALLOW,No significant risk indicators — consistent with observed behaviour,NO_ACTION,0,1.3895565317458782,0,0,0,0,0
TXN_388872c8f6,2026-08-30 09:26:14.342927,M_0013,C_00671,1362.92,0.0438,ALLOW,No significant risk indicators — consistent with observed behaviour,NO_ACTION,0,-0.18528158572557837,0,0,0,0,0
TXN_73d0185cc0,2026-08-30 09:26:31.256786,M_0004,C_00678,2059.34,0.3558,VERIFY,Risk detected from combined weak signals (no single strong indicator),STEP_UP_REQUIRED,0,1.159510554634789,0,0,0,0,0
TXN_e46104efee,2026-08-30 09:26:58.681672,M_0012,C_00625,7058.86,0.0547,ALLOW,No significant risk indicators — consistent with observed behaviour,NO_ACTION,0,0.9882118660187282,0,0,0,0,0
TXN_a88640998d,2026-08-30 09:28:28.681672,M_0012,C_00625,6689.75,0.2587,VERIFY,Recent activity from same IP | Recent failed payment attempts,STEP_UP_REQUIRED,0,0.8488905975338886,0,1,1,1,0
TXN_7113419c66,2026-08-30 09:29:58.681672,M_0012,C_00625,2631.15,0.3098,VERIFY,Recent activity from same IP | Recent failed payment attempts,STEP_UP_REQUIRED,0,-0.6709783357208924,0,2,2,2,0
TXN_cd45e1f7c4,2026-08-30 09:30:28.581206,M_0007,C_00459,416.99,0.0376,ALLOW,No significant risk indicators — consistent with observed behaviour,NO_ACTION,0,-1.7886632670098395,0,0,0,0,0
TXN_a61f6e1831,2026-08-30 09:31:28.681672,M_0012,C_00625,7315.09,0.5844,VERIFY,High IP transaction velocity | High customer transaction velocity | Recent failed payment attempts,STEP_UP_REQUIRED,0,1.083222817064951,0,3,3,3,0
TXN_2022191ce2,2026-08-30 09:33:58.681672,M_0012,C_00625,11842.52,0.9975,ESCALATE,Elevated amount vs merchant history | High IP transaction velocity | High customer transaction velocity,PENDING_MANUAL_REVIEW,1,2.77660914451337,0,4,4,4,0
TXN_19ece7c3dd,2026-08-30 09:35:58.888660,M_0009,C_00784,2076.85,0.0712,ALLOW,No significant risk indicators — consistent with observed behaviour,NO_ACTION,0,-0.8094138744411694,0,0,0,0,0
TXN_b58d0eb708,2026-08-30 09:43:30.786994,M_0002,C_00485,3680.21,0.0361,ALLOW,No significant risk indicators — consistent with observed behaviour,NO_ACTION,0,-0.13274600723005497,0,0,0,0,0
TXN_8c1770111a,2026-08-30 09:50:49.158341,M_0005,C_00004,869.01,0.1471,ALLOW,No significant risk indicators — consistent with observed behaviour,NO_ACTION,0,-0.5425126697371472,0,0,0,0,0
TXN_ee3cc7ee9f,2026-08-30 09:50:56.751982,M_0008,C_00525,205.13,0.0293,ALLOW,No significant risk indicators — consistent with observed behaviour,NO_ACTION,0,-1.7498659530026972,0,0,0,0,0
TXN_1b7f30d854,2026-08-30 09:52:00.841913,M_0009,C_00500,4981.71,0.0859,ALLOW,No significant risk indicators — consistent with observed behaviour,NO_ACTION,0,0.480275133300173,0,0,0,0,0
TXN_1028333277,2026-08-30 09:53:35.206244,M_0008,C_00045,11158.37,0.9822,ESCALATE,Very high amount vs merchant history,PENDING_MANUAL_REVIEW,1,4.282582202379053,0,0,0,0,0
TXN_97fb37bde8,2026-08-30 09:55:23.545266,M_0011,C_00024,8099.15,0.0205,ALLOW,No significant risk indicators — consistent with observed behaviour,NO_ACTION,0,1.2517353964240632,0,0,0,0,0
TXN_2b6cd0d0a6,2026-08-30 09:55:34.841534,M_0005,C_00217,1686.2,0.0458,ALLOW,No significant risk indicators — consistent with observed behaviour,NO_ACTION,0,0.4268511472274173,0,0,0,0,0
TXN_8045c9a2a0,2026-08-30 10:06:19.277673,M_0008,C_00301,2492.08,0.029,ALLOW,No significant risk indicators — consistent with observed behaviour,NO_ACTION,0,-0.4866457356477156,0,0,0,0,0
TXN_643d8dabd1,2026-08-30 10:06:20.060203,M_0008,C_00146,3059.89,0.1123,ALLOW,No significant risk indicators — consistent with observed behaviour,NO_ACTION,0,-0.17722483284799753,0,0,0,0,0
TXN_d1ba0b6580,2026-08-30 10:06:40.358699,M_0006,C_00144,1196.06,0.2381,VERIFY,Risk detected from combined weak signals (no single strong indicator),STEP_UP_REQUIRED,0,1.1010570607244097,0,0,0,0,0
TXN_5f5625d9ed,2026-08-30 10:06:58.419539,M_0008,C_00146,1339.73,0.9014,ESCALATE,Recent activity from same IP,PENDING_MANUAL_REVIEW,0,-1.1138572257504114,0,1,1,0,0
TXN_40405453bb,2026-08-30 10:13:05.722456,M_0010,C_00702,535.53,0.1085,ALLOW,No significant risk indicators — consistent with observed behaviour,NO_ACTION,0,-0.28556289175484717,0,0,0,0,0
TXN_e522c962fc,2026-08-30 10:16:00.356423,M_0006,C_00094,468.38,0.054,ALLOW,No significant risk indicators — consistent with observed behaviour,NO_ACTION,0,-0.9472678540734202,0,0,0,0,0
TXN_91e2937775,2026-08-30 10:21:08.610184,M_0000,C_00511,3057.41,0.035,ALLOW,No significant risk indicators — consistent with observed behaviour,NO_ACTION,0,0.7136444279053613,0,0,0,0,0
TXN_ae1cba771e,2026-08-30 10:27:06.373143,M_0008,C_00623,3258.19,0.5978,VERIFY,Transaction country differs from customer profile,STEP_UP_REQUIRED,0,-0.06759129096660213,0,0,0,0,1
TXN_048afcfadf,2026-08-30 10:29:43.736297,M_0009,C_00015,3218.41,0.0986,ALLOW,No significant risk indicators — consistent with observed behaviour,NO_ACTION,0,-0.3027858643514406,0,0,0,0,0
TXN_4ed07a977f,2026-08-30 10:31:19.114463,M_0014,C_00735,1307.65,0.0434,ALLOW,No significant risk indicators — consistent with observed behaviour,NO_ACTION,0,-0.15912166142966516,0,0,0,0,0
TXN_79f48c2640,2026-08-30 10:39:27.613476,M_0002,C_00485,5688.44,0.0187,ALLOW,No significant risk indicators — consistent with observed behaviour,NO_ACTION,0,0.7187309626007548,0,0,0,0,0
TXN_ae9d69d1b3,2026-08-30 10:42:42.052018,M_0004,C_00795,1556.52,0.0955,ALLOW,No significant risk indicators — consistent with observed behaviour,NO_ACTION,0,0.39981193257358294,0,0,0,0,0
TXN_6dc81b8321,2026-08-30 10:43:15.983994,M_0005,C_00727,50.0,0.1566,VERIFY,Risk detected from combined weak signals (no single strong indicator),STEP_UP_REQUIRED,0,-1.5145815902034343,0,0,0,0,0
TXN_8585dcd287,2026-08-30 10:44:02.082867,M_0012,C_00423,8469.42,0.2136,VERIFY,Elevated amount vs merchant history,STEP_UP_REQUIRED,0,1.5043334428322082,0,0,0,0,0
TXN_f3b6bc0dd1,2026-08-30 10:47:16.691603,M_0011,C_00763,12044.27,0.9474,ESCALATE,Elevated amount vs merchant history | Previously unseen device,PENDING_MANUAL_REVIEW,1,2.9203434134947157,1,0,0,0,0
TXN_245090cf27,2026-08-30 10:47:26.639685,M_0008,C_00146,1922.05,0.554,VERIFY,Transaction country differs from customer profile,STEP_UP_REQUIRED,0,-0.7955467018759618,0,0,0,0,1
TXN_41d49e585e,2026-08-30 10:51:11.082663,M_0008,C_00440,546.25,0.0416,ALLOW,No significant risk indicators — consistent with observed behaviour,NO_ACTION,0,-1.5444659555386564,0,0,0,0,0
TXN_fda441f629,2026-08-30 10:52:20.847596,M_0004,C_00028,2440.89,0.5859,VERIFY,Elevated amount vs merchant history,STEP_UP_REQUIRED,0,1.733253186797507,0,0,0,0,0
TXN_25ad9adcdb,2026-08-30 10:54:20.847596,M_0004,C_00028,1979.86,0.9277,ESCALATE,Recent activity from same IP | Recent failed payment attempts,PENDING_MANUAL_REVIEW,0,1.0342981886281457,0,1,1,1,0
TXN_8e620c9d4c,2026-08-30 10:54:40.040628,M_0008,C_00299,2147.43,0.0357,ALLOW,No significant risk indicators — consistent with observed behaviour,NO_ACTION,0,-0.6691314149343837,0,0,0,0,0
TXN_96eab1eeb3,2026-08-30 10:54:41.752379,M_0011,C_00267,3627.9,0.0048,ALLOW,No significant risk indicators — consistent with observed behaviour,NO_ACTION,0,-0.6436674946227998,0,0,0,0,0
TXN_296a988c89,2026-08-30 10:55:39.057710,M_0001,C_00030,2668.41,0.1182,ALLOW,No significant risk indicators — consistent with observed behaviour,NO_ACTION,0,-0.8723869698890383,0,0,0,0,0
TXN_82a8c13ba9,2026-08-30 10:57:12.006362,M_0011,C_00267,4622.3,0.0448,ALLOW,Recent activity from same IP,NO_ACTION,0,-0.22372191228748706,0,1,1,0,0
TXN_fab812e57e,2026-08-30 10:58:59.345642,M_0011,C_00267,2536.55,0.0844,ALLOW,Recent activity from same IP,NO_ACTION,0,-1.1038472603508567,0,2,2,0,0
TXN_0721af4571,2026-08-30 10:59:20.847596,M_0004,C_00028,2512.92,0.9722,ESCALATE,Elevated amount vs merchant history | Recent activity from same IP | Recent failed payment attempts,PENDING_MANUAL_REVIEW,1,1.8357134772932817,0,2,2,2,0
TXN_f4bc54c3ca,2026-08-30 10:59:28.669673,M_0001,C_00340,2372.87,0.0431,ALLOW,No significant risk indicators — consistent with observed behaviour,NO_ACTION,0,-0.9845151234418562,0,0,0,0,0
TXN_635672eec2,2026-08-30 10:59:55.401717,M_0009,C_00401,6194.22,0.0658,ALLOW,No significant risk indicators — consistent with observed behaviour,NO_ACTION,0,1.01901366514813,0,0,0,0,0
TXN_bab9ab3097,2026-08-30 11:04:23.470384,M_0014,C_00735,1223.69,0.0302,ALLOW,No significant risk indicators — consistent with observed behaviour,NO_ACTION,0,-0.310533417007142,0,0,0,0,0
TXN_f76d2dc0a3,2026-08-30 11:18:30.772367,M_0007,C_00639,5472.9,0.0973,ALLOW,No significant risk indicators — consistent with observed behaviour,NO_ACTION,0,0.3752695077986392,0,0,0,0,0
TXN_20eeb21362,2026-08-30 11:19:00.758008,M_0011,C_00127,2776.78,0.0122,ALLOW,No significant risk indicators — consistent with observed behaviour,NO_ACTION,0,-1.0011517375983707,0,0,0,0,0
TXN_f1c393cc01,2026-08-30 11:19:24.801555,M_0011,C_00670,3302.52,0.0065,ALLOW,No significant risk indicators — consistent with observed behaviour,NO_ACTION,0,-0.7782171914309972,0,0,0,0,0
TXN_a6d94642c5,2026-08-30 11:24:43.876788,M_0009,C_00487,4624.35,0.0157,ALLOW,No significant risk indicators — consistent with observed behaviour,NO_ACTION,0,0.3207328404316393,0,0,0,0,0
TXN_89f522447d,2026-08-30 11:25:21.691464,M_0013,C_00754,50.0,0.4829,VERIFY,Transaction country differs from customer profile,STEP_UP_REQUIRED,0,-1.5904613607882363,0,0,0,0,1
TXN_143599f464,2026-08-30 11:26:10.794738,M_0004,C_00370,50.0,0.0641,ALLOW,No significant risk indicators — consistent with observed behaviour,NO_ACTION,0,-1.8731297220632708,0,0,0,0,0
TXN_115f6bbfaf,2026-08-30 11:27:53.845010,M_0013,C_00113,50.0,0.0199,ALLOW,No significant risk indicators — consistent with observed behaviour,NO_ACTION,0,-1.5867171672227927,0,0,0,0,0
TXN_2877206af9,2026-08-30 11:32:15.476404,M_0000,C_00354,703.17,0.018,ALLOW,No significant risk indicators — consistent with observed behaviour,NO_ACTION,0,-1.58994247174698,0,0,0,0,0
TXN_baccb80b3d,2026-08-30 11:33:29.366000,M_0003,C_00244,1925.75,0.0218,ALLOW,No significant risk indicators — consistent with observed behaviour,NO_ACTION,0,-0.7375274285195276,0,0,0,0,0
TXN_383acb7596,2026-08-30 11:35:01.202810,M_0007,C_00218,1193.66,0.0813,ALLOW,No significant risk indicators — consistent with observed behaviour,NO_ACTION,0,-1.4531908053916658,0,0,0,0,0
TXN_ea813b4d4d,2026-08-30 11:43:33.009006,M_0013,C_00141,1576.6,0.0164,ALLOW,No significant risk indicators — consistent with observed behaviour,NO_ACTION,0,0.047713032966437294,0,0,0,0,0
TXN_5c5c695cb8,2026-08-30 11:44:23.015103,M_0013,C_00076,1330.26,0.0341,ALLOW,No significant risk indicators — consistent with observed behaviour,NO_ACTION,0,-0.21563415992739468,0,0,0,0,0
TXN_33aaf7d0d3,2026-08-30 11:49:46.062851,M_0012,C_00111,6915.66,0.0358,ALLOW,No significant risk indicators — consistent with observed behaviour,NO_ACTION,0,0.9225089528074274,0,0,0,0,0
TXN_5839332155,2026-08-30 11:50:27.116176,M_0011,C_00024,5613.58,0.0135,ALLOW,No significant risk indicators — consistent with observed behaviour,NO_ACTION,0,0.1978898122929379,0,0,0,0,0
TXN_3466dafd2d,2026-08-30 11:56:33.657608,M_0000,C_00312,1353.13,0.0178,ALLOW,No significant risk indicators — consistent with observed behaviour,NO_ACTION,0,-0.9517693046135242,0,0,0,0,0
TXN_eecf69b7bb,2026-08-30 11:56:43.347299,M_0008,C_00099,2422.74,0.0137,ALLOW,No significant risk indicators — consistent with observed behaviour,NO_ACTION,0,-0.5185214773560878,0,0,0,0,0
TXN_60c6f9671e,2026-08-30 12:00:07.771851,M_0000,C_00602,1996.16,0.0247,ALLOW,No significant risk indicators — consistent with observed behaviour,NO_ACTION,0,-0.3222610759264787,0,0,0,0,0
TXN_05be823250,2026-08-30 12:03:20.391063,M_0003,C_00244,7301.1,0.1424,ALLOW,Elevated amount vs merchant history,NO_ACTION,0,2.0660096917845565,0,0,0,0,0
TXN_fe5aeed2b2,2026-08-30 12:03:50.906603,M_0008,C_00421,2050.21,0.0331,ALLOW,No significant risk indicators — consistent with observed behaviour,NO_ACTION,0,-0.7210901625738081,0,0,0,0,0
TXN_1340cba35c,2026-08-30 12:05:18.587122,M_0007,C_00170,4299.34,0.0402,ALLOW,No significant risk indicators — consistent with observed behaviour,NO_ACTION,0,-0.12425734837187957,0,0,0,0,0
TXN_10a6f86ef1,2026-08-30 12:14:57.044646,M_0009,C_00628,194.54,0.0063,ALLOW,No significant risk indicators — consistent with observed behaviour,NO_ACTION,0,-1.6477122672134432,0,0,0,0,0
TXN_f3e25e9533,2026-08-30 12:17:36.871182,M_0009,C_00102,2486.27,0.0107,ALLOW,No significant risk indicators — consistent with observed behaviour,NO_ACTION,0,-0.6271828198146709,0,0,0,0,0
TXN_0231c9e4ad,2026-08-30 12:21:39.552505,M_0004,C_00460,1345.31,0.0186,ALLOW,No significant risk indicators — consistent with observed behaviour,NO_ACTION,0,0.07700824420618187,0,0,0,0,0
TXN_cd4902e80b,2026-08-30 12:27:13.515692,M_0001,C_00011,1201.47,0.0099,ALLOW,No significant risk indicators — consistent with observed behaviour,NO_ACTION,0,-1.4328036012264023,0,0,0,0,0
TXN_73963f617e,2026-08-30 12:30:33.421080,M_0008,C_00265,4947.57,0.0271,ALLOW,No significant risk indicators — consistent with observed behaviour,NO_ACTION,0,0.8590826507095667,0,0,0,0,0
TXN_2e5e3c7324,2026-08-30 12:34:34.383162,M_0000,C_00193,3624.05,0.2521,VERIFY,Risk detected from combined weak signals (no single strong indicator),STEP_UP_REQUIRED,0,1.2699743206014387,0,0,0,0,0
TXN_05a48a0d3e,2026-08-30 12:35:47.719273,M_0013,C_00760,2027.3,0.0091,ALLOW,No significant risk indicators — consistent with observed behaviour,NO_ACTION,0,0.5300626532343025,0,0,0,0,0
TXN_4bd7a52097,2026-08-30 12:56:46.231183,M_0011,C_00576,12852.58,0.9403,ESCALATE,Very high amount vs merchant history | Previously unseen device,PENDING_MANUAL_REVIEW,1,3.254739602181526,1,0,0,0,0
TXN_9758e98bda,2026-08-30 12:56:49.599312,M_0014,C_00010,1695.97,0.0081,ALLOW,No significant risk indicators — consistent with observed behaviour,NO_ACTION,0,0.5428128894100848,0,0,0,0,0
TXN_ac4cabe43c,2026-08-30 12:59:35.220212,M_0001,C_00303,6593.38,0.028,ALLOW,No significant risk indicators — consistent with observed behaviour,NO_ACTION,0,0.6409154284280273,0,0,0,0,0
TXN_c775c8e082,2026-08-30 12:59:51.331261,M_0008,C_00278,2346.66,0.018,ALLOW,No significant risk indicators — consistent with observed behaviour,NO_ACTION,0,-0.5600020549451148,0,0,0,0,0
TXN_0cfde3879b,2026-08-30 13:02:01.023428,M_0013,C_00148,2777.75,0.0931,ALLOW,No significant risk indicators — consistent with observed behaviour,NO_ACTION,0,1.3326686844040294,0,0,0,0,0
TXN_59dc1d985f,2026-08-30 13:04:03.906668,M_0003,C_00001,3641.96,0.3311,VERIFY,Transaction country differs from customer profile,STEP_UP_REQUIRED,0,0.15498493038253544,0,0,0,0,1
TXN_7cfbee19bd,2026-08-30 13:04:06.967778,M_0008,C_00364,5473.65,0.1643,VERIFY,Risk detected from combined weak signals (no single strong indicator),STEP_UP_REQUIRED,0,1.1461917467738374,0,0,0,0,0
TXN_140edf1dda,2026-08-30 13:07:01.897128,M_0013,C_00271,192.24,0.0173,ALLOW,No significant risk indicators — consistent with observed behaviour,NO_ACTION,0,-1.4351216654429308,0,0,0,0,0
TXN_f225acd090,2026-08-30 13:10:59.553110,M_0008,C_00132,1634.02,0.3229,VERIFY,Transaction country differs from customer profile,STEP_UP_REQUIRED,0,-0.9495737573402216,0,0,0,0,1
TXN_2fa934911f,2026-08-30 13:14:41.068519,M_0011,C_00038,2119.49,0.006,ALLOW,No significant risk indicators — consistent with observed behaviour,NO_ACTION,0,-1.274688502456463,0,0,0,0,0
TXN_fcc43f9aeb,2026-08-30 13:15:27.841605,M_0007,C_00565,4872.44,0.0211,ALLOW,No significant risk indicators — consistent with observed behaviour,NO_ACTION,0,0.12064724277319902,0,0,0,0,0
TXN_887cff5d30,2026-08-30 13:19:45.002312,M_0008,C_00665,2432.81,0.0351,ALLOW,No significant risk indicators — consistent with observed behaviour,NO_ACTION,0,-0.5127078682438235,0,0,0,0,0
TXN_0110fa32ab,2026-08-30 13:25:05.793071,M_0000,C_00314,1498.86,0.0065,ALLOW,No significant risk indicators — consistent with observed behaviour,NO_ACTION,0,-0.8094679920637621,0,0,0,0,0
TXN_b6a5eb9d9b,2026-08-30 13:29:07.600557,M_0013,C_00671,2184.65,0.0106,ALLOW,No significant risk indicators — consistent with observed behaviour,NO_ACTION,0,0.6972792620610131,0,0,0,0,0
TXN_4176ca716d,2026-08-30 13:36:10.181908,M_0010,C_00098,337.09,0.0233,ALLOW,No significant risk indicators — consistent with observed behaviour,NO_ACTION,0,-0.7462048042446976,0,0,0,0,0
TXN_ae97d8d663,2026-08-30 13:42:22.237786,M_0012,C_00029,3032.64,0.0336,ALLOW,No significant risk indicators — consistent with observed behaviour,NO_ACTION,0,-0.5252171725066817,0,0,0,0,0
TXN_e100a85889,2026-08-30 13:49:50.057690,M_0006,C_00647,478.26,0.0544,ALLOW,No significant risk indicators — consistent with observed behaviour,NO_ACTION,0,-0.9183747444146114,0,0,0,0,0
TXN_2188259ac7,2026-08-30 13:58:42.217429,M_0006,C_00700,883.06,0.0432,ALLOW,No significant risk indicators — consistent with observed behaviour,NO_ACTION,0,0.22147201291099425,0,0,0,0,0
TXN_5ddf62e862,2026-08-30 13:59:18.872935,M_0003,C_00475,5519.41,0.1124,ALLOW,No significant risk indicators — consistent with observed behaviour,NO_ACTION,0,1.1323115393320577,0,0,0,0,0
TXN_2aba4f04a2,2026-08-30 14:03:31.601650,M_0013,C_00428,1790.76,0.0106,ALLOW,No significant risk indicators — consistent with observed behaviour,NO_ACTION,0,0.2754586796112069,0,0,0,0,0
TXN_036e43a848,2026-08-30 14:12:18.195419,M_0002,C_00261,1477.18,0.0128,ALLOW,No significant risk indicators — consistent with observed behaviour,NO_ACTION,0,-1.0677849133424246,0,0,0,0,0
TXN_259f3d1bf2,2026-08-30 14:17:16.135786,M_0011,C_00643,6772.27,0.0019,ALLOW,No significant risk indicators — consistent with observed behaviour,NO_ACTION,0,0.6812234366089567,0,0,0,0,0
TXN_395afcfe04,2026-08-30 14:19:30.279714,M_0003,C_00220,1905.09,0.0211,ALLOW,No significant risk indicators — consistent with observed behaviour,NO_ACTION,0,-0.7507368005677777,0,0,0,0,0
TXN_e1b41864cc,2026-08-30 14:25:39.309118,M_0013,C_00695,1350.03,0.0146,ALLOW,No significant risk indicators — consistent with observed behaviour,NO_ACTION,0,-0.19623987898897124,0,0,0,0,0
TXN_b59b0b7ef8,2026-08-30 14:28:42.371955,M_0009,C_00675,6533.59,0.2631,VERIFY,Risk detected from combined weak signals (no single strong indicator),STEP_UP_REQUIRED,0,1.1705540143239797,0,0,0,0,0
TXN_e73f913a6e,2026-08-30 14:29:08.884544,M_0002,C_00728,2104.86,0.0209,ALLOW,No significant risk indicators — consistent with observed behaviour,NO_ACTION,0,-0.8003021927098612,0,0,0,0,0
TXN_f1155c6b1e,2026-08-30 14:29:43.304084,M_0003,C_00295,4185.14,0.0344,ALLOW,No significant risk indicators — consistent with observed behaviour,NO_ACTION,0,0.4372026783975944,0,0,0,0,0
TXN_78792e6829,2026-08-30 14:33:05.654597,M_0004,C_00551,2318.07,0.089,ALLOW,Elevated amount vs merchant history,NO_ACTION,0,1.5382751074267949,0,0,0,0,0
TXN_9386c48bd2,2026-08-30 14:33:14.280920,M_0011,C_00418,1548.37,0.0496,ALLOW,Transaction country differs from customer profile,NO_ACTION,0,-1.51392340167302,0,0,0,0,1
TXN_50e7bce39b,2026-08-30 14:34:22.215553,M_0005,C_00783,1453.78,0.0636,ALLOW,No significant risk indicators — consistent with observed behaviour,NO_ACTION,0,0.15298261081832154,0,0,0,0,0
TXN_a1157731f5,2026-08-30 14:35:01.727312,M_0012,C_00517,3072.79,0.0172,ALLOW,No significant risk indicators — consistent with observed behaviour,NO_ACTION,0,-0.5098428921584841,0,0,0,0,0
TXN_3d3c7d08fa,2026-08-30 14:36:46.990447,M_0008,C_00707,1860.9,0.0122,ALLOW,No significant risk indicators — consistent with observed behaviour,NO_ACTION,0,-0.8243485850043922,0,0,0,0,0
TXN_31ba599e65,2026-08-30 14:39:50.228496,M_0004,C_00790,580.06,0.0544,ALLOW,No significant risk indicators — consistent with observed behaviour,NO_ACTION,0,-1.073691164211042,0,0,0,0,0
TXN_f676f5ed79,2026-08-30 14:41:17.918317,M_0000,C_00734,1411.24,0.022,ALLOW,No significant risk indicators — consistent with observed behaviour,NO_ACTION,0,-0.8944711663554425,0,0,0,0,0
TXN_37a4c62af6,2026-08-30 14:43:02.955004,M_0008,C_00146,1995.03,0.0255,ALLOW,No significant risk indicators — consistent with observed behaviour,NO_ACTION,0,-0.7502197483647671,0,0,0,0,0
TXN_d0d118e3ee,2026-08-30 14:53:48.807119,M_0002,C_00381,50.0,0.0144,ALLOW,No significant risk indicators — consistent with observed behaviour,NO_ACTION,0,-1.6710670058595,0,0,0,0,0
TXN_bddbe6f7a5,2026-08-30 14:54:09.921038,M_0008,C_00132,2140.61,0.0285,ALLOW,No significant risk indicators — consistent with observed behaviour,NO_ACTION,0,-0.669960778272993,0,0,0,0,0
TXN_fa1002df57,2026-08-30 14:54:37.816337,M_0011,C_00234,6944.65,0.0076,ALLOW,No significant risk indicators — consistent with observed behaviour,NO_ACTION,0,0.7542091766780218,0,0,0,0,0
TXN_51b18ba414,2026-08-30 14:55:02.225480,M_0007,C_00291,5985.65,0.068,ALLOW,No significant risk indicators — consistent with observed behaviour,NO_ACTION,0,0.5964295429092701,0,0,0,0,0
TXN_c159d67348,2026-08-30 14:56:22.570930,M_0009,C_00065,4608.86,0.0095,ALLOW,No significant risk indicators — consistent with observed behaviour,NO_ACTION,0,0.3145728990214454,0,0,0,0,0
TXN_4588f65739,2026-08-30 14:59:20.208617,M_0006,C_00513,1134.32,0.0453,ALLOW,No significant risk indicators — consistent with observed behaviour,NO_ACTION,0,0.9286031136542838,0,0,0,0,0
TXN_8a1fdef2a4,2026-08-30 14:59:39.972525,M_0003,C_00535,5962.27,0.1595,VERIFY,Risk detected from combined weak signals (no single strong indicator),STEP_UP_REQUIRED,0,1.3626557305017264,0,0,0,0,0
TXN_ac82490cac,2026-08-30 15:08:48.548975,M_0004,C_00316,2075.58,0.3177,VERIFY,Risk detected from combined weak signals (no single strong indicator),STEP_UP_REQUIRED,0,1.172220227528739,0,0,0,0,0
TXN_c52e8f9dd9,2026-08-30 15:12:34.688156,M_0009,C_00557,4177.31,0.0213,ALLOW,No significant risk indicators — consistent with observed behaviour,NO_ACTION,0,0.12270412296803647,0,0,0,0,0
TXN_99a664d0a2,2026-08-30 15:21:44.098921,M_0002,C_00519,5750.21,0.0099,ALLOW,No significant risk indicators — consistent with observed behaviour,NO_ACTION,0,0.7477088370951936,0,0,0,0,0
TXN_2152aa13c3,2026-08-30 15:21:45.238788,M_0010,C_00683,262.21,0.0369,ALLOW,No significant risk indicators — consistent with observed behaviour,NO_ACTION,0,-0.9190967110156053,0,0,0,0,0
TXN_96563149e5,2026-08-30 15:24:19.812345,M_0004,C_00492,915.45,0.0505,ALLOW,No significant risk indicators — consistent with observed behaviour,NO_ACTION,0,-0.5702376511817697,0,0,0,0,0
TXN_95d73b8a7d,2026-08-30 15:37:32.758478,M_0011,C_00228,7350.51,0.013,ALLOW,No significant risk indicators — consistent with observed behaviour,NO_ACTION,0,0.9240025440178639,0,0,0,0,0
TXN_4ede0e8404,2026-08-30 15:49:55.448419,M_0004,C_00457,1878.06,0.1101,ALLOW,Previously unseen device,NO_ACTION,0,0.8751765271400747,1,0,0,0,0
TXN_2ac97e3deb,2026-08-30 15:57:13.956112,M_0003,C_00282,3579.72,0.0282,ALLOW,No significant risk indicators — consistent with observed behaviour,NO_ACTION,0,0.11958106410870825,0,0,0,0,0
TXN_8df2389fee,2026-08-30 16:02:36.275239,M_0004,C_00274,1028.83,0.0175,ALLOW,No significant risk indicators — consistent with observed behaviour,NO_ACTION,0,-0.40076037295391004,0,0,0,0,0
TXN_de38e43b85,2026-08-30 16:06:43.404320,M_0010,C_00172,191.27,0.0101,ALLOW,No significant risk indicators — consistent with observed behaviour,NO_ACTION,0,-1.082349288129585,0,0,0,0,0
TXN_a9af1a8bcd,2026-08-30 16:07:42.515005,M_0002,C_00090,3598.89,0.0302,ALLOW,Previously unseen device,NO_ACTION,0,-0.1646892676776049,1,0,0,0,0
TXN_b75f4b93c0,2026-08-30 16:08:19.978702,M_0005,C_00336,1444.12,0.0767,ALLOW,No significant risk indicators — consistent with observed behaviour,NO_ACTION,0,0.14140127309887743,0,0,0,0,0
TXN_63c2db7dcb,2026-08-30 16:31:35.063022,M_0014,C_00171,580.41,0.0151,ALLOW,No significant risk indicators — consistent with observed behaviour,NO_ACTION,0,-1.4739220353880267,0,0,0,0,0
TXN_3c1f5e2a3d,2026-08-30 16:33:19.733456,M_0004,C_00691,1437.47,0.0431,ALLOW,No significant risk indicators — consistent with observed behaviour,NO_ACTION,0,0.213360515568869,0,0,0,0,0
TXN_09d705e907,2026-08-30 16:51:48.445049,M_0005,C_00781,4685.13,0.9496,ESCALATE,Very high amount vs merchant history,PENDING_MANUAL_REVIEW,1,3.9881440118248417,0,0,0,0,0
TXN_d0c20eb82f,2026-08-30 16:56:12.245302,M_0008,C_00737,1172.82,0.0045,ALLOW,No significant risk indicators — consistent with observed behaviour,NO_ACTION,0,-1.1978686623650927,0,0,0,0,0
TXN_d0be4be1f5,2026-08-30 16:59:23.894971,M_0003,C_00313,3343.79,0.0375,ALLOW,No significant risk indicators — consistent with observed behaviour,NO_ACTION,0,-0.003418478062261593,0,0,0,0,0
TXN_0c9cb6a71f,2026-08-30 17:05:15.672889,M_0001,C_00030,5524.37,0.0649,ALLOW,No significant risk indicators — consistent with observed behaviour,NO_ACTION,0,0.22951862137804835,0,0,0,0,0
TXN_ee1b71a862,2026-08-30 17:07:32.397088,M_0000,C_00780,3204.09,0.046,ALLOW,No significant risk indicators — consistent with observed behaviour,NO_ACTION,0,0.8596669085046967,0,0,0,0,0
TXN_718c0685c8,2026-08-30 17:09:59.514910,M_0004,C_00677,1895.88,0.0135,ALLOW,No significant risk indicators — consistent with observed behaviour,NO_ACTION,0,0.9022205604677362,0,0,0,0,0
TXN_4219f4c241,2026-08-30 17:15:10.299386,M_0013,C_00203,1683.07,0.0108,ALLOW,No significant risk indicators — consistent with observed behaviour,NO_ACTION,0,0.1604146743512485,0,0,0,0,0
TXN_608d4e051e,2026-08-30 17:16:22.739906,M_0006,C_00488,952.88,0.0165,ALLOW,No significant risk indicators — consistent with observed behaviour,NO_ACTION,0,0.416768141506335,0,0,0,0,0
TXN_18e8b9ac2a,2026-08-30 17:29:34.862897,M_0011,C_00206,7299.43,0.0071,ALLOW,No significant risk indicators — consistent with observed behaviour,NO_ACTION,0,0.9016349289844602,0,0,0,0,0
TXN_9459f526da,2026-08-30 17:31:38.848703,M_0000,C_00049,3194.05,0.0462,ALLOW,No significant risk indicators — consistent with observed behaviour,NO_ACTION,0,0.8490936590391343,0,0,0,0,0
TXN_effa0c34bc,2026-08-30 17:35:48.548692,M_0007,C_00337,2597.27,0.0172,ALLOW,No significant risk indicators — consistent with observed behaviour,NO_ACTION,0,-0.8532329046773561,0,0,0,0,0
TXN_af819eea65,2026-08-30 17:41:57.185921,M_0014,C_00397,872.64,0.0117,ALLOW,No significant risk indicators — consistent with observed behaviour,NO_ACTION,0,-0.942500258640994,0,0,0,0,0
TXN_4e3decdefa,2026-08-30 17:43:19.754357,M_0000,C_00652,2759.9,0.1169,ALLOW,Transaction country differs from customer profile,NO_ACTION,0,0.4236632354858869,0,0,0,0,1
TXN_3575db2e88,2026-08-30 17:46:47.452574,M_0011,C_00456,5845.36,0.008,ALLOW,No significant risk indicators — consistent with observed behaviour,NO_ACTION,0,0.2900635558192339,0,0,0,0,0
TXN_9913401954,2026-08-30 17:48:12.223416,M_0011,C_00145,4359.62,0.0265,ALLOW,Transaction country differs from customer profile,NO_ACTION,0,-0.33440873049155545,0,0,0,0,1
TXN_efe6ac1c09,2026-08-30 17:51:02.002856,M_0009,C_00012,1494.37,0.0177,ALLOW,No significant risk indicators — consistent with observed behaviour,NO_ACTION,0,-1.0697013243347304,0,0,0,0,0
TXN_fb7e1f00ac,2026-08-30 17:51:04.261860,M_0008,C_00626,1171.72,0.0186,ALLOW,No significant risk indicators — consistent with observed behaviour,NO_ACTION,0,-1.1965346650535085,0,0,0,0,0
TXN_775f94ee54,2026-08-30 17:52:46.665840,M_0013,C_00527,2100.85,0.0408,ALLOW,Transaction country differs from customer profile,NO_ACTION,1,0.6078280339151012,0,0,0,0,1
TXN_91f3cbbfee,2026-08-30 18:02:52.974176,M_0013,C_00018,1084.85,0.0112,ALLOW,No significant risk indicators — consistent with observed behaviour,NO_ACTION,0,-0.4815024531836233,0,0,0,0,0
TXN_85624ba268,2026-08-30 18:04:42.635283,M_0000,C_00200,1054.13,0.0168,ALLOW,No significant risk indicators — consistent with observed behaviour,NO_ACTION,0,-1.2458982976319808,0,0,0,0,0
TXN_25ba39d7c1,2026-08-30 18:04:49.603747,M_0005,C_00524,143.42,0.0449,ALLOW,No significant risk indicators — consistent with observed behaviour,NO_ACTION,0,-1.3925518176109517,0,0,0,0,0
TXN_c93a830dc0,2026-08-30 18:06:23.357120,M_0010,C_00749,1179.22,0.0802,ALLOW,No significant risk indicators — consistent with observed behaviour,NO_ACTION,0,1.2156706031735955,0,0,0,0,0
TXN_3f2a6358f8,2026-08-30 18:10:30.567937,M_0011,C_00569,3307.23,0.0034,ALLOW,No significant risk indicators — consistent with observed behaviour,NO_ACTION,0,-0.7766317250153736,0,0,0,0,0
TXN_4b2dbdfbda,2026-08-30 18:14:58.605061,M_0001,C_00435,7090.4,0.0248,ALLOW,No significant risk indicators — consistent with observed behaviour,NO_ACTION,0,0.8312708561210221,0,0,0,0,0
TXN_a604210bbf,2026-08-30 18:20:13.953634,M_0002,C_00666,2698.43,0.0103,ALLOW,No significant risk indicators — consistent with observed behaviour,NO_ACTION,0,-0.5464193505990564,0,0,0,0,0
TXN_0d15a4424f,2026-08-30 18:22:15.945817,M_0004,C_00205,879.68,0.0575,ALLOW,No significant risk indicators — consistent with observed behaviour,NO_ACTION,0,-0.6264129586180412,0,0,0,0,0
TXN_80f1776b16,2026-08-30 18:27:25.174861,M_0009,C_00479,2669.61,0.0223,ALLOW,No significant risk indicators — consistent with observed behaviour,NO_ACTION,0,-0.5462629237278005,0,0,0,0,0
TXN_17ca7fb954,2026-08-30 18:28:55.174861,M_0009,C_00479,4115.61,0.1195,ALLOW,Recent activity from same IP | Recent failed payment attempts,NO_ACTION,0,0.09691267180547532,0,1,1,1,0
TXN_7fdfab8e65,2026-08-30 18:30:25.174861,M_0009,C_00479,3827.75,0.1192,ALLOW,Recent activity from same IP | Recent failed payment attempts,NO_ACTION,0,-0.031169302945171513,0,2,2,2,0
TXN_b2298c06fb,2026-08-30 18:31:55.174861,M_0009,C_00479,4359.78,0.0224,ALLOW,High IP transaction velocity | High customer transaction velocity | Recent failed payment attempts,NO_ACTION,0,0.20559956775825275,0,3,3,3,0
TXN_35b201e4af,2026-08-30 18:34:25.174861,M_0009,C_00479,9532.37,0.9901,ESCALATE,Elevated amount vs merchant history | High IP transaction velocity | High customer transaction velocity,PENDING_MANUAL_REVIEW,1,2.508419629187447,0,4,4,4,0
TXN_9d2774812c,2026-08-30 18:35:16.846242,M_0014,C_00095,1638.19,0.01,ALLOW,No significant risk indicators — consistent with observed behaviour,NO_ACTION,0,0.44134424446678516,0,0,0,0,0
TXN_098b31f917,2026-08-30 18:36:49.649897,M_0013,C_00715,1177.39,0.0189,ALLOW,No significant risk indicators — consistent with observed behaviour,NO_ACTION,0,-0.3818928244118027,0,0,0,0,0
TXN_88361cc92c,2026-08-30 18:41:12.655886,M_0002,C_00634,6072.07,0.0521,ALLOW,No significant risk indicators — consistent with observed behaviour,NO_ACTION,0,0.8851120598092255,0,0,0,0,0
TXN_9be20b95a0,2026-08-30 18:41:23.262570,M_0008,C_00163,4102.19,0.0105,ALLOW,No significant risk indicators — consistent with observed behaviour,NO_ACTION,0,0.4049370375699337,0,0,0,0,0
TXN_c5748110ea,2026-08-30 18:42:33.425658,M_0006,C_00645,868.74,0.0661,ALLOW,No significant risk indicators — consistent with observed behaviour,NO_ACTION,0,0.17948415331396517,0,0,0,0,0
TXN_7fbd039a11,2026-08-30 18:46:09.241774,M_0013,C_00715,907.68,0.6428,VERIFY,Previously unseen device | Recent activity from same IP,STEP_UP_REQUIRED,0,-0.6709448996717198,1,1,1,0,0
TXN_55d2fd0994,2026-08-30 18:52:24.014432,M_0012,C_00468,4567.51,0.0306,ALLOW,No significant risk indicators — consistent with observed behaviour,NO_ACTION,0,0.04792946226819291,0,0,0,0,0
TXN_4f2f49caf6,2026-08-30 18:57:35.438648,M_0006,C_00320,1005.4,0.0179,ALLOW,No significant risk indicators — consistent with observed behaviour,NO_ACTION,0,0.5645099743350481,0,0,0,0,0
TXN_af733ea5b7,2026-08-30 19:01:05.952270,M_0000,C_00769,3022.68,0.0065,ALLOW,No significant risk indicators — consistent with observed behaviour,NO_ACTION,0,0.6816386245689082,0,0,0,0,0
TXN_bd18c8c52c,2026-08-30 19:01:14.166720,M_0008,C_00665,1779.01,0.0275,ALLOW,No significant risk indicators — consistent with observed behaviour,NO_ACTION,0,-0.8641440331412712,0,0,0,0,0
TXN_9c6b2861d9,2026-08-30 19:01:48.556865,M_0000,C_00246,2411.33,0.0094,ALLOW,No significant risk indicators — consistent with observed behaviour,NO_ACTION,0,0.08285929350798456,0,0,0,0,0
TXN_70eff30d00,2026-08-30 19:08:16.276460,M_0007,C_00218,3005.79,0.085,ALLOW,No significant risk indicators — consistent with observed behaviour,NO_ACTION,0,-0.6774600424618149,0,0,0,0,0
TXN_4dd9b0f8ec,2026-08-30 19:09:02.089291,M_0000,C_00578,2375.32,0.0312,ALLOW,No significant risk indicators — consistent with observed behaviour,NO_ACTION,0,0.047559839373067944,0,0,0,0,0
TXN_5fc0c32533,2026-08-30 19:14:35.463775,M_0006,C_00147,219.66,0.0253,ALLOW,No significant risk indicators — consistent with observed behaviour,NO_ACTION,0,-1.651254060774388,0,0,0,0,0
TXN_7eeed3b467,2026-08-30 19:15:24.982677,M_0005,C_00438,2303.2,0.1424,ALLOW,No significant risk indicators — consistent with observed behaviour,NO_ACTION,0,1.1426150909642387,0,0,0,0,0
TXN_6a66965143,2026-08-30 19:16:33.218986,M_0014,C_00453,977.77,0.0138,ALLOW,No significant risk indicators — consistent with observed behaviour,NO_ACTION,0,-0.7524238062971519,0,0,0,0,0
TXN_635dc9a7bf,2026-08-30 19:18:23.776425,M_0002,C_00202,5019.68,0.025,ALLOW,No significant risk indicators — consistent with observed behaviour,NO_ACTION,0,0.4377177515767017,0,0,0,0,0
TXN_12934d5cbb,2026-08-30 19:21:31.238166,M_0006,C_00768,1011.89,0.0379,ALLOW,No significant risk indicators — consistent with observed behaviour,NO_ACTION,0,0.5837505693412897,0,0,0,0,0
TXN_59699a1bf1,2026-08-30 19:25:32.453160,M_0002,C_00632,3425.36,0.0183,ALLOW,No significant risk indicators — consistent with observed behaviour,NO_ACTION,0,-0.23930282970050962,0,0,0,0,0
TXN_f06b55cd0a,2026-08-30 19:26:08.567689,M_0003,C_00313,2696.59,0.0267,ALLOW,No significant risk indicators — consistent with observed behaviour,NO_ACTION,0,-0.34082971686368596,0,0,0,0,0
TXN_df463275d1,2026-08-30 19:27:06.632700,M_0010,C_00119,520.73,0.0566,ALLOW,No significant risk indicators — consistent with observed behaviour,NO_ACTION,0,-0.3166898855064476,0,0,0,0,0
TXN_97fa61bddb,2026-08-30 19:28:36.632700,M_0010,C_00119,50.0,0.3229,VERIFY,Recent activity from same IP | Recent failed payment attempts,STEP_UP_REQUIRED,0,-1.410672329026272,0,1,1,1,0
TXN_3a5f128d9b,2026-08-30 19:28:59.125287,M_0008,C_00767,4249.19,0.0152,ALLOW,No significant risk indicators — consistent with observed behaviour,NO_ACTION,0,0.4861314189340935,0,0,0,0,0
TXN_a7ad7a6604,2026-08-30 19:30:06.632700,M_0010,C_00119,647.52,0.1845,VERIFY,Recent activity from same IP | Recent failed payment attempts,STEP_UP_REQUIRED,0,-0.018907342506424344,0,2,2,2,0
TXN_ab4e9c0f81,2026-08-30 19:30:48.153180,M_0002,C_00084,3435.11,0.0111,ALLOW,No significant risk indicators — consistent with observed behaviour,NO_ACTION,0,-0.2350170226136603,0,0,0,0,0
TXN_40cbec7b43,2026-08-30 19:31:36.632700,M_0010,C_00119,907.3,0.0372,ALLOW,High IP transaction velocity | High customer transaction velocity | Recent failed payment attempts,NO_ACTION,0,0.5850334974827665,0,3,3,3,0
TXN_f727e1fe04,2026-08-30 19:33:54.345478,M_0003,C_00210,4648.43,0.0257,ALLOW,No significant risk indicators — consistent with observed behaviour,NO_ACTION,0,0.6775975874834381,0,0,0,0,0
TXN_149743d54b,2026-08-30 19:34:06.632700,M_0010,C_00119,1907.4,0.9949,ESCALATE,Elevated amount vs merchant history | High IP transaction velocity | High customer transaction velocity,PENDING_MANUAL_REVIEW,1,2.9107206928737916,0,4,4,4,0
TXN_abf08151d8,2026-08-30 19:37:57.947865,M_0003,C_00210,273.22,0.7092,VERIFY,Recent activity from same IP,STEP_UP_REQUIRED,0,-1.6061977767437807,0,1,1,0,0
TXN_21e76a742e,2026-08-30 19:44:44.780430,M_0005,C_00284,1741.13,0.0159,ALLOW,No significant risk indicators — consistent with observed behaviour,NO_ACTION,0,0.48177340009331154,0,0,0,0,0
TXN_adee310fd2,2026-08-30 19:57:03.874102,M_0001,C_00221,9459.41,0.2506,VERIFY,Elevated amount vs merchant history,STEP_UP_REQUIRED,0,1.7408772129806678,0,0,0,0,0
TXN_022ec4af88,2026-08-30 20:02:12.631940,M_0007,C_00639,3637.38,0.0699,ALLOW,No significant risk indicators — consistent with observed behaviour,NO_ACTION,0,-0.40650730523830525,0,0,0,0,0
TXN_70666a0018,2026-08-30 20:03:36.026140,M_0002,C_00239,3640.85,0.068,ALLOW,No significant risk indicators — consistent with observed behaviour,NO_ACTION,0,-0.14745249086149662,0,0,0,0,0
TXN_2a2433fb02,2026-08-30 20:19:24.071014,M_0000,C_00585,1941.02,0.0548,ALLOW,No significant risk indicators — consistent with observed behaviour,NO_ACTION,0,-0.37790246695563606,0,0,0,0,0
TXN_f6642a1260,2026-08-30 20:31:42.275562,M_0000,C_00251,1738.16,0.0095,ALLOW,No significant risk indicators — consistent with observed behaviour,NO_ACTION,0,-0.5764923962515114,0,0,0,0,0
TXN_a22d0d30c5,2026-08-30 20:33:18.119191,M_0007,C_00483,2558.22,0.1105,ALLOW,No significant risk indicators — consistent with observed behaviour,NO_ACTION,0,-0.8682293190209109,0,0,0,0,0
TXN_99487e1e75,2026-08-30 20:36:12.323308,M_0003,C_00311,5583.82,0.0569,ALLOW,No significant risk indicators — consistent with observed behaviour,NO_ACTION,0,1.1659721682136712,0,0,0,0,0
TXN_0a8d4aac88,2026-08-30 20:46:21.309195,M_0010,C_00252,50.0,0.2621,VERIFY,Risk detected from combined weak signals (no single strong indicator),STEP_UP_REQUIRED,0,-1.405590866533048,0,0,0,0,0
TXN_283e5e9579,2026-08-30 20:47:30.323970,M_0002,C_00481,2782.23,0.3726,VERIFY,Transaction country differs from customer profile,STEP_UP_REQUIRED,1,-0.512413024578923,0,0,0,0,1
TXN_2966e2e290,2026-08-30 20:48:53.086283,M_0010,C_00455,1274.76,0.1126,ALLOW,No significant risk indicators — consistent with observed behaviour,NO_ACTION,0,1.4249208780203093,0,0,0,0,0
TXN_936fc53386,2026-08-30 21:03:11.128347,M_0007,C_00174,5864.4,0.0742,ALLOW,No significant risk indicators — consistent with observed behaviour,NO_ACTION,0,0.5486428813027083,0,0,0,0,0
TXN_03e42e0666,2026-08-30 21:05:23.572455,M_0008,C_00612,3121.55,0.056,ALLOW,No significant risk indicators — consistent with observed behaviour,NO_ACTION,0,-0.13052339292510748,0,0,0,0,0
TXN_8c84d39e31,2026-08-30 21:20:15.092025,M_0006,C_00248,1115.36,0.1337,ALLOW,No significant risk indicators — consistent with observed behaviour,NO_ACTION,0,0.8748101924513736,0,0,0,0,0
TXN_20de658456,2026-08-30 21:26:32.844580,M_0002,C_00079,1441.86,0.0197,ALLOW,No significant risk indicators — consistent with observed behaviour,NO_ACTION,0,-1.0821489551161043,0,0,0,0,0
TXN_1ba46639c8,2026-08-30 21:41:13.330252,M_0002,C_00084,2048.48,0.0095,ALLOW,No significant risk indicators — consistent with observed behaviour,NO_ACTION,0,-0.822817494209798,0,0,0,0,0
TXN_5b07f90887,2026-08-30 21:50:45.919793,M_0012,C_00156,9139.56,0.1369,ALLOW,Elevated amount vs merchant history,NO_ACTION,0,1.7538531454389301,0,0,0,0,0
TXN_d2653e1790,2026-08-30 21:54:16.528630,M_0012,C_00122,840.1,0.0205,ALLOW,No significant risk indicators — consistent with observed behaviour,NO_ACTION,0,-1.3433366311993056,0,0,0,0,0
TXN_67d1da8e83,2026-08-30 21:56:49.279226,M_0007,C_00621,1298.21,0.0431,ALLOW,No significant risk indicators — consistent with observed behaviour,NO_ACTION,0,-1.4081942398396377,0,0,0,0,0
TXN_5ca128697e,2026-08-30 21:57:56.158914,M_0010,C_00119,1568.88,0.4687,VERIFY,Elevated amount vs merchant history,STEP_UP_REQUIRED,0,2.0989972937008834,0,0,0,0,0
TXN_24c61bd8aa,2026-08-30 22:00:29.764160,M_0005,C_00713,466.56,0.0094,ALLOW,No significant risk indicators — consistent with observed behaviour,NO_ACTION,0,-1.0134356939286453,0,0,0,0,0
TXN_aa5701042c,2026-08-30 22:02:22.589665,M_0012,C_00117,2419.65,0.0969,ALLOW,No significant risk indicators — consistent with observed behaviour,NO_ACTION,0,-0.7527071215577218,0,0,0,0,0
TXN_0d134964fa,2026-08-30 22:11:31.919890,M_0013,C_00654,2482.26,0.0378,ALLOW,No significant risk indicators — consistent with observed behaviour,NO_ACTION,0,1.0194826506181256,0,0,0,0,0
TXN_eaadc4bb9a,2026-08-30 22:14:22.075046,M_0014,C_00495,942.42,0.0063,ALLOW,No significant risk indicators — consistent with observed behaviour,NO_ACTION,0,-0.8153746872128905,0,0,0,0,0
TXN_0705ce3678,2026-08-30 22:15:01.056026,M_0007,C_00389,5128.76,0.044,ALLOW,No significant risk indicators — consistent with observed behaviour,NO_ACTION,0,0.23476267379137186,0,0,0,0,0
TXN_0b364a4fe4,2026-08-30 22:18:09.261485,M_0014,C_00672,1298.17,0.0132,ALLOW,No significant risk indicators — consistent with observed behaviour,NO_ACTION,0,-0.17106617606349,0,0,0,0,0
TXN_68ac80b82f,2026-08-30 22:21:37.301883,M_0013,C_00140,2733.12,0.0974,ALLOW,No significant risk indicators — consistent with observed behaviour,NO_ACTION,0,1.2873294332206027,0,0,0,0,0
TXN_dc0bb3777b,2026-08-30 22:22:18.586363,M_0014,C_00766,1674.18,0.016,ALLOW,No significant risk indicators — consistent with observed behaviour,NO_ACTION,0,0.5094553178835763,0,0,0,0,0
TXN_ac957c715f,2026-08-30 22:23:58.361679,M_0002,C_00598,1481.37,0.0118,ALLOW,No significant risk indicators — consistent with observed behaviour,NO_ACTION,0,-1.0632636477928812,0,0,0,0,0
TXN_1f15057c3e,2026-08-30 22:27:50.669988,M_0006,C_00147,1056.84,0.0269,ALLOW,No significant risk indicators — consistent with observed behaviour,NO_ACTION,0,0.7089665491250884,0,0,0,0,0
TXN_02b921a862,2026-08-30 22:31:38.075174,M_0004,C_00464,1933.98,0.017,ALLOW,No significant risk indicators — consistent with observed behaviour,NO_ACTION,0,0.9596221763847234,0,0,0,0,0
TXN_3c420a5391,2026-08-30 22:48:10.940212,M_0008,C_00681,3930.8,0.0733,ALLOW,No significant risk indicators — consistent with observed behaviour,NO_ACTION,0,0.3121081894414635,0,0,0,0,0
TXN_fa3cbb2cc6,2026-08-30 22:56:49.523701,M_0009,C_00399,2364.12,0.0386,ALLOW,No significant risk indicators — consistent with observed behaviour,NO_ACTION,0,-0.683736076300795,0,0,0,0,0
TXN_924347d176,2026-08-30 22:59:03.217128,M_0011,C_00104,3923.97,0.0043,ALLOW,No significant risk indicators — consistent with observed behaviour,NO_ACTION,0,-0.5166376881627106,0,0,0,0,0
TXN_bad0c8ef7d,2026-08-30 22:59:30.516939,M_0009,C_00399,2663.4,0.8417,VERIFY,Recent activity from same IP,STEP_UP_REQUIRED,0,-0.5503006808689851,0,1,1,0,0
TXN_3786d05961,2026-08-30 23:01:44.668383,M_0009,C_00399,1624.8,0.8315,VERIFY,Recent activity from same IP,STEP_UP_REQUIRED,0,-1.011379538786963,0,2,2,0,0
TXN_c2928d7bf6,2026-08-30 23:02:44.200571,M_0009,C_00399,582.34,0.93,ESCALATE,High IP transaction velocity | High customer transaction velocity,PENDING_MANUAL_REVIEW,0,-1.4734897162922458,0,3,3,0,0
TXN_c1d64506d2,2026-08-30 23:03:35.503855,M_0009,C_00143,3660.56,0.0683,ALLOW,No significant risk indicators — consistent with observed behaviour,NO_ACTION,0,-0.1042969458510273,0,0,0,0,0
TXN_292ed48c65,2026-08-30 23:04:23.311706,M_0006,C_00647,50.0,0.1205,ALLOW,No significant risk indicators — consistent with observed behaviour,NO_ACTION,0,-2.1297868418105406,0,0,0,0,0
TXN_e457faad73,2026-08-30 23:04:26.577167,M_0003,C_00181,2272.55,0.0157,ALLOW,No significant risk indicators — consistent with observed behaviour,NO_ACTION,0,-0.5615766194388514,0,0,0,0,0
TXN_3bd03ac02e,2026-08-30 23:06:06.017589,M_0000,C_00189,414.08,0.0154,ALLOW,No significant risk indicators — consistent with observed behaviour,NO_ACTION,0,-1.8741619844012416,0,0,0,0,0
TXN_b5bc902abd,2026-08-30 23:12:04.076261,M_0010,C_00054,910.6,0.0264,ALLOW,No significant risk indicators — consistent with observed behaviour,NO_ACTION,0,0.5754652964746158,0,0,0,0,0
TXN_c4fb12a267,2026-08-30 23:23:50.557286,M_0003,C_00244,5492.98,0.1322,ALLOW,No significant risk indicators — consistent with observed behaviour,NO_ACTION,0,1.118060743638469,0,0,0,0,0
TXN_aca2ff2325,2026-08-30 23:26:06.626828,M_0009,C_00102,5358.9,0.0224,ALLOW,No significant risk indicators — consistent with observed behaviour,NO_ACTION,0,0.6502448042128256,0,0,0,0,0
TXN_641bd8a8cb,2026-08-30 23:30:44.398672,M_0012,C_00563,5371.44,0.0356,ALLOW,No significant risk indicators — consistent with observed behaviour,NO_ACTION,0,0.34776750912369087,0,0,0,0,0
TXN_2ee36fef39,2026-08-30 23:32:54.958273,M_0009,C_00065,5246.88,0.0146,ALLOW,No significant risk indicators — consistent with observed behaviour,NO_ACTION,0,0.5999937182044397,0,0,0,0,0
TXN_fd5f540542,2026-08-30 23:34:12.278694,M_0009,C_00697,86.3,0.0096,ALLOW,No significant risk indicators — consistent with observed behaviour,NO_ACTION,0,-1.6944339612907142,0,0,0,0,0
TXN_48555b29d5,2026-08-30 23:34:54.059169,M_0009,C_00103,506.1,0.0127,ALLOW,No significant risk indicators — consistent with observed behaviour,NO_ACTION,0,-1.5046690615732525,0,0,0,0,0
TXN_d45d476123,2026-08-30 23:38:50.904286,M_0005,C_00327,1212.71,0.0855,ALLOW,No significant risk indicators — consistent with observed behaviour,NO_ACTION,0,-0.13679605773362546,0,0,0,0,0
TXN_3b2871f9fc,2026-08-30 23:57:43.229300,M_0008,C_00507,5199.25,0.0701,ALLOW,No significant risk indicators — consistent with observed behaviour,NO_ACTION,0,1.0059560794587175,0,0,0,0,0
